mode: set
github.com/nexushunter-ai/nexushunter-ai/backend/internal/ai/client.go:33.67,34.18 1 1
github.com/nexushunter-ai/nexushunter-ai/backend/internal/ai/client.go:34.18,36.3 1 0
github.com/nexushunter-ai/nexushunter-ai/backend/internal/ai/client.go:37.2,42.3 1 1
github.com/nexushunter-ai/nexushunter-ai/backend/internal/ai/client.go:165.104,167.16 2 1
github.com/nexushunter-ai/nexushunter-ai/backend/internal/ai/client.go:167.16,169.3 1 0
github.com/nexushunter-ai/nexushunter-ai/backend/internal/ai/client.go:171.2,173.16 3 1
github.com/nexushunter-ai/nexushunter-ai/backend/internal/ai/client.go:173.16,175.3 1 0
github.com/nexushunter-ai/nexushunter-ai/backend/internal/ai/client.go:176.2,179.16 3 1
github.com/nexushunter-ai/nexushunter-ai/backend/internal/ai/client.go:179.16,181.3 1 0
github.com/nexushunter-ai/nexushunter-ai/backend/internal/ai/client.go:182.2,185.16 3 1
github.com/nexushunter-ai/nexushunter-ai/backend/internal/ai/client.go:185.16,187.3 1 0
github.com/nexushunter-ai/nexushunter-ai/backend/internal/ai/client.go:189.2,189.38 1 1
github.com/nexushunter-ai/nexushunter-ai/backend/internal/ai/client.go:189.38,191.3 1 0
github.com/nexushunter-ai/nexushunter-ai/backend/internal/ai/client.go:193.2,194.58 2 1
github.com/nexushunter-ai/nexushunter-ai/backend/internal/ai/client.go:194.58,196.3 1 0
github.com/nexushunter-ai/nexushunter-ai/backend/internal/ai/client.go:198.2,198.21 1 1
github.com/nexushunter-ai/nexushunter-ai/backend/internal/ai/client.go:202.74,205.16 3 1
github.com/nexushunter-ai/nexushunter-ai/backend/internal/ai/client.go:205.16,207.3 1 0
github.com/nexushunter-ai/nexushunter-ai/backend/internal/ai/client.go:209.2,210.16 2 1
github.com/nexushunter-ai/nexushunter-ai/backend/internal/ai/client.go:210.16,212.3 1 0
github.com/nexushunter-ai/nexushunter-ai/backend/internal/ai/client.go:213.2,215.38 2 1
github.com/nexushunter-ai/nexushunter-ai/backend/internal/ai/client.go:215.38,217.3 1 0
github.com/nexushunter-ai/nexushunter-ai/backend/internal/ai/client.go:219.2,220.62 2 1
github.com/nexushunter-ai/nexushunter-ai/backend/internal/ai/client.go:220.62,222.3 1 0
github.com/nexushunter-ai/nexushunter-ai/backend/internal/ai/client.go:223.2,223.16 1 1
github.com/nexushunter-ai/nexushunter-ai/backend/internal/ai/service.go:45.11,46.19 1 1
github.com/nexushunter-ai/nexushunter-ai/backend/internal/ai/service.go:46.19,48.3 1 1
github.com/nexushunter-ai/nexushunter-ai/backend/internal/ai/service.go:49.2,55.3 1 1
github.com/nexushunter-ai/nexushunter-ai/backend/internal/ai/service.go:58.39,62.2 3 1
github.com/nexushunter-ai/nexushunter-ai/backend/internal/ai/service.go:65.134,67.16 2 1
github.com/nexushunter-ai/nexushunter-ai/backend/internal/ai/service.go:67.16,69.3 1 0
github.com/nexushunter-ai/nexushunter-ai/backend/internal/ai/service.go:71.2,82.30 2 1
github.com/nexushunter-ai/nexushunter-ai/backend/internal/ai/service.go:82.30,85.25 3 1
github.com/nexushunter-ai/nexushunter-ai/backend/internal/ai/service.go:85.25,86.34 1 1
github.com/nexushunter-ai/nexushunter-ai/backend/internal/ai/service.go:86.34,88.5 1 1
github.com/nexushunter-ai/nexushunter-ai/backend/internal/ai/service.go:90.3,99.4 1 1
github.com/nexushunter-ai/nexushunter-ai/backend/internal/ai/service.go:103.2,103.43 1 1
github.com/nexushunter-ai/nexushunter-ai/backend/internal/ai/service.go:103.43,105.26 2 1
github.com/nexushunter-ai/nexushunter-ai/backend/internal/ai/service.go:105.26,107.4 1 0
github.com/nexushunter-ai/nexushunter-ai/backend/internal/ai/service.go:108.3,114.5 1 1
github.com/nexushunter-ai/nexushunter-ai/backend/internal/ai/service.go:118.2,118.50 1 1
github.com/nexushunter-ai/nexushunter-ai/backend/internal/ai/service.go:118.50,125.3 1 0
github.com/nexushunter-ai/nexushunter-ai/backend/internal/ai/service.go:128.2,128.32 1 1
github.com/nexushunter-ai/nexushunter-ai/backend/internal/ai/service.go:128.32,134.3 1 0
github.com/nexushunter-ai/nexushunter-ai/backend/internal/ai/service.go:137.2,137.39 1 1
github.com/nexushunter-ai/nexushunter-ai/backend/internal/ai/service.go:137.39,144.3 1 0
github.com/nexushunter-ai/nexushunter-ai/backend/internal/ai/service.go:146.2,146.22 1 1
github.com/nexushunter-ai/nexushunter-ai/backend/internal/ai/service.go:150.144,164.65 4 1
github.com/nexushunter-ai/nexushunter-ai/backend/internal/ai/service.go:164.65,166.3 1 0
github.com/nexushunter-ai/nexushunter-ai/backend/internal/ai/service.go:168.2,168.23 1 1
github.com/nexushunter-ai/nexushunter-ai/backend/internal/ai/service.go:168.23,177.3 1 1
github.com/nexushunter-ai/nexushunter-ai/backend/internal/ai/service.go:179.2,180.16 2 1
github.com/nexushunter-ai/nexushunter-ai/backend/internal/ai/service.go:180.16,187.3 6 0
github.com/nexushunter-ai/nexushunter-ai/backend/internal/ai/service.go:189.2,197.16 3 1
github.com/nexushunter-ai/nexushunter-ai/backend/internal/ai/service.go:197.16,204.24 6 0
github.com/nexushunter-ai/nexushunter-ai/backend/internal/ai/service.go:204.24,213.4 1 0
github.com/nexushunter-ai/nexushunter-ai/backend/internal/ai/service.go:214.3,214.23 1 0
github.com/nexushunter-ai/nexushunter-ai/backend/internal/ai/service.go:218.2,230.43 11 1
github.com/nexushunter-ai/nexushunter-ai/backend/internal/ai/service.go:230.43,244.35 2 1
github.com/nexushunter-ai/nexushunter-ai/backend/internal/ai/service.go:244.35,246.4 1 1
github.com/nexushunter-ai/nexushunter-ai/backend/internal/ai/service.go:247.3,247.74 1 1
github.com/nexushunter-ai/nexushunter-ai/backend/internal/ai/service.go:247.74,249.4 1 0
github.com/nexushunter-ai/nexushunter-ai/backend/internal/ai/service.go:249.9,249.31 1 1
github.com/nexushunter-ai/nexushunter-ai/backend/internal/ai/service.go:249.31,259.4 1 1
github.com/nexushunter-ai/nexushunter-ai/backend/internal/ai/service.go:263.2,264.38 2 1
github.com/nexushunter-ai/nexushunter-ai/backend/internal/ai/service.go:264.38,284.35 2 1
github.com/nexushunter-ai/nexushunter-ai/backend/internal/ai/service.go:284.35,286.4 1 1
github.com/nexushunter-ai/nexushunter-ai/backend/internal/ai/service.go:287.3,287.35 1 1
github.com/nexushunter-ai/nexushunter-ai/backend/internal/ai/service.go:287.35,289.4 1 1
github.com/nexushunter-ai/nexushunter-ai/backend/internal/ai/service.go:291.3,291.77 1 1
github.com/nexushunter-ai/nexushunter-ai/backend/internal/ai/service.go:291.77,293.4 1 0
github.com/nexushunter-ai/nexushunter-ai/backend/internal/ai/service.go:293.9,295.25 2 1
github.com/nexushunter-ai/nexushunter-ai/backend/internal/ai/service.go:295.25,306.5 1 1
github.com/nexushunter-ai/nexushunter-ai/backend/internal/ai/service.go:310.3,310.46 1 1
github.com/nexushunter-ai/nexushunter-ai/backend/internal/ai/service.go:310.46,320.4 2 1
github.com/nexushunter-ai/nexushunter-ai/backend/internal/ai/service.go:323.2,325.23 2 1
github.com/nexushunter-ai/nexushunter-ai/backend/internal/ai/service.go:325.23,336.3 1 1
github.com/nexushunter-ai/nexushunter-ai/backend/internal/ai/service.go:338.2,338.34 1 1
github.com/nexushunter-ai/nexushunter-ai/backend/internal/ai/service.go:342.110,347.16 2 0
github.com/nexushunter-ai/nexushunter-ai/backend/internal/ai/service.go:347.16,349.3 1 0
github.com/nexushunter-ai/nexushunter-ai/backend/internal/ai/service.go:351.2,352.31 2 0
github.com/nexushunter-ai/nexushunter-ai/backend/internal/ai/service.go:352.31,355.17 2 0
github.com/nexushunter-ai/nexushunter-ai/backend/internal/ai/service.go:355.17,357.12 2 0
github.com/nexushunter-ai/nexushunter-ai/backend/internal/ai/service.go:359.3,359.27 1 0
github.com/nexushunter-ai/nexushunter-ai/backend/internal/ai/service.go:362.2,362.18 1 0
github.com/nexushunter-ai/nexushunter-ai/backend/internal/ai/service.go:365.106,367.2 1 0
github.com/nexushunter-ai/nexushunter-ai/backend/internal/ai/service.go:369.113,371.2 1 0
github.com/nexushunter-ai/nexushunter-ai/backend/internal/ai/service.go:373.135,375.2 1 1
github.com/nexushunter-ai/nexushunter-ai/backend/internal/ai/service.go:377.106,379.2 1 0
github.com/nexushunter-ai/nexushunter-ai/backend/internal/ai/service.go:381.154,382.92 1 1
github.com/nexushunter-ai/nexushunter-ai/backend/internal/ai/service.go:382.92,384.3 1 0
github.com/nexushunter-ai/nexushunter-ai/backend/internal/ai/service.go:386.2,387.16 2 1
github.com/nexushunter-ai/nexushunter-ai/backend/internal/ai/service.go:387.16,389.3 1 0
github.com/nexushunter-ai/nexushunter-ai/backend/internal/ai/service.go:391.2,391.23 1 1
github.com/nexushunter-ai/nexushunter-ai/backend/internal/ai/service.go:391.23,401.3 1 1
github.com/nexushunter-ai/nexushunter-ai/backend/internal/ai/service.go:403.2,403.23 1 1
github.com/nexushunter-ai/nexushunter-ai/backend/internal/ai/service.go:406.120,408.2 1 1
github.com/nexushunter-ai/nexushunter-ai/backend/internal/ai/service.go:410.79,412.2 1 0
github.com/nexushunter-ai/nexushunter-ai/backend/internal/cloudintel/cloudintel.go:41.77,48.70 2 1
github.com/nexushunter-ai/nexushunter-ai/backend/internal/cloudintel/cloudintel.go:48.70,49.22 1 0
github.com/nexushunter-ai/nexushunter-ai/backend/internal/cloudintel/cloudintel.go:49.22,51.6 1 0
github.com/nexushunter-ai/nexushunter-ai/backend/internal/cloudintel/cloudintel.go:52.5,52.51 1 0
github.com/nexushunter-ai/nexushunter-ai/backend/internal/cloudintel/cloudintel.go:52.51,54.20 2 0
github.com/nexushunter-ai/nexushunter-ai/backend/internal/cloudintel/cloudintel.go:54.20,56.7 1 0
github.com/nexushunter-ai/nexushunter-ai/backend/internal/cloudintel/cloudintel.go:58.5,58.15 1 0
github.com/nexushunter-ai/nexushunter-ai/backend/internal/cloudintel/cloudintel.go:65.186,66.19 1 1
github.com/nexushunter-ai/nexushunter-ai/backend/internal/cloudintel/cloudintel.go:66.19,68.3 1 0
github.com/nexushunter-ai/nexushunter-ai/backend/internal/cloudintel/cloudintel.go:70.2,73.65 3 1
github.com/nexushunter-ai/nexushunter-ai/backend/internal/cloudintel/cloudintel.go:73.65,75.36 2 1
github.com/nexushunter-ai/nexushunter-ai/backend/internal/cloudintel/cloudintel.go:75.36,77.4 1 0
github.com/nexushunter-ai/nexushunter-ai/backend/internal/cloudintel/cloudintel.go:78.3,81.65 3 1
github.com/nexushunter-ai/nexushunter-ai/backend/internal/cloudintel/cloudintel.go:81.65,83.19 2 1
github.com/nexushunter-ai/nexushunter-ai/backend/internal/cloudintel/cloudintel.go:83.19,85.5 1 0
github.com/nexushunter-ai/nexushunter-ai/backend/internal/cloudintel/cloudintel.go:85.10,87.5 1 1
github.com/nexushunter-ai/nexushunter-ai/backend/internal/cloudintel/cloudintel.go:90.3,104.33 2 1
github.com/nexushunter-ai/nexushunter-ai/backend/internal/cloudintel/cloudintel.go:108.2,108.63 1 1
github.com/nexushunter-ai/nexushunter-ai/backend/internal/cloudintel/cloudintel.go:108.63,109.17 1 1
github.com/nexushunter-ai/nexushunter-ai/backend/internal/cloudintel/cloudintel.go:109.17,111.4 1 1
github.com/nexushunter-ai/nexushunter-ai/backend/internal/cloudintel/cloudintel.go:114.2,114.67 1 1
github.com/nexushunter-ai/nexushunter-ai/backend/internal/cloudintel/cloudintel.go:114.67,115.17 1 1
github.com/nexushunter-ai/nexushunter-ai/backend/internal/cloudintel/cloudintel.go:115.17,117.4 1 1
github.com/nexushunter-ai/nexushunter-ai/backend/internal/cloudintel/cloudintel.go:120.2,120.69 1 1
github.com/nexushunter-ai/nexushunter-ai/backend/internal/cloudintel/cloudintel.go:120.69,121.17 1 1
github.com/nexushunter-ai/nexushunter-ai/backend/internal/cloudintel/cloudintel.go:121.17,123.4 1 1
github.com/nexushunter-ai/nexushunter-ai/backend/internal/cloudintel/cloudintel.go:126.2,126.67 1 1
github.com/nexushunter-ai/nexushunter-ai/backend/internal/cloudintel/cloudintel.go:126.67,127.17 1 1
github.com/nexushunter-ai/nexushunter-ai/backend/internal/cloudintel/cloudintel.go:127.17,129.4 1 1
github.com/nexushunter-ai/nexushunter-ai/backend/internal/cloudintel/cloudintel.go:132.2,132.68 1 1
github.com/nexushunter-ai/nexushunter-ai/backend/internal/cloudintel/cloudintel.go:132.68,133.17 1 1
github.com/nexushunter-ai/nexushunter-ai/backend/internal/cloudintel/cloudintel.go:133.17,135.4 1 1
github.com/nexushunter-ai/nexushunter-ai/backend/internal/cloudintel/cloudintel.go:138.2,138.68 1 1
github.com/nexushunter-ai/nexushunter-ai/backend/internal/cloudintel/cloudintel.go:138.68,139.17 1 0
github.com/nexushunter-ai/nexushunter-ai/backend/internal/cloudintel/cloudintel.go:139.17,141.4 1 0
github.com/nexushunter-ai/nexushunter-ai/backend/internal/cloudintel/cloudintel.go:144.2,144.21 1 1
github.com/nexushunter-ai/nexushunter-ai/backend/internal/cloudintel/cloudintel.go:149.124,151.103 2 1
github.com/nexushunter-ai/nexushunter-ai/backend/internal/cloudintel/cloudintel.go:151.103,153.3 1 1
github.com/nexushunter-ai/nexushunter-ai/backend/internal/cloudintel/cloudintel.go:153.8,154.23 1 0
github.com/nexushunter-ai/nexushunter-ai/backend/internal/cloudintel/cloudintel.go:155.14,156.39 1 0
github.com/nexushunter-ai/nexushunter-ai/backend/internal/cloudintel/cloudintel.go:156.39,158.5 1 0
github.com/nexushunter-ai/nexushunter-ai/backend/internal/cloudintel/cloudintel.go:159.14,160.40 1 0
github.com/nexushunter-ai/nexushunter-ai/backend/internal/cloudintel/cloudintel.go:160.40,162.5 1 0
github.com/nexushunter-ai/nexushunter-ai/backend/internal/cloudintel/cloudintel.go:163.16,164.44 1 0
github.com/nexushunter-ai/nexushunter-ai/backend/internal/cloudintel/cloudintel.go:164.44,166.5 1 0
github.com/nexushunter-ai/nexushunter-ai/backend/internal/cloudintel/cloudintel.go:170.2,170.20 1 1
github.com/nexushunter-ai/nexushunter-ai/backend/internal/cloudintel/cloudintel.go:170.20,173.3 2 0
github.com/nexushunter-ai/nexushunter-ai/backend/internal/cloudintel/cloudintel.go:178.2,178.39 1 1
github.com/nexushunter-ai/nexushunter-ai/backend/internal/cloudintel/cloudintel.go:178.39,181.3 2 1
github.com/nexushunter-ai/nexushunter-ai/backend/internal/cloudintel/cloudintel.go:183.2,184.69 2 0
github.com/nexushunter-ai/nexushunter-ai/backend/internal/cloudintel/cloudintel.go:184.69,186.24 2 0
github.com/nexushunter-ai/nexushunter-ai/backend/internal/cloudintel/cloudintel.go:186.24,190.4 3 0
github.com/nexushunter-ai/nexushunter-ai/backend/internal/cloudintel/cloudintel.go:193.2,194.16 2 0
github.com/nexushunter-ai/nexushunter-ai/backend/internal/cloudintel/cloudintel.go:194.16,196.3 1 0
github.com/nexushunter-ai/nexushunter-ai/backend/internal/cloudintel/cloudintel.go:197.2,200.16 3 0
github.com/nexushunter-ai/nexushunter-ai/backend/internal/cloudintel/cloudintel.go:200.16,203.3 2 0
github.com/nexushunter-ai/nexushunter-ai/backend/internal/cloudintel/cloudintel.go:204.2,208.38 4 0
github.com/nexushunter-ai/nexushunter-ai/backend/internal/cloudintel/cloudintel.go:208.38,211.3 2 0
github.com/nexushunter-ai/nexushunter-ai/backend/internal/cloudintel/cloudintel.go:211.8,211.98 1 0
github.com/nexushunter-ai/nexushunter-ai/backend/internal/cloudintel/cloudintel.go:211.98,214.3 2 0
github.com/nexushunter-ai/nexushunter-ai/backend/internal/cloudintel/cloudintel.go:216.2,216.12 1 0
github.com/nexushunter-ai/nexushunter-ai/backend/internal/api/evidence_handler.go:16.74,17.26 1 0
github.com/nexushunter-ai/nexushunter-ai/backend/internal/api/evidence_handler.go:17.26,20.3 2 0
github.com/nexushunter-ai/nexushunter-ai/backend/internal/api/evidence_handler.go:22.2,23.61 2 0
github.com/nexushunter-ai/nexushunter-ai/backend/internal/api/evidence_handler.go:23.61,26.3 2 0
github.com/nexushunter-ai/nexushunter-ai/backend/internal/api/evidence_handler.go:28.2,28.24 1 0
github.com/nexushunter-ai/nexushunter-ai/backend/internal/api/evidence_handler.go:28.24,31.3 2 0
github.com/nexushunter-ai/nexushunter-ai/backend/internal/api/evidence_handler.go:33.2,33.23 1 0
github.com/nexushunter-ai/nexushunter-ai/backend/internal/api/evidence_handler.go:33.23,36.3 2 0
github.com/nexushunter-ai/nexushunter-ai/backend/internal/api/evidence_handler.go:38.2,38.23 1 0
github.com/nexushunter-ai/nexushunter-ai/backend/internal/api/evidence_handler.go:38.23,41.3 2 0
github.com/nexushunter-ai/nexushunter-ai/backend/internal/api/evidence_handler.go:43.2,43.49 1 0
github.com/nexushunter-ai/nexushunter-ai/backend/internal/api/evidence_handler.go:43.49,46.3 2 0
github.com/nexushunter-ai/nexushunter-ai/backend/internal/api/evidence_handler.go:49.2,55.22 5 0
github.com/nexushunter-ai/nexushunter-ai/backend/internal/api/evidence_handler.go:55.22,58.34 3 0
github.com/nexushunter-ai/nexushunter-ai/backend/internal/api/evidence_handler.go:58.34,61.4 2 0
github.com/nexushunter-ai/nexushunter-ai/backend/internal/api/evidence_handler.go:65.2,65.45 1 0
github.com/nexushunter-ai/nexushunter-ai/backend/internal/api/evidence_handler.go:65.45,67.98 2 0
github.com/nexushunter-ai/nexushunter-ai/backend/internal/api/evidence_handler.go:67.98,70.4 2 0
github.com/nexushunter-ai/nexushunter-ai/backend/internal/api/evidence_handler.go:75.2,75.87 1 0
github.com/nexushunter-ai/nexushunter-ai/backend/internal/api/evidence_handler.go:75.87,77.17 2 0
github.com/nexushunter-ai/nexushunter-ai/backend/internal/api/evidence_handler.go:77.17,80.4 2 0
github.com/nexushunter-ai/nexushunter-ai/backend/internal/api/evidence_handler.go:81.3,82.29 2 0
github.com/nexushunter-ai/nexushunter-ai/backend/internal/api/evidence_handler.go:82.29,85.4 2 0
github.com/nexushunter-ai/nexushunter-ai/backend/internal/api/evidence_handler.go:89.2,90.16 2 0
github.com/nexushunter-ai/nexushunter-ai/backend/internal/api/evidence_handler.go:90.16,93.3 2 0
github.com/nexushunter-ai/nexushunter-ai/backend/internal/api/evidence_handler.go:95.2,98.4 1 0
github.com/nexushunter-ai/nexushunter-ai/backend/internal/api/evidence_handler.go:102.71,103.27 1 0
github.com/nexushunter-ai/nexushunter-ai/backend/internal/api/evidence_handler.go:103.27,106.3 2 0
github.com/nexushunter-ai/nexushunter-ai/backend/internal/api/evidence_handler.go:108.2,109.14 2 0
github.com/nexushunter-ai/nexushunter-ai/backend/internal/api/evidence_handler.go:109.14,112.3 2 0
github.com/nexushunter-ai/nexushunter-ai/backend/internal/api/evidence_handler.go:114.2,115.16 2 0
github.com/nexushunter-ai/nexushunter-ai/backend/internal/api/evidence_handler.go:115.16,118.3 2 0
github.com/nexushunter-ai/nexushunter-ai/backend/internal/api/evidence_handler.go:120.2,122.4 1 0
github.com/nexushunter-ai/nexushunter-ai/backend/internal/api/evidence_handler.go:126.78,127.27 1 0
github.com/nexushunter-ai/nexushunter-ai/backend/internal/api/evidence_handler.go:127.27,130.3 2 0
github.com/nexushunter-ai/nexushunter-ai/backend/internal/api/evidence_handler.go:132.2,134.16 3 0
github.com/nexushunter-ai/nexushunter-ai/backend/internal/api/evidence_handler.go:134.16,137.3 2 0
github.com/nexushunter-ai/nexushunter-ai/backend/internal/api/evidence_handler.go:138.2,138.17 1 0
github.com/nexushunter-ai/nexushunter-ai/backend/internal/api/evidence_handler.go:138.17,140.3 1 0
github.com/nexushunter-ai/nexushunter-ai/backend/internal/api/evidence_handler.go:142.2,146.4 1 0
github.com/nexushunter-ai/nexushunter-ai/backend/internal/api/evidence_handler.go:150.77,151.27 1 0
github.com/nexushunter-ai/nexushunter-ai/backend/internal/api/evidence_handler.go:151.27,154.3 2 0
github.com/nexushunter-ai/nexushunter-ai/backend/internal/api/evidence_handler.go:156.2,158.16 3 0
github.com/nexushunter-ai/nexushunter-ai/backend/internal/api/evidence_handler.go:158.16,161.3 2 0
github.com/nexushunter-ai/nexushunter-ai/backend/internal/api/evidence_handler.go:162.2,162.17 1 0
github.com/nexushunter-ai/nexushunter-ai/backend/internal/api/evidence_handler.go:162.17,164.3 1 0
github.com/nexushunter-ai/nexushunter-ai/backend/internal/api/evidence_handler.go:166.2,170.4 1 0
github.com/nexushunter-ai/nexushunter-ai/backend/internal/api/evidence_handler.go:174.79,175.26 1 0
github.com/nexushunter-ai/nexushunter-ai/backend/internal/api/evidence_handler.go:175.26,178.3 2 0
github.com/nexushunter-ai/nexushunter-ai/backend/internal/api/evidence_handler.go:180.2,181.61 2 0
github.com/nexushunter-ai/nexushunter-ai/backend/internal/api/evidence_handler.go:181.61,184.3 2 0
github.com/nexushunter-ai/nexushunter-ai/backend/internal/api/evidence_handler.go:186.2,186.52 1 0
github.com/nexushunter-ai/nexushunter-ai/backend/internal/api/evidence_handler.go:186.52,189.3 2 0
github.com/nexushunter-ai/nexushunter-ai/backend/internal/api/evidence_handler.go:191.2,192.16 2 0
github.com/nexushunter-ai/nexushunter-ai/backend/internal/api/evidence_handler.go:192.16,193.66 1 0
github.com/nexushunter-ai/nexushunter-ai/backend/internal/api/evidence_handler.go:193.66,196.4 2 0
github.com/nexushunter-ai/nexushunter-ai/backend/internal/api/evidence_handler.go:197.3,197.49 1 0
github.com/nexushunter-ai/nexushunter-ai/backend/internal/api/evidence_handler.go:197.49,200.4 2 0
github.com/nexushunter-ai/nexushunter-ai/backend/internal/api/evidence_handler.go:201.3,202.9 2 0
github.com/nexushunter-ai/nexushunter-ai/backend/internal/api/evidence_handler.go:205.2,207.4 1 0
github.com/nexushunter-ai/nexushunter-ai/backend/internal/api/evidence_handler.go:211.83,212.26 1 0
github.com/nexushunter-ai/nexushunter-ai/backend/internal/api/evidence_handler.go:212.26,215.3 2 0
github.com/nexushunter-ai/nexushunter-ai/backend/internal/api/evidence_handler.go:217.2,218.14 2 0
github.com/nexushunter-ai/nexushunter-ai/backend/internal/api/evidence_handler.go:218.14,221.3 2 0
github.com/nexushunter-ai/nexushunter-ai/backend/internal/api/evidence_handler.go:223.2,224.16 2 0
github.com/nexushunter-ai/nexushunter-ai/backend/internal/api/evidence_handler.go:224.16,225.49 1 0
github.com/nexushunter-ai/nexushunter-ai/backend/internal/api/evidence_handler.go:225.49,228.4 2 0
github.com/nexushunter-ai/nexushunter-ai/backend/internal/api/evidence_handler.go:229.3,230.9 2 0
github.com/nexushunter-ai/nexushunter-ai/backend/internal/api/evidence_handler.go:233.2,233.32 1 0
github.com/nexushunter-ai/nexushunter-ai/backend/internal/api/evidence_handler.go:237.75,238.27 1 0
github.com/nexushunter-ai/nexushunter-ai/backend/internal/api/evidence_handler.go:238.27,241.3 2 0
github.com/nexushunter-ai/nexushunter-ai/backend/internal/api/evidence_handler.go:243.2,245.16 3 0
github.com/nexushunter-ai/nexushunter-ai/backend/internal/api/evidence_handler.go:245.16,248.3 2 0
github.com/nexushunter-ai/nexushunter-ai/backend/internal/api/evidence_handler.go:250.2,252.4 1 0
github.com/nexushunter-ai/nexushunter-ai/backend/internal/api/evidence_handler.go:256.75,257.27 1 0
github.com/nexushunter-ai/nexushunter-ai/backend/internal/api/evidence_handler.go:257.27,260.3 2 0
github.com/nexushunter-ai/nexushunter-ai/backend/internal/api/evidence_handler.go:262.2,264.16 3 0
github.com/nexushunter-ai/nexushunter-ai/backend/internal/api/evidence_handler.go:264.16,267.3 2 0
github.com/nexushunter-ai/nexushunter-ai/backend/internal/api/evidence_handler.go:268.2,268.17 1 0
github.com/nexushunter-ai/nexushunter-ai/backend/internal/api/evidence_handler.go:268.17,270.3 1 0
github.com/nexushunter-ai/nexushunter-ai/backend/internal/api/evidence_handler.go:272.2,276.4 1 0
github.com/nexushunter-ai/nexushunter-ai/backend/internal/api/evidence_handler.go:280.85,281.27 1 0
github.com/nexushunter-ai/nexushunter-ai/backend/internal/api/evidence_handler.go:281.27,284.3 2 0
github.com/nexushunter-ai/nexushunter-ai/backend/internal/api/evidence_handler.go:286.2,287.61 2 0
github.com/nexushunter-ai/nexushunter-ai/backend/internal/api/evidence_handler.go:287.61,290.3 2 0
github.com/nexushunter-ai/nexushunter-ai/backend/internal/api/evidence_handler.go:292.2,292.76 1 0
github.com/nexushunter-ai/nexushunter-ai/backend/internal/api/evidence_handler.go:292.76,295.3 2 0
github.com/nexushunter-ai/nexushunter-ai/backend/internal/api/evidence_handler.go:298.2,298.84 1 0
github.com/nexushunter-ai/nexushunter-ai/backend/internal/api/evidence_handler.go:298.84,301.3 2 0
github.com/nexushunter-ai/nexushunter-ai/backend/internal/api/evidence_handler.go:303.2,303.23 1 0
github.com/nexushunter-ai/nexushunter-ai/backend/internal/api/evidence_handler.go:303.23,304.94 1 0
github.com/nexushunter-ai/nexushunter-ai/backend/internal/api/evidence_handler.go:304.94,307.4 2 0
github.com/nexushunter-ai/nexushunter-ai/backend/internal/api/evidence_handler.go:310.2,310.18 1 0
github.com/nexushunter-ai/nexushunter-ai/backend/internal/api/evidence_handler.go:310.18,312.3 1 0
github.com/nexushunter-ai/nexushunter-ai/backend/internal/api/evidence_handler.go:313.2,313.28 1 0
github.com/nexushunter-ai/nexushunter-ai/backend/internal/api/evidence_handler.go:313.28,315.3 1 0
github.com/nexushunter-ai/nexushunter-ai/backend/internal/api/evidence_handler.go:317.2,317.82 1 0
github.com/nexushunter-ai/nexushunter-ai/backend/internal/api/evidence_handler.go:317.82,320.3 2 0
github.com/nexushunter-ai/nexushunter-ai/backend/internal/api/evidence_handler.go:322.2,325.4 1 0
github.com/nexushunter-ai/nexushunter-ai/backend/internal/api/evidence_handler.go:329.82,330.27 1 0
github.com/nexushunter-ai/nexushunter-ai/backend/internal/api/evidence_handler.go:330.27,333.3 2 0
github.com/nexushunter-ai/nexushunter-ai/backend/internal/api/evidence_handler.go:335.2,339.16 4 0
github.com/nexushunter-ai/nexushunter-ai/backend/internal/api/evidence_handler.go:339.16,342.3 2 0
github.com/nexushunter-ai/nexushunter-ai/backend/internal/api/evidence_handler.go:343.2,343.17 1 0
github.com/nexushunter-ai/nexushunter-ai/backend/internal/api/evidence_handler.go:343.17,345.3 1 0
github.com/nexushunter-ai/nexushunter-ai/backend/internal/api/evidence_handler.go:347.2,351.4 1 0
github.com/nexushunter-ai/nexushunter-ai/backend/internal/api/evidence_handler.go:365.81,366.26 1 0
github.com/nexushunter-ai/nexushunter-ai/backend/internal/api/evidence_handler.go:366.26,369.3 2 0
github.com/nexushunter-ai/nexushunter-ai/backend/internal/api/evidence_handler.go:371.2,372.61 2 0
github.com/nexushunter-ai/nexushunter-ai/backend/internal/api/evidence_handler.go:372.61,375.3 2 0
github.com/nexushunter-ai/nexushunter-ai/backend/internal/api/evidence_handler.go:378.2,378.43 1 0
github.com/nexushunter-ai/nexushunter-ai/backend/internal/api/evidence_handler.go:378.43,381.3 2 0
github.com/nexushunter-ai/nexushunter-ai/backend/internal/api/evidence_handler.go:382.2,382.84 1 0
github.com/nexushunter-ai/nexushunter-ai/backend/internal/api/evidence_handler.go:382.84,385.3 2 0
github.com/nexushunter-ai/nexushunter-ai/backend/internal/api/evidence_handler.go:387.2,387.42 1 0
github.com/nexushunter-ai/nexushunter-ai/backend/internal/api/evidence_handler.go:387.42,390.3 2 0
github.com/nexushunter-ai/nexushunter-ai/backend/internal/api/evidence_handler.go:391.2,391.93 1 0
github.com/nexushunter-ai/nexushunter-ai/backend/internal/api/evidence_handler.go:391.93,394.3 2 0
github.com/nexushunter-ai/nexushunter-ai/backend/internal/api/evidence_handler.go:396.2,396.43 1 0
github.com/nexushunter-ai/nexushunter-ai/backend/internal/api/evidence_handler.go:396.43,399.3 2 0
github.com/nexushunter-ai/nexushunter-ai/backend/internal/api/evidence_handler.go:400.2,400.32 1 0
github.com/nexushunter-ai/nexushunter-ai/backend/internal/api/evidence_handler.go:400.32,403.3 2 0
github.com/nexushunter-ai/nexushunter-ai/backend/internal/api/evidence_handler.go:405.2,405.39 1 0
github.com/nexushunter-ai/nexushunter-ai/backend/internal/api/evidence_handler.go:405.39,406.105 1 0
github.com/nexushunter-ai/nexushunter-ai/backend/internal/api/evidence_handler.go:406.105,409.4 2 0
github.com/nexushunter-ai/nexushunter-ai/backend/internal/api/evidence_handler.go:412.2,416.16 2 0
github.com/nexushunter-ai/nexushunter-ai/backend/internal/api/evidence_handler.go:416.16,419.3 2 0
github.com/nexushunter-ai/nexushunter-ai/backend/internal/api/evidence_handler.go:421.2,421.16 1 0
github.com/nexushunter-ai/nexushunter-ai/backend/internal/api/evidence_handler.go:421.16,427.3 2 0
github.com/nexushunter-ai/nexushunter-ai/backend/internal/api/evidence_handler.go:429.2,432.4 1 0
github.com/nexushunter-ai/nexushunter-ai/backend/internal/api/evidence_handler.go:436.84,437.27 1 0
github.com/nexushunter-ai/nexushunter-ai/backend/internal/api/evidence_handler.go:437.27,440.3 2 0
github.com/nexushunter-ai/nexushunter-ai/backend/internal/api/evidence_handler.go:442.2,446.16 4 0
github.com/nexushunter-ai/nexushunter-ai/backend/internal/api/evidence_handler.go:446.16,449.3 2 0
github.com/nexushunter-ai/nexushunter-ai/backend/internal/api/evidence_handler.go:450.2,450.17 1 0
github.com/nexushunter-ai/nexushunter-ai/backend/internal/api/evidence_handler.go:450.17,452.3 1 0
github.com/nexushunter-ai/nexushunter-ai/backend/internal/api/evidence_handler.go:454.2,458.4 1 0
github.com/nexushunter-ai/nexushunter-ai/backend/internal/api/evidence_handler.go:462.85,463.27 1 0
github.com/nexushunter-ai/nexushunter-ai/backend/internal/api/evidence_handler.go:463.27,466.3 2 0
github.com/nexushunter-ai/nexushunter-ai/backend/internal/api/evidence_handler.go:468.2,472.61 3 0
github.com/nexushunter-ai/nexushunter-ai/backend/internal/api/evidence_handler.go:472.61,475.3 2 0
github.com/nexushunter-ai/nexushunter-ai/backend/internal/api/evidence_handler.go:477.2,478.16 2 0
github.com/nexushunter-ai/nexushunter-ai/backend/internal/api/evidence_handler.go:478.16,481.3 2 0
github.com/nexushunter-ai/nexushunter-ai/backend/internal/api/evidence_handler.go:483.2,486.83 3 0
github.com/nexushunter-ai/nexushunter-ai/backend/internal/api/evidence_handler.go:486.83,489.3 2 0
github.com/nexushunter-ai/nexushunter-ai/backend/internal/api/evidence_handler.go:491.2,494.4 1 0
github.com/nexushunter-ai/nexushunter-ai/backend/internal/api/evidence_handler.go:498.78,499.27 1 0
github.com/nexushunter-ai/nexushunter-ai/backend/internal/api/evidence_handler.go:499.27,502.3 2 0
github.com/nexushunter-ai/nexushunter-ai/backend/internal/api/evidence_handler.go:504.2,508.16 4 0
github.com/nexushunter-ai/nexushunter-ai/backend/internal/api/evidence_handler.go:508.16,511.3 2 0
github.com/nexushunter-ai/nexushunter-ai/backend/internal/api/evidence_handler.go:512.2,512.17 1 0
github.com/nexushunter-ai/nexushunter-ai/backend/internal/api/evidence_handler.go:512.17,514.3 1 0
github.com/nexushunter-ai/nexushunter-ai/backend/internal/api/evidence_handler.go:516.2,520.4 1 0
github.com/nexushunter-ai/nexushunter-ai/backend/internal/api/evidence_handler.go:524.76,525.26 1 0
github.com/nexushunter-ai/nexushunter-ai/backend/internal/api/evidence_handler.go:525.26,528.3 2 0
github.com/nexushunter-ai/nexushunter-ai/backend/internal/api/evidence_handler.go:530.2,535.16 5 0
github.com/nexushunter-ai/nexushunter-ai/backend/internal/api/evidence_handler.go:535.16,538.3 2 0
github.com/nexushunter-ai/nexushunter-ai/backend/internal/api/evidence_handler.go:540.2,542.4 1 0
github.com/nexushunter-ai/nexushunter-ai/backend/internal/api/evidence_handler.go:546.80,547.27 1 0
github.com/nexushunter-ai/nexushunter-ai/backend/internal/api/evidence_handler.go:547.27,550.3 2 0
github.com/nexushunter-ai/nexushunter-ai/backend/internal/api/evidence_handler.go:552.2,556.59 5 0
github.com/nexushunter-ai/nexushunter-ai/backend/internal/api/evidence_handler.go:556.59,558.3 1 0
github.com/nexushunter-ai/nexushunter-ai/backend/internal/api/evidence_handler.go:560.2,561.16 2 0
github.com/nexushunter-ai/nexushunter-ai/backend/internal/api/evidence_handler.go:561.16,564.3 2 0
github.com/nexushunter-ai/nexushunter-ai/backend/internal/api/evidence_handler.go:565.2,565.19 1 0
github.com/nexushunter-ai/nexushunter-ai/backend/internal/api/evidence_handler.go:565.19,567.3 1 0
github.com/nexushunter-ai/nexushunter-ai/backend/internal/api/evidence_handler.go:569.2,573.4 1 0
github.com/nexushunter-ai/nexushunter-ai/backend/internal/api/handler.go:75.92,80.2 4 0
github.com/nexushunter-ai/nexushunter-ai/backend/internal/api/handler.go:95.12,108.2 1 1
github.com/nexushunter-ai/nexushunter-ai/backend/internal/api/handler.go:111.136,114.2 2 1
github.com/nexushunter-ai/nexushunter-ai/backend/internal/api/handler.go:123.4,126.2 2 0
github.com/nexushunter-ai/nexushunter-ai/backend/internal/api/handler.go:129.119,132.2 2 0
github.com/nexushunter-ai/nexushunter-ai/backend/internal/api/handler.go:135.71,137.23 2 1
github.com/nexushunter-ai/nexushunter-ai/backend/internal/api/handler.go:137.23,139.3 1 1
github.com/nexushunter-ai/nexushunter-ai/backend/internal/api/handler.go:140.2,141.23 2 1
github.com/nexushunter-ai/nexushunter-ai/backend/internal/api/handler.go:141.23,143.3 1 1
github.com/nexushunter-ai/nexushunter-ai/backend/internal/api/handler.go:144.2,145.22 2 1
github.com/nexushunter-ai/nexushunter-ai/backend/internal/api/handler.go:145.22,147.3 1 1
github.com/nexushunter-ai/nexushunter-ai/backend/internal/api/handler.go:148.2,151.50 2 1
github.com/nexushunter-ai/nexushunter-ai/backend/internal/api/handler.go:151.50,154.51 3 0
github.com/nexushunter-ai/nexushunter-ai/backend/internal/api/handler.go:154.51,159.4 4 0
github.com/nexushunter-ai/nexushunter-ai/backend/internal/api/handler.go:162.2,175.4 4 1
github.com/nexushunter-ai/nexushunter-ai/backend/internal/api/handler.go:179.67,186.2 1 1
github.com/nexushunter-ai/nexushunter-ai/backend/internal/api/handler.go:198.72,200.61 2 1
github.com/nexushunter-ai/nexushunter-ai/backend/internal/api/handler.go:200.61,203.3 2 0
github.com/nexushunter-ai/nexushunter-ai/backend/internal/api/handler.go:205.2,218.58 2 1
github.com/nexushunter-ai/nexushunter-ai/backend/internal/api/handler.go:218.58,221.3 2 1
github.com/nexushunter-ai/nexushunter-ai/backend/internal/api/handler.go:223.2,223.62 1 1
github.com/nexushunter-ai/nexushunter-ai/backend/internal/api/handler.go:223.62,226.3 2 0
github.com/nexushunter-ai/nexushunter-ai/backend/internal/api/handler.go:228.2,228.40 1 1
github.com/nexushunter-ai/nexushunter-ai/backend/internal/api/handler.go:232.71,234.16 2 1
github.com/nexushunter-ai/nexushunter-ai/backend/internal/api/handler.go:234.16,237.3 2 0
github.com/nexushunter-ai/nexushunter-ai/backend/internal/api/handler.go:238.2,238.33 1 1
github.com/nexushunter-ai/nexushunter-ai/backend/internal/api/handler.go:242.69,244.14 2 0
github.com/nexushunter-ai/nexushunter-ai/backend/internal/api/handler.go:244.14,247.22 2 0
github.com/nexushunter-ai/nexushunter-ai/backend/internal/api/handler.go:247.22,249.4 1 0
github.com/nexushunter-ai/nexushunter-ai/backend/internal/api/handler.go:252.2,253.16 2 0
github.com/nexushunter-ai/nexushunter-ai/backend/internal/api/handler.go:253.16,254.42 1 0
github.com/nexushunter-ai/nexushunter-ai/backend/internal/api/handler.go:254.42,257.4 2 0
github.com/nexushunter-ai/nexushunter-ai/backend/internal/api/handler.go:258.3,259.9 2 0
github.com/nexushunter-ai/nexushunter-ai/backend/internal/api/handler.go:262.2,262.35 1 0
github.com/nexushunter-ai/nexushunter-ai/backend/internal/api/handler.go:266.72,268.14 2 0
github.com/nexushunter-ai/nexushunter-ai/backend/internal/api/handler.go:268.14,270.22 2 0
github.com/nexushunter-ai/nexushunter-ai/backend/internal/api/handler.go:270.22,272.4 1 0
github.com/nexushunter-ai/nexushunter-ai/backend/internal/api/handler.go:275.2,276.16 2 0
github.com/nexushunter-ai/nexushunter-ai/backend/internal/api/handler.go:276.16,277.42 1 0
github.com/nexushunter-ai/nexushunter-ai/backend/internal/api/handler.go:277.42,280.4 2 0
github.com/nexushunter-ai/nexushunter-ai/backend/internal/api/handler.go:281.3,282.9 2 0
github.com/nexushunter-ai/nexushunter-ai/backend/internal/api/handler.go:285.2,292.61 2 0
github.com/nexushunter-ai/nexushunter-ai/backend/internal/api/handler.go:292.61,295.3 2 0
github.com/nexushunter-ai/nexushunter-ai/backend/internal/api/handler.go:297.2,297.59 1 0
github.com/nexushunter-ai/nexushunter-ai/backend/internal/api/handler.go:297.59,299.3 1 0
github.com/nexushunter-ai/nexushunter-ai/backend/internal/api/handler.go:300.2,300.31 1 0
github.com/nexushunter-ai/nexushunter-ai/backend/internal/api/handler.go:300.31,302.3 1 0
github.com/nexushunter-ai/nexushunter-ai/backend/internal/api/handler.go:303.2,303.35 1 0
github.com/nexushunter-ai/nexushunter-ai/backend/internal/api/handler.go:303.35,305.3 1 0
github.com/nexushunter-ai/nexushunter-ai/backend/internal/api/handler.go:306.2,306.33 1 0
github.com/nexushunter-ai/nexushunter-ai/backend/internal/api/handler.go:306.33,308.3 1 0
github.com/nexushunter-ai/nexushunter-ai/backend/internal/api/handler.go:310.2,311.23 2 0
github.com/nexushunter-ai/nexushunter-ai/backend/internal/api/handler.go:311.23,313.3 1 0
github.com/nexushunter-ai/nexushunter-ai/backend/internal/api/handler.go:314.2,316.62 2 0
github.com/nexushunter-ai/nexushunter-ai/backend/internal/api/handler.go:316.62,319.3 2 0
github.com/nexushunter-ai/nexushunter-ai/backend/internal/api/handler.go:322.2,322.90 1 0
github.com/nexushunter-ai/nexushunter-ai/backend/internal/api/handler.go:322.90,323.22 1 0
github.com/nexushunter-ai/nexushunter-ai/backend/internal/api/handler.go:323.22,325.4 1 0
github.com/nexushunter-ai/nexushunter-ai/backend/internal/api/handler.go:328.2,328.35 1 0
github.com/nexushunter-ai/nexushunter-ai/backend/internal/api/handler.go:332.72,334.14 2 1
github.com/nexushunter-ai/nexushunter-ai/backend/internal/api/handler.go:334.14,336.22 2 0
github.com/nexushunter-ai/nexushunter-ai/backend/internal/api/handler.go:336.22,338.4 1 0
github.com/nexushunter-ai/nexushunter-ai/backend/internal/api/handler.go:342.2,342.21 1 1
github.com/nexushunter-ai/nexushunter-ai/backend/internal/api/handler.go:342.21,344.3 1 1
github.com/nexushunter-ai/nexushunter-ai/backend/internal/api/handler.go:346.2,346.58 1 1
github.com/nexushunter-ai/nexushunter-ai/backend/internal/api/handler.go:346.58,347.42 1 0
github.com/nexushunter-ai/nexushunter-ai/backend/internal/api/handler.go:347.42,350.4 2 0
github.com/nexushunter-ai/nexushunter-ai/backend/internal/api/handler.go:351.3,352.9 2 0
github.com/nexushunter-ai/nexushunter-ai/backend/internal/api/handler.go:355.2,358.4 1 1
github.com/nexushunter-ai/nexushunter-ai/backend/internal/api/handler.go:362.109,363.39 1 0
github.com/nexushunter-ai/nexushunter-ai/backend/internal/api/handler.go:363.39,365.3 1 0
github.com/nexushunter-ai/nexushunter-ai/backend/internal/api/handler.go:366.2,366.22 1 0
github.com/nexushunter-ai/nexushunter-ai/backend/internal/api/handler.go:366.22,368.3 1 0
github.com/nexushunter-ai/nexushunter-ai/backend/internal/api/handler.go:369.2,370.28 2 0
github.com/nexushunter-ai/nexushunter-ai/backend/internal/api/handler.go:370.28,372.3 1 0
github.com/nexushunter-ai/nexushunter-ai/backend/internal/api/handler.go:373.2,373.43 1 0
github.com/nexushunter-ai/nexushunter-ai/backend/internal/api/handler.go:373.43,375.3 1 0
github.com/nexushunter-ai/nexushunter-ai/backend/internal/api/handler.go:376.2,376.15 1 0
github.com/nexushunter-ai/nexushunter-ai/backend/internal/api/handler.go:379.106,380.38 1 0
github.com/nexushunter-ai/nexushunter-ai/backend/internal/api/handler.go:380.38,382.3 1 0
github.com/nexushunter-ai/nexushunter-ai/backend/internal/api/handler.go:383.2,383.24 1 0
github.com/nexushunter-ai/nexushunter-ai/backend/internal/api/handler.go:383.24,385.3 1 0
github.com/nexushunter-ai/nexushunter-ai/backend/internal/api/handler.go:387.2,388.16 2 0
github.com/nexushunter-ai/nexushunter-ai/backend/internal/api/handler.go:388.16,389.34 1 0
github.com/nexushunter-ai/nexushunter-ai/backend/internal/api/handler.go:389.34,390.23 1 0
github.com/nexushunter-ai/nexushunter-ai/backend/internal/api/handler.go:390.23,392.5 1 0
github.com/nexushunter-ai/nexushunter-ai/backend/internal/api/handler.go:396.2,397.20 2 0
github.com/nexushunter-ai/nexushunter-ai/backend/internal/api/handler.go:397.20,398.31 1 0
github.com/nexushunter-ai/nexushunter-ai/backend/internal/api/handler.go:398.31,399.23 1 0
github.com/nexushunter-ai/nexushunter-ai/backend/internal/api/handler.go:399.23,401.5 1 0
github.com/nexushunter-ai/nexushunter-ai/backend/internal/api/handler.go:404.2,404.52 1 0
github.com/nexushunter-ai/nexushunter-ai/backend/internal/api/handler.go:407.156,408.41 1 0
github.com/nexushunter-ai/nexushunter-ai/backend/internal/api/handler.go:408.41,410.3 1 0
github.com/nexushunter-ai/nexushunter-ai/backend/internal/api/handler.go:411.2,411.27 1 0
github.com/nexushunter-ai/nexushunter-ai/backend/internal/api/handler.go:411.27,413.3 1 0
github.com/nexushunter-ai/nexushunter-ai/backend/internal/api/handler.go:414.2,415.29 2 0
github.com/nexushunter-ai/nexushunter-ai/backend/internal/api/handler.go:415.29,417.3 1 0
github.com/nexushunter-ai/nexushunter-ai/backend/internal/api/handler.go:418.2,418.29 1 0
github.com/nexushunter-ai/nexushunter-ai/backend/internal/api/handler.go:418.29,420.3 1 0
github.com/nexushunter-ai/nexushunter-ai/backend/internal/api/handler.go:421.2,421.80 1 0
github.com/nexushunter-ai/nexushunter-ai/backend/internal/api/handler.go:421.80,423.3 1 0
github.com/nexushunter-ai/nexushunter-ai/backend/internal/api/handler.go:424.2,424.16 1 0
github.com/nexushunter-ai/nexushunter-ai/backend/internal/api/handler.go:427.141,428.44 1 0
github.com/nexushunter-ai/nexushunter-ai/backend/internal/api/handler.go:428.44,430.3 1 0
github.com/nexushunter-ai/nexushunter-ai/backend/internal/api/handler.go:431.2,431.28 1 0
github.com/nexushunter-ai/nexushunter-ai/backend/internal/api/handler.go:431.28,433.3 1 0
github.com/nexushunter-ai/nexushunter-ai/backend/internal/api/handler.go:434.2,435.16 2 0
github.com/nexushunter-ai/nexushunter-ai/backend/internal/api/handler.go:435.16,436.31 1 0
github.com/nexushunter-ai/nexushunter-ai/backend/internal/api/handler.go:436.31,437.30 1 0
github.com/nexushunter-ai/nexushunter-ai/backend/internal/api/handler.go:437.30,439.5 1 0
github.com/nexushunter-ai/nexushunter-ai/backend/internal/api/handler.go:442.2,443.16 2 0
github.com/nexushunter-ai/nexushunter-ai/backend/internal/api/handler.go:443.16,444.34 1 0
github.com/nexushunter-ai/nexushunter-ai/backend/internal/api/handler.go:444.34,445.30 1 0
github.com/nexushunter-ai/nexushunter-ai/backend/internal/api/handler.go:445.30,447.5 1 0
github.com/nexushunter-ai/nexushunter-ai/backend/internal/api/handler.go:450.2,450.70 1 0
github.com/nexushunter-ai/nexushunter-ai/backend/internal/api/handler.go:453.135,454.39 1 0
github.com/nexushunter-ai/nexushunter-ai/backend/internal/api/handler.go:454.39,456.3 1 0
github.com/nexushunter-ai/nexushunter-ai/backend/internal/api/handler.go:457.2,457.28 1 0
github.com/nexushunter-ai/nexushunter-ai/backend/internal/api/handler.go:457.28,459.3 1 0
github.com/nexushunter-ai/nexushunter-ai/backend/internal/api/handler.go:460.2,461.30 2 0
github.com/nexushunter-ai/nexushunter-ai/backend/internal/api/handler.go:461.30,463.3 1 0
github.com/nexushunter-ai/nexushunter-ai/backend/internal/api/handler.go:464.2,464.30 1 0
github.com/nexushunter-ai/nexushunter-ai/backend/internal/api/handler.go:464.30,466.3 1 0
github.com/nexushunter-ai/nexushunter-ai/backend/internal/api/handler.go:467.2,467.17 1 0
github.com/nexushunter-ai/nexushunter-ai/backend/internal/api/handler.go:478.71,480.61 2 1
github.com/nexushunter-ai/nexushunter-ai/backend/internal/api/handler.go:480.61,483.3 2 0
github.com/nexushunter-ai/nexushunter-ai/backend/internal/api/handler.go:485.2,485.24 1 1
github.com/nexushunter-ai/nexushunter-ai/backend/internal/api/handler.go:485.24,488.3 2 0
github.com/nexushunter-ai/nexushunter-ai/backend/internal/api/handler.go:490.2,491.16 2 1
github.com/nexushunter-ai/nexushunter-ai/backend/internal/api/handler.go:491.16,494.3 2 0
github.com/nexushunter-ai/nexushunter-ai/backend/internal/api/handler.go:496.2,497.37 2 1
github.com/nexushunter-ai/nexushunter-ai/backend/internal/api/handler.go:508.69,510.61 2 1
github.com/nexushunter-ai/nexushunter-ai/backend/internal/api/handler.go:510.61,513.3 2 0
github.com/nexushunter-ai/nexushunter-ai/backend/internal/api/handler.go:516.2,517.16 2 1
github.com/nexushunter-ai/nexushunter-ai/backend/internal/api/handler.go:517.16,520.3 2 0
github.com/nexushunter-ai/nexushunter-ai/backend/internal/api/handler.go:521.2,521.48 1 1
github.com/nexushunter-ai/nexushunter-ai/backend/internal/api/handler.go:521.48,524.3 2 0
github.com/nexushunter-ai/nexushunter-ai/backend/internal/api/handler.go:526.2,527.16 2 1
github.com/nexushunter-ai/nexushunter-ai/backend/internal/api/handler.go:527.16,530.3 2 0
github.com/nexushunter-ai/nexushunter-ai/backend/internal/api/handler.go:532.2,532.37 1 1
github.com/nexushunter-ai/nexushunter-ai/backend/internal/api/handler.go:536.68,539.16 3 0
github.com/nexushunter-ai/nexushunter-ai/backend/internal/api/handler.go:539.16,542.3 2 0
github.com/nexushunter-ai/nexushunter-ai/backend/internal/api/handler.go:543.2,543.37 1 0
github.com/nexushunter-ai/nexushunter-ai/backend/internal/api/handler.go:547.66,549.14 2 0
github.com/nexushunter-ai/nexushunter-ai/backend/internal/api/handler.go:549.14,551.22 2 0
github.com/nexushunter-ai/nexushunter-ai/backend/internal/api/handler.go:551.22,553.4 1 0
github.com/nexushunter-ai/nexushunter-ai/backend/internal/api/handler.go:556.2,557.16 2 0
github.com/nexushunter-ai/nexushunter-ai/backend/internal/api/handler.go:557.16,560.3 2 0
github.com/nexushunter-ai/nexushunter-ai/backend/internal/api/handler.go:561.2,561.32 1 0
github.com/nexushunter-ai/nexushunter-ai/backend/internal/api/handler.go:565.68,567.14 2 1
github.com/nexushunter-ai/nexushunter-ai/backend/internal/api/handler.go:567.14,569.22 2 0
github.com/nexushunter-ai/nexushunter-ai/backend/internal/api/handler.go:569.22,571.4 1 0
github.com/nexushunter-ai/nexushunter-ai/backend/internal/api/handler.go:574.2,575.16 2 1
github.com/nexushunter-ai/nexushunter-ai/backend/internal/api/handler.go:575.16,576.42 1 1
github.com/nexushunter-ai/nexushunter-ai/backend/internal/api/handler.go:576.42,579.4 2 0
github.com/nexushunter-ai/nexushunter-ai/backend/internal/api/handler.go:580.3,580.45 1 1
github.com/nexushunter-ai/nexushunter-ai/backend/internal/api/handler.go:580.45,583.4 2 0
github.com/nexushunter-ai/nexushunter-ai/backend/internal/api/handler.go:584.3,584.46 1 1
github.com/nexushunter-ai/nexushunter-ai/backend/internal/api/handler.go:584.46,587.4 2 0
github.com/nexushunter-ai/nexushunter-ai/backend/internal/api/handler.go:588.3,588.43 1 1
github.com/nexushunter-ai/nexushunter-ai/backend/internal/api/handler.go:588.43,591.4 2 1
github.com/nexushunter-ai/nexushunter-ai/backend/internal/api/handler.go:592.3,593.9 2 0
github.com/nexushunter-ai/nexushunter-ai/backend/internal/api/handler.go:595.2,595.32 1 1
github.com/nexushunter-ai/nexushunter-ai/backend/internal/api/handler.go:599.71,601.14 2 1
github.com/nexushunter-ai/nexushunter-ai/backend/internal/api/handler.go:601.14,603.22 2 0
github.com/nexushunter-ai/nexushunter-ai/backend/internal/api/handler.go:603.22,605.4 1 0
github.com/nexushunter-ai/nexushunter-ai/backend/internal/api/handler.go:608.2,609.16 2 1
github.com/nexushunter-ai/nexushunter-ai/backend/internal/api/handler.go:609.16,610.42 1 1
github.com/nexushunter-ai/nexushunter-ai/backend/internal/api/handler.go:610.42,613.4 2 0
github.com/nexushunter-ai/nexushunter-ai/backend/internal/api/handler.go:614.3,614.45 1 1
github.com/nexushunter-ai/nexushunter-ai/backend/internal/api/handler.go:614.45,617.4 2 0
github.com/nexushunter-ai/nexushunter-ai/backend/internal/api/handler.go:618.3,618.46 1 1
github.com/nexushunter-ai/nexushunter-ai/backend/internal/api/handler.go:618.46,621.4 2 0
github.com/nexushunter-ai/nexushunter-ai/backend/internal/api/handler.go:622.3,622.43 1 1
github.com/nexushunter-ai/nexushunter-ai/backend/internal/api/handler.go:622.43,625.4 2 1
github.com/nexushunter-ai/nexushunter-ai/backend/internal/api/handler.go:626.3,627.9 2 0
github.com/nexushunter-ai/nexushunter-ai/backend/internal/api/handler.go:629.2,629.32 1 1
github.com/nexushunter-ai/nexushunter-ai/backend/internal/api/handler.go:638.67,640.14 2 0
github.com/nexushunter-ai/nexushunter-ai/backend/internal/api/handler.go:640.14,642.22 2 0
github.com/nexushunter-ai/nexushunter-ai/backend/internal/api/handler.go:642.22,644.4 1 0
github.com/nexushunter-ai/nexushunter-ai/backend/internal/api/handler.go:647.2,650.18 4 0
github.com/nexushunter-ai/nexushunter-ai/backend/internal/api/handler.go:650.18,652.3 1 0
github.com/nexushunter-ai/nexushunter-ai/backend/internal/api/handler.go:654.2,655.16 2 0
github.com/nexushunter-ai/nexushunter-ai/backend/internal/api/handler.go:655.16,656.42 1 0
github.com/nexushunter-ai/nexushunter-ai/backend/internal/api/handler.go:656.42,659.4 2 0
github.com/nexushunter-ai/nexushunter-ai/backend/internal/api/handler.go:660.3,660.45 1 0
github.com/nexushunter-ai/nexushunter-ai/backend/internal/api/handler.go:660.45,663.4 2 0
github.com/nexushunter-ai/nexushunter-ai/backend/internal/api/handler.go:664.3,664.46 1 0
github.com/nexushunter-ai/nexushunter-ai/backend/internal/api/handler.go:664.46,667.4 2 0
github.com/nexushunter-ai/nexushunter-ai/backend/internal/api/handler.go:668.3,668.43 1 0
github.com/nexushunter-ai/nexushunter-ai/backend/internal/api/handler.go:668.43,671.4 2 0
github.com/nexushunter-ai/nexushunter-ai/backend/internal/api/handler.go:672.3,673.9 2 0
github.com/nexushunter-ai/nexushunter-ai/backend/internal/api/handler.go:675.2,675.32 1 0
github.com/nexushunter-ai/nexushunter-ai/backend/internal/api/handler.go:679.69,681.14 2 1
github.com/nexushunter-ai/nexushunter-ai/backend/internal/api/handler.go:681.14,683.22 2 0
github.com/nexushunter-ai/nexushunter-ai/backend/internal/api/handler.go:683.22,685.4 1 0
github.com/nexushunter-ai/nexushunter-ai/backend/internal/api/handler.go:688.2,689.16 2 1
github.com/nexushunter-ai/nexushunter-ai/backend/internal/api/handler.go:689.16,690.42 1 0
github.com/nexushunter-ai/nexushunter-ai/backend/internal/api/handler.go:690.42,693.4 2 0
github.com/nexushunter-ai/nexushunter-ai/backend/internal/api/handler.go:694.3,694.45 1 0
github.com/nexushunter-ai/nexushunter-ai/backend/internal/api/handler.go:694.45,697.4 2 0
github.com/nexushunter-ai/nexushunter-ai/backend/internal/api/handler.go:698.3,698.46 1 0
github.com/nexushunter-ai/nexushunter-ai/backend/internal/api/handler.go:698.46,701.4 2 0
github.com/nexushunter-ai/nexushunter-ai/backend/internal/api/handler.go:702.3,702.43 1 0
github.com/nexushunter-ai/nexushunter-ai/backend/internal/api/handler.go:702.43,705.4 2 0
github.com/nexushunter-ai/nexushunter-ai/backend/internal/api/handler.go:706.3,707.9 2 0
github.com/nexushunter-ai/nexushunter-ai/backend/internal/api/handler.go:709.2,709.32 1 1
github.com/nexushunter-ai/nexushunter-ai/backend/internal/api/handler.go:713.70,716.2 2 0
github.com/nexushunter-ai/nexushunter-ai/backend/internal/api/handler.go:725.70,726.26 1 1
github.com/nexushunter-ai/nexushunter-ai/backend/internal/api/handler.go:726.26,729.3 2 0
github.com/nexushunter-ai/nexushunter-ai/backend/internal/api/handler.go:731.2,732.61 2 1
github.com/nexushunter-ai/nexushunter-ai/backend/internal/api/handler.go:732.61,735.3 2 0
github.com/nexushunter-ai/nexushunter-ai/backend/internal/api/handler.go:737.2,737.24 1 1
github.com/nexushunter-ai/nexushunter-ai/backend/internal/api/handler.go:737.24,740.3 2 0
github.com/nexushunter-ai/nexushunter-ai/backend/internal/api/handler.go:743.2,743.115 1 1
github.com/nexushunter-ai/nexushunter-ai/backend/internal/api/handler.go:743.115,745.3 1 1
github.com/nexushunter-ai/nexushunter-ai/backend/internal/api/handler.go:747.2,748.16 2 1
github.com/nexushunter-ai/nexushunter-ai/backend/internal/api/handler.go:748.16,749.46 1 1
github.com/nexushunter-ai/nexushunter-ai/backend/internal/api/handler.go:749.46,752.4 2 1
github.com/nexushunter-ai/nexushunter-ai/backend/internal/api/handler.go:753.3,753.46 1 0
github.com/nexushunter-ai/nexushunter-ai/backend/internal/api/handler.go:753.46,756.4 2 0
github.com/nexushunter-ai/nexushunter-ai/backend/internal/api/handler.go:757.3,758.9 2 0
github.com/nexushunter-ai/nexushunter-ai/backend/internal/api/handler.go:761.2,761.38 1 1
github.com/nexushunter-ai/nexushunter-ai/backend/internal/api/handler.go:765.71,766.26 1 1
github.com/nexushunter-ai/nexushunter-ai/backend/internal/api/handler.go:766.26,769.3 2 0
github.com/nexushunter-ai/nexushunter-ai/backend/internal/api/handler.go:771.2,772.14 2 1
github.com/nexushunter-ai/nexushunter-ai/backend/internal/api/handler.go:772.14,774.22 2 0
github.com/nexushunter-ai/nexushunter-ai/backend/internal/api/handler.go:774.22,776.4 1 0
github.com/nexushunter-ai/nexushunter-ai/backend/internal/api/handler.go:779.2,780.16 2 1
github.com/nexushunter-ai/nexushunter-ai/backend/internal/api/handler.go:780.16,781.48 1 0
github.com/nexushunter-ai/nexushunter-ai/backend/internal/api/handler.go:781.48,784.4 2 0
github.com/nexushunter-ai/nexushunter-ai/backend/internal/api/handler.go:785.3,786.9 2 0
github.com/nexushunter-ai/nexushunter-ai/backend/internal/api/handler.go:789.2,789.32 1 1
github.com/nexushunter-ai/nexushunter-ai/backend/internal/api/handler.go:793.71,794.26 1 1
github.com/nexushunter-ai/nexushunter-ai/backend/internal/api/handler.go:794.26,797.3 2 0
github.com/nexushunter-ai/nexushunter-ai/backend/internal/api/handler.go:799.2,800.14 2 1
github.com/nexushunter-ai/nexushunter-ai/backend/internal/api/handler.go:800.14,802.22 2 0
github.com/nexushunter-ai/nexushunter-ai/backend/internal/api/handler.go:802.22,804.4 1 0
github.com/nexushunter-ai/nexushunter-ai/backend/internal/api/handler.go:807.2,807.67 1 1
github.com/nexushunter-ai/nexushunter-ai/backend/internal/api/handler.go:807.67,808.42 1 0
github.com/nexushunter-ai/nexushunter-ai/backend/internal/api/handler.go:808.42,811.4 2 0
github.com/nexushunter-ai/nexushunter-ai/backend/internal/api/handler.go:812.3,813.9 2 0
github.com/nexushunter-ai/nexushunter-ai/backend/internal/api/handler.go:816.2,819.4 1 1
github.com/nexushunter-ai/nexushunter-ai/backend/internal/api/handler.go:823.76,824.24 1 1
github.com/nexushunter-ai/nexushunter-ai/backend/internal/api/handler.go:824.24,827.3 2 0
github.com/nexushunter-ai/nexushunter-ai/backend/internal/api/handler.go:829.2,830.14 2 1
github.com/nexushunter-ai/nexushunter-ai/backend/internal/api/handler.go:830.14,832.22 2 0
github.com/nexushunter-ai/nexushunter-ai/backend/internal/api/handler.go:832.22,834.4 1 0
github.com/nexushunter-ai/nexushunter-ai/backend/internal/api/handler.go:837.2,838.16 2 1
github.com/nexushunter-ai/nexushunter-ai/backend/internal/api/handler.go:838.16,841.3 2 0
github.com/nexushunter-ai/nexushunter-ai/backend/internal/api/handler.go:843.2,852.27 3 1
github.com/nexushunter-ai/nexushunter-ai/backend/internal/api/handler.go:852.27,854.21 2 0
github.com/nexushunter-ai/nexushunter-ai/backend/internal/api/handler.go:854.21,856.4 1 0
github.com/nexushunter-ai/nexushunter-ai/backend/internal/api/handler.go:857.3,860.25 4 0
github.com/nexushunter-ai/nexushunter-ai/backend/internal/api/handler.go:860.25,862.27 2 0
github.com/nexushunter-ai/nexushunter-ai/backend/internal/api/handler.go:862.27,864.5 1 0
github.com/nexushunter-ai/nexushunter-ai/backend/internal/api/handler.go:865.4,868.24 4 0
github.com/nexushunter-ai/nexushunter-ai/backend/internal/api/handler.go:870.3,870.22 1 0
github.com/nexushunter-ai/nexushunter-ai/backend/internal/api/handler.go:870.22,872.4 1 0
github.com/nexushunter-ai/nexushunter-ai/backend/internal/api/handler.go:874.3,880.4 1 0
github.com/nexushunter-ai/nexushunter-ai/backend/internal/api/handler.go:883.2,883.37 1 1
github.com/nexushunter-ai/nexushunter-ai/backend/internal/api/handler.go:887.81,888.24 1 0
github.com/nexushunter-ai/nexushunter-ai/backend/internal/api/handler.go:888.24,891.3 2 0
github.com/nexushunter-ai/nexushunter-ai/backend/internal/api/handler.go:893.2,894.14 2 0
github.com/nexushunter-ai/nexushunter-ai/backend/internal/api/handler.go:894.14,896.22 2 0
github.com/nexushunter-ai/nexushunter-ai/backend/internal/api/handler.go:896.22,898.4 1 0
github.com/nexushunter-ai/nexushunter-ai/backend/internal/api/handler.go:901.2,908.26 7 0
github.com/nexushunter-ai/nexushunter-ai/backend/internal/api/handler.go:908.26,911.3 2 0
github.com/nexushunter-ai/nexushunter-ai/backend/internal/api/handler.go:913.2,916.25 4 0
github.com/nexushunter-ai/nexushunter-ai/backend/internal/api/handler.go:916.25,917.24 1 0
github.com/nexushunter-ai/nexushunter-ai/backend/internal/api/handler.go:917.24,919.4 1 0
github.com/nexushunter-ai/nexushunter-ai/backend/internal/api/handler.go:920.3,920.25 1 0
github.com/nexushunter-ai/nexushunter-ai/backend/internal/api/handler.go:920.25,922.4 1 0
github.com/nexushunter-ai/nexushunter-ai/backend/internal/api/handler.go:923.3,923.23 1 0
github.com/nexushunter-ai/nexushunter-ai/backend/internal/api/handler.go:927.2,929.28 3 0
github.com/nexushunter-ai/nexushunter-ai/backend/internal/api/handler.go:929.28,930.41 1 0
github.com/nexushunter-ai/nexushunter-ai/backend/internal/api/handler.go:930.41,932.4 1 0
github.com/nexushunter-ai/nexushunter-ai/backend/internal/api/handler.go:933.3,933.19 1 0
github.com/nexushunter-ai/nexushunter-ai/backend/internal/api/handler.go:933.19,935.4 1 0
github.com/nexushunter-ai/nexushunter-ai/backend/internal/api/handler.go:935.9,937.4 1 0
github.com/nexushunter-ai/nexushunter-ai/backend/internal/api/handler.go:940.2,953.4 1 0
github.com/nexushunter-ai/nexushunter-ai/backend/internal/api/handler.go:957.82,958.24 1 0
github.com/nexushunter-ai/nexushunter-ai/backend/internal/api/handler.go:958.24,961.3 2 0
github.com/nexushunter-ai/nexushunter-ai/backend/internal/api/handler.go:963.2,964.14 2 0
github.com/nexushunter-ai/nexushunter-ai/backend/internal/api/handler.go:964.14,966.22 2 0
github.com/nexushunter-ai/nexushunter-ai/backend/internal/api/handler.go:966.22,968.4 1 0
github.com/nexushunter-ai/nexushunter-ai/backend/internal/api/handler.go:971.2,988.16 6 0
github.com/nexushunter-ai/nexushunter-ai/backend/internal/api/handler.go:988.16,991.3 2 0
github.com/nexushunter-ai/nexushunter-ai/backend/internal/api/handler.go:993.2,998.4 1 0
github.com/nexushunter-ai/nexushunter-ai/backend/internal/api/handler.go:1002.78,1003.24 1 0
github.com/nexushunter-ai/nexushunter-ai/backend/internal/api/handler.go:1003.24,1006.3 2 0
github.com/nexushunter-ai/nexushunter-ai/backend/internal/api/handler.go:1008.2,1009.14 2 0
github.com/nexushunter-ai/nexushunter-ai/backend/internal/api/handler.go:1009.14,1011.22 2 0
github.com/nexushunter-ai/nexushunter-ai/backend/internal/api/handler.go:1011.22,1013.4 1 0
github.com/nexushunter-ai/nexushunter-ai/backend/internal/api/handler.go:1016.2,1035.16 8 0
github.com/nexushunter-ai/nexushunter-ai/backend/internal/api/handler.go:1035.16,1038.3 2 0
github.com/nexushunter-ai/nexushunter-ai/backend/internal/api/handler.go:1040.2,1045.4 1 0
github.com/nexushunter-ai/nexushunter-ai/backend/internal/api/handler.go:1049.77,1050.24 1 0
github.com/nexushunter-ai/nexushunter-ai/backend/internal/api/handler.go:1050.24,1053.3 2 0
github.com/nexushunter-ai/nexushunter-ai/backend/internal/api/handler.go:1055.2,1056.14 2 0
github.com/nexushunter-ai/nexushunter-ai/backend/internal/api/handler.go:1056.14,1058.22 2 0
github.com/nexushunter-ai/nexushunter-ai/backend/internal/api/handler.go:1058.22,1060.4 1 0
github.com/nexushunter-ai/nexushunter-ai/backend/internal/api/handler.go:1063.2,1077.16 6 0
github.com/nexushunter-ai/nexushunter-ai/backend/internal/api/handler.go:1077.16,1080.3 2 0
github.com/nexushunter-ai/nexushunter-ai/backend/internal/api/handler.go:1082.2,1087.4 1 0
github.com/nexushunter-ai/nexushunter-ai/backend/internal/api/handler.go:1091.74,1094.37 3 0
github.com/nexushunter-ai/nexushunter-ai/backend/internal/api/handler.go:1094.37,1096.22 2 0
github.com/nexushunter-ai/nexushunter-ai/backend/internal/api/handler.go:1096.22,1099.4 2 0
github.com/nexushunter-ai/nexushunter-ai/backend/internal/api/handler.go:1102.2,1103.16 2 0
github.com/nexushunter-ai/nexushunter-ai/backend/internal/api/handler.go:1103.16,1106.3 2 0
github.com/nexushunter-ai/nexushunter-ai/backend/internal/api/handler.go:1108.2,1109.27 2 0
github.com/nexushunter-ai/nexushunter-ai/backend/internal/api/handler.go:1109.27,1110.47 1 0
github.com/nexushunter-ai/nexushunter-ai/backend/internal/api/handler.go:1110.47,1112.9 2 0
github.com/nexushunter-ai/nexushunter-ai/backend/internal/api/handler.go:1116.2,1116.25 1 0
github.com/nexushunter-ai/nexushunter-ai/backend/internal/api/handler.go:1116.25,1119.3 2 0
github.com/nexushunter-ai/nexushunter-ai/backend/internal/api/handler.go:1121.2,1122.20 2 0
github.com/nexushunter-ai/nexushunter-ai/backend/internal/api/handler.go:1122.20,1124.3 1 0
github.com/nexushunter-ai/nexushunter-ai/backend/internal/api/handler.go:1126.2,1135.24 2 0
github.com/nexushunter-ai/nexushunter-ai/backend/internal/api/handler.go:1135.24,1142.3 6 0
github.com/nexushunter-ai/nexushunter-ai/backend/internal/api/handler.go:1144.2,1153.4 1 0
github.com/nexushunter-ai/nexushunter-ai/backend/internal/api/handler.go:1157.71,1158.24 1 0
github.com/nexushunter-ai/nexushunter-ai/backend/internal/api/handler.go:1158.24,1161.3 2 0
github.com/nexushunter-ai/nexushunter-ai/backend/internal/api/handler.go:1163.2,1164.19 2 0
github.com/nexushunter-ai/nexushunter-ai/backend/internal/api/handler.go:1164.19,1166.22 2 0
github.com/nexushunter-ai/nexushunter-ai/backend/internal/api/handler.go:1166.22,1168.4 1 0
github.com/nexushunter-ai/nexushunter-ai/backend/internal/api/handler.go:1171.2,1175.61 2 0
github.com/nexushunter-ai/nexushunter-ai/backend/internal/api/handler.go:1175.61,1178.3 2 0
github.com/nexushunter-ai/nexushunter-ai/backend/internal/api/handler.go:1180.2,1181.20 2 0
github.com/nexushunter-ai/nexushunter-ai/backend/internal/api/handler.go:1181.20,1184.3 2 0
github.com/nexushunter-ai/nexushunter-ai/backend/internal/api/handler.go:1186.2,1196.71 2 0
github.com/nexushunter-ai/nexushunter-ai/backend/internal/api/handler.go:1196.71,1199.3 2 0
github.com/nexushunter-ai/nexushunter-ai/backend/internal/api/handler.go:1201.2,1201.42 1 0
github.com/nexushunter-ai/nexushunter-ai/backend/internal/api/handler.go:1205.74,1206.24 1 0
github.com/nexushunter-ai/nexushunter-ai/backend/internal/api/handler.go:1206.24,1209.3 2 0
github.com/nexushunter-ai/nexushunter-ai/backend/internal/api/handler.go:1211.2,1213.32 3 0
github.com/nexushunter-ai/nexushunter-ai/backend/internal/api/handler.go:1213.32,1215.22 2 0
github.com/nexushunter-ai/nexushunter-ai/backend/internal/api/handler.go:1215.22,1218.4 2 0
github.com/nexushunter-ai/nexushunter-ai/backend/internal/api/handler.go:1221.2,1221.78 1 0
github.com/nexushunter-ai/nexushunter-ai/backend/internal/api/handler.go:1221.78,1224.3 2 0
github.com/nexushunter-ai/nexushunter-ai/backend/internal/api/handler.go:1226.2,1230.4 1 0
github.com/nexushunter-ai/nexushunter-ai/backend/internal/api/handler.go:1234.74,1235.24 1 1
github.com/nexushunter-ai/nexushunter-ai/backend/internal/api/handler.go:1235.24,1238.3 2 0
github.com/nexushunter-ai/nexushunter-ai/backend/internal/api/handler.go:1240.2,1241.14 2 1
github.com/nexushunter-ai/nexushunter-ai/backend/internal/api/handler.go:1241.14,1243.22 2 0
github.com/nexushunter-ai/nexushunter-ai/backend/internal/api/handler.go:1243.22,1245.4 1 0
github.com/nexushunter-ai/nexushunter-ai/backend/internal/api/handler.go:1248.2,1249.16 2 1
github.com/nexushunter-ai/nexushunter-ai/backend/internal/api/handler.go:1249.16,1252.3 2 0
github.com/nexushunter-ai/nexushunter-ai/backend/internal/api/handler.go:1254.2,1254.33 1 1
github.com/nexushunter-ai/nexushunter-ai/backend/internal/api/handler.go:1257.45,1258.15 1 1
github.com/nexushunter-ai/nexushunter-ai/backend/internal/api/handler.go:1258.15,1260.3 1 1
github.com/nexushunter-ai/nexushunter-ai/backend/internal/api/handler.go:1261.2,1262.23 2 1
github.com/nexushunter-ai/nexushunter-ai/backend/internal/api/handler.go:1262.23,1264.20 2 1
github.com/nexushunter-ai/nexushunter-ai/backend/internal/api/handler.go:1264.20,1266.4 1 1
github.com/nexushunter-ai/nexushunter-ai/backend/internal/api/handler.go:1268.2,1268.12 1 1
github.com/nexushunter-ai/nexushunter-ai/backend/internal/api/handler.go:1274.75,1275.24 1 1
github.com/nexushunter-ai/nexushunter-ai/backend/internal/api/handler.go:1275.24,1278.3 2 0
github.com/nexushunter-ai/nexushunter-ai/backend/internal/api/handler.go:1280.2,1281.61 2 1
github.com/nexushunter-ai/nexushunter-ai/backend/internal/api/handler.go:1281.61,1284.3 2 0
github.com/nexushunter-ai/nexushunter-ai/backend/internal/api/handler.go:1285.2,1285.24 1 1
github.com/nexushunter-ai/nexushunter-ai/backend/internal/api/handler.go:1285.24,1288.3 2 0
github.com/nexushunter-ai/nexushunter-ai/backend/internal/api/handler.go:1291.2,1291.72 1 1
github.com/nexushunter-ai/nexushunter-ai/backend/internal/api/handler.go:1291.72,1292.42 1 0
github.com/nexushunter-ai/nexushunter-ai/backend/internal/api/handler.go:1292.42,1295.4 2 0
github.com/nexushunter-ai/nexushunter-ai/backend/internal/api/handler.go:1296.3,1297.9 2 0
github.com/nexushunter-ai/nexushunter-ai/backend/internal/api/handler.go:1300.2,1300.23 1 1
github.com/nexushunter-ai/nexushunter-ai/backend/internal/api/handler.go:1300.23,1302.17 2 1
github.com/nexushunter-ai/nexushunter-ai/backend/internal/api/handler.go:1302.17,1305.4 2 0
github.com/nexushunter-ai/nexushunter-ai/backend/internal/api/handler.go:1306.3,1310.9 2 1
github.com/nexushunter-ai/nexushunter-ai/backend/internal/api/handler.go:1314.2,1315.16 2 0
github.com/nexushunter-ai/nexushunter-ai/backend/internal/api/handler.go:1315.16,1318.3 2 0
github.com/nexushunter-ai/nexushunter-ai/backend/internal/api/handler.go:1319.2,1322.4 1 0
github.com/nexushunter-ai/nexushunter-ai/backend/internal/api/handler.go:1326.81,1327.24 1 0
github.com/nexushunter-ai/nexushunter-ai/backend/internal/api/handler.go:1327.24,1330.3 2 0
github.com/nexushunter-ai/nexushunter-ai/backend/internal/api/handler.go:1332.2,1333.14 2 0
github.com/nexushunter-ai/nexushunter-ai/backend/internal/api/handler.go:1333.14,1335.22 2 0
github.com/nexushunter-ai/nexushunter-ai/backend/internal/api/handler.go:1335.22,1337.4 1 0
github.com/nexushunter-ai/nexushunter-ai/backend/internal/api/handler.go:1340.2,1340.62 1 0
github.com/nexushunter-ai/nexushunter-ai/backend/internal/api/handler.go:1340.62,1341.42 1 0
github.com/nexushunter-ai/nexushunter-ai/backend/internal/api/handler.go:1341.42,1344.4 2 0
github.com/nexushunter-ai/nexushunter-ai/backend/internal/api/handler.go:1345.3,1346.9 2 0
github.com/nexushunter-ai/nexushunter-ai/backend/internal/api/handler.go:1349.2,1350.16 2 0
github.com/nexushunter-ai/nexushunter-ai/backend/internal/api/handler.go:1350.16,1353.3 2 0
github.com/nexushunter-ai/nexushunter-ai/backend/internal/api/handler.go:1354.2,1358.4 1 0
github.com/nexushunter-ai/nexushunter-ai/backend/internal/api/handler.go:1362.80,1363.24 1 0
github.com/nexushunter-ai/nexushunter-ai/backend/internal/api/handler.go:1363.24,1366.3 2 0
github.com/nexushunter-ai/nexushunter-ai/backend/internal/api/handler.go:1368.2,1370.37 3 0
github.com/nexushunter-ai/nexushunter-ai/backend/internal/api/handler.go:1370.37,1372.22 2 0
github.com/nexushunter-ai/nexushunter-ai/backend/internal/api/handler.go:1372.22,1375.4 2 0
github.com/nexushunter-ai/nexushunter-ai/backend/internal/api/handler.go:1378.2,1379.16 2 0
github.com/nexushunter-ai/nexushunter-ai/backend/internal/api/handler.go:1379.16,1382.3 2 0
github.com/nexushunter-ai/nexushunter-ai/backend/internal/api/handler.go:1383.2,1386.4 1 0
github.com/nexushunter-ai/nexushunter-ai/backend/internal/api/handler.go:1390.82,1391.24 1 0
github.com/nexushunter-ai/nexushunter-ai/backend/internal/api/handler.go:1391.24,1394.3 2 0
github.com/nexushunter-ai/nexushunter-ai/backend/internal/api/handler.go:1396.2,1397.14 2 0
github.com/nexushunter-ai/nexushunter-ai/backend/internal/api/handler.go:1397.14,1399.22 2 0
github.com/nexushunter-ai/nexushunter-ai/backend/internal/api/handler.go:1399.22,1401.4 1 0
github.com/nexushunter-ai/nexushunter-ai/backend/internal/api/handler.go:1404.2,1405.16 2 0
github.com/nexushunter-ai/nexushunter-ai/backend/internal/api/handler.go:1405.16,1408.3 2 0
github.com/nexushunter-ai/nexushunter-ai/backend/internal/api/handler.go:1409.2,1409.33 1 0
github.com/nexushunter-ai/nexushunter-ai/backend/internal/api/handler.go:1413.74,1414.24 1 0
github.com/nexushunter-ai/nexushunter-ai/backend/internal/api/handler.go:1414.24,1417.3 2 0
github.com/nexushunter-ai/nexushunter-ai/backend/internal/api/handler.go:1419.2,1420.14 2 0
github.com/nexushunter-ai/nexushunter-ai/backend/internal/api/handler.go:1420.14,1422.22 2 0
github.com/nexushunter-ai/nexushunter-ai/backend/internal/api/handler.go:1422.22,1424.4 1 0
github.com/nexushunter-ai/nexushunter-ai/backend/internal/api/handler.go:1427.2,1428.16 2 0
github.com/nexushunter-ai/nexushunter-ai/backend/internal/api/handler.go:1428.16,1429.42 1 0
github.com/nexushunter-ai/nexushunter-ai/backend/internal/api/handler.go:1429.42,1432.4 2 0
github.com/nexushunter-ai/nexushunter-ai/backend/internal/api/handler.go:1433.3,1434.9 2 0
github.com/nexushunter-ai/nexushunter-ai/backend/internal/api/handler.go:1436.2,1436.32 1 0
github.com/nexushunter-ai/nexushunter-ai/backend/internal/api/handler.go:1440.81,1441.24 1 1
github.com/nexushunter-ai/nexushunter-ai/backend/internal/api/handler.go:1441.24,1444.3 2 0
github.com/nexushunter-ai/nexushunter-ai/backend/internal/api/handler.go:1446.2,1448.34 3 1
github.com/nexushunter-ai/nexushunter-ai/backend/internal/api/handler.go:1448.34,1449.71 1 0
github.com/nexushunter-ai/nexushunter-ai/backend/internal/api/handler.go:1449.71,1451.4 1 0
github.com/nexushunter-ai/nexushunter-ai/backend/internal/api/handler.go:1453.2,1454.35 2 1
github.com/nexushunter-ai/nexushunter-ai/backend/internal/api/handler.go:1454.35,1455.58 1 0
github.com/nexushunter-ai/nexushunter-ai/backend/internal/api/handler.go:1455.58,1457.4 1 0
github.com/nexushunter-ai/nexushunter-ai/backend/internal/api/handler.go:1460.2,1471.16 3 1
github.com/nexushunter-ai/nexushunter-ai/backend/internal/api/handler.go:1471.16,1474.3 2 0
github.com/nexushunter-ai/nexushunter-ai/backend/internal/api/handler.go:1476.2,1481.4 1 1
github.com/nexushunter-ai/nexushunter-ai/backend/internal/api/handler.go:1485.79,1486.24 1 1
github.com/nexushunter-ai/nexushunter-ai/backend/internal/api/handler.go:1486.24,1489.3 2 0
github.com/nexushunter-ai/nexushunter-ai/backend/internal/api/handler.go:1491.2,1492.14 2 1
github.com/nexushunter-ai/nexushunter-ai/backend/internal/api/handler.go:1492.14,1494.22 2 0
github.com/nexushunter-ai/nexushunter-ai/backend/internal/api/handler.go:1494.22,1496.4 1 0
github.com/nexushunter-ai/nexushunter-ai/backend/internal/api/handler.go:1499.2,1500.16 2 1
github.com/nexushunter-ai/nexushunter-ai/backend/internal/api/handler.go:1500.16,1501.42 1 0
github.com/nexushunter-ai/nexushunter-ai/backend/internal/api/handler.go:1501.42,1504.4 2 0
github.com/nexushunter-ai/nexushunter-ai/backend/internal/api/handler.go:1505.3,1506.9 2 0
github.com/nexushunter-ai/nexushunter-ai/backend/internal/api/handler.go:1508.2,1508.38 1 1
github.com/nexushunter-ai/nexushunter-ai/backend/internal/api/handler.go:1512.80,1513.24 1 1
github.com/nexushunter-ai/nexushunter-ai/backend/internal/api/handler.go:1513.24,1516.3 2 0
github.com/nexushunter-ai/nexushunter-ai/backend/internal/api/handler.go:1518.2,1519.14 2 1
github.com/nexushunter-ai/nexushunter-ai/backend/internal/api/handler.go:1519.14,1521.22 2 0
github.com/nexushunter-ai/nexushunter-ai/backend/internal/api/handler.go:1521.22,1523.4 1 0
github.com/nexushunter-ai/nexushunter-ai/backend/internal/api/handler.go:1526.2,1527.61 2 1
github.com/nexushunter-ai/nexushunter-ai/backend/internal/api/handler.go:1527.61,1530.3 2 0
github.com/nexushunter-ai/nexushunter-ai/backend/internal/api/handler.go:1532.2,1544.29 2 1
github.com/nexushunter-ai/nexushunter-ai/backend/internal/api/handler.go:1544.29,1547.3 2 0
github.com/nexushunter-ai/nexushunter-ai/backend/internal/api/handler.go:1549.2,1550.16 2 1
github.com/nexushunter-ai/nexushunter-ai/backend/internal/api/handler.go:1550.16,1551.42 1 0
github.com/nexushunter-ai/nexushunter-ai/backend/internal/api/handler.go:1551.42,1554.4 2 0
github.com/nexushunter-ai/nexushunter-ai/backend/internal/api/handler.go:1555.3,1556.9 2 0
github.com/nexushunter-ai/nexushunter-ai/backend/internal/api/handler.go:1558.2,1558.36 1 1
github.com/nexushunter-ai/nexushunter-ai/backend/internal/api/handler.go:1562.77,1563.24 1 1
github.com/nexushunter-ai/nexushunter-ai/backend/internal/api/handler.go:1563.24,1566.3 2 0
github.com/nexushunter-ai/nexushunter-ai/backend/internal/api/handler.go:1568.2,1569.14 2 1
github.com/nexushunter-ai/nexushunter-ai/backend/internal/api/handler.go:1569.14,1571.22 2 0
github.com/nexushunter-ai/nexushunter-ai/backend/internal/api/handler.go:1571.22,1573.4 1 0
github.com/nexushunter-ai/nexushunter-ai/backend/internal/api/handler.go:1575.2,1578.16 3 1
github.com/nexushunter-ai/nexushunter-ai/backend/internal/api/handler.go:1578.16,1581.3 2 0
github.com/nexushunter-ai/nexushunter-ai/backend/internal/api/handler.go:1582.2,1582.36 1 1
github.com/nexushunter-ai/nexushunter-ai/backend/internal/api/handler.go:1586.71,1587.24 1 1
github.com/nexushunter-ai/nexushunter-ai/backend/internal/api/handler.go:1587.24,1590.3 2 0
github.com/nexushunter-ai/nexushunter-ai/backend/internal/api/handler.go:1592.2,1593.16 2 1
github.com/nexushunter-ai/nexushunter-ai/backend/internal/api/handler.go:1593.16,1596.3 2 0
github.com/nexushunter-ai/nexushunter-ai/backend/internal/api/handler.go:1597.2,1597.35 1 1
github.com/nexushunter-ai/nexushunter-ai/backend/internal/api/handler.go:1601.80,1602.24 1 0
github.com/nexushunter-ai/nexushunter-ai/backend/internal/api/handler.go:1602.24,1605.3 2 0
github.com/nexushunter-ai/nexushunter-ai/backend/internal/api/handler.go:1607.2,1608.14 2 0
github.com/nexushunter-ai/nexushunter-ai/backend/internal/api/handler.go:1608.14,1610.22 2 0
github.com/nexushunter-ai/nexushunter-ai/backend/internal/api/handler.go:1610.22,1612.4 1 0
github.com/nexushunter-ai/nexushunter-ai/backend/internal/api/handler.go:1614.2,1620.16 3 0
github.com/nexushunter-ai/nexushunter-ai/backend/internal/api/handler.go:1620.16,1623.3 2 0
github.com/nexushunter-ai/nexushunter-ai/backend/internal/api/handler.go:1624.2,1624.23 1 0
github.com/nexushunter-ai/nexushunter-ai/backend/internal/api/handler.go:1624.23,1626.3 1 0
github.com/nexushunter-ai/nexushunter-ai/backend/internal/api/handler.go:1627.2,1627.39 1 0
github.com/nexushunter-ai/nexushunter-ai/backend/internal/api/handler.go:1631.74,1632.22 1 1
github.com/nexushunter-ai/nexushunter-ai/backend/internal/api/handler.go:1632.22,1635.3 2 0
github.com/nexushunter-ai/nexushunter-ai/backend/internal/api/handler.go:1636.2,1637.14 2 1
github.com/nexushunter-ai/nexushunter-ai/backend/internal/api/handler.go:1637.14,1639.22 2 0
github.com/nexushunter-ai/nexushunter-ai/backend/internal/api/handler.go:1639.22,1641.4 1 0
github.com/nexushunter-ai/nexushunter-ai/backend/internal/api/handler.go:1643.2,1644.16 2 1
github.com/nexushunter-ai/nexushunter-ai/backend/internal/api/handler.go:1644.16,1647.3 2 0
github.com/nexushunter-ai/nexushunter-ai/backend/internal/api/handler.go:1648.2,1648.18 1 1
github.com/nexushunter-ai/nexushunter-ai/backend/internal/api/handler.go:1648.18,1655.3 1 0
github.com/nexushunter-ai/nexushunter-ai/backend/internal/api/handler.go:1656.2,1656.34 1 1
github.com/nexushunter-ai/nexushunter-ai/backend/internal/api/handler.go:1660.85,1661.22 1 1
github.com/nexushunter-ai/nexushunter-ai/backend/internal/api/handler.go:1661.22,1664.3 2 0
github.com/nexushunter-ai/nexushunter-ai/backend/internal/api/handler.go:1665.2,1666.14 2 1
github.com/nexushunter-ai/nexushunter-ai/backend/internal/api/handler.go:1666.14,1668.22 2 0
github.com/nexushunter-ai/nexushunter-ai/backend/internal/api/handler.go:1668.22,1670.4 1 0
github.com/nexushunter-ai/nexushunter-ai/backend/internal/api/handler.go:1672.2,1673.46 2 1
github.com/nexushunter-ai/nexushunter-ai/backend/internal/api/handler.go:1673.46,1674.57 1 0
github.com/nexushunter-ai/nexushunter-ai/backend/internal/api/handler.go:1674.57,1676.4 1 0
github.com/nexushunter-ai/nexushunter-ai/backend/internal/api/handler.go:1678.2,1679.16 2 1
github.com/nexushunter-ai/nexushunter-ai/backend/internal/api/handler.go:1679.16,1682.3 2 0
github.com/nexushunter-ai/nexushunter-ai/backend/internal/api/handler.go:1683.2,1683.20 1 1
github.com/nexushunter-ai/nexushunter-ai/backend/internal/api/handler.go:1683.20,1685.3 1 0
github.com/nexushunter-ai/nexushunter-ai/backend/internal/api/handler.go:1686.2,1686.36 1 1
github.com/nexushunter-ai/nexushunter-ai/backend/internal/api/handler.go:1690.80,1691.22 1 1
github.com/nexushunter-ai/nexushunter-ai/backend/internal/api/handler.go:1691.22,1694.3 2 0
github.com/nexushunter-ai/nexushunter-ai/backend/internal/api/handler.go:1695.2,1696.14 2 1
github.com/nexushunter-ai/nexushunter-ai/backend/internal/api/handler.go:1696.14,1698.22 2 0
github.com/nexushunter-ai/nexushunter-ai/backend/internal/api/handler.go:1698.22,1700.4 1 0
github.com/nexushunter-ai/nexushunter-ai/backend/internal/api/handler.go:1702.2,1703.16 2 1
github.com/nexushunter-ai/nexushunter-ai/backend/internal/api/handler.go:1703.16,1706.3 2 0
github.com/nexushunter-ai/nexushunter-ai/backend/internal/api/handler.go:1707.2,1707.20 1 1
github.com/nexushunter-ai/nexushunter-ai/backend/internal/api/handler.go:1707.20,1709.3 1 0
github.com/nexushunter-ai/nexushunter-ai/backend/internal/api/handler.go:1710.2,1710.36 1 1
github.com/nexushunter-ai/nexushunter-ai/backend/internal/api/handler.go:1714.83,1715.22 1 0
github.com/nexushunter-ai/nexushunter-ai/backend/internal/api/handler.go:1715.22,1718.3 2 0
github.com/nexushunter-ai/nexushunter-ai/backend/internal/api/handler.go:1719.2,1720.14 2 0
github.com/nexushunter-ai/nexushunter-ai/backend/internal/api/handler.go:1720.14,1722.22 2 0
github.com/nexushunter-ai/nexushunter-ai/backend/internal/api/handler.go:1722.22,1724.4 1 0
github.com/nexushunter-ai/nexushunter-ai/backend/internal/api/handler.go:1726.2,1727.16 2 0
github.com/nexushunter-ai/nexushunter-ai/backend/internal/api/handler.go:1727.16,1730.3 2 0
github.com/nexushunter-ai/nexushunter-ai/backend/internal/api/handler.go:1731.2,1731.18 1 0
github.com/nexushunter-ai/nexushunter-ai/backend/internal/api/handler.go:1731.18,1733.3 1 0
github.com/nexushunter-ai/nexushunter-ai/backend/internal/api/handler.go:1734.2,1734.34 1 0
github.com/nexushunter-ai/nexushunter-ai/backend/internal/api/handler.go:1738.85,1739.22 1 1
github.com/nexushunter-ai/nexushunter-ai/backend/internal/api/handler.go:1739.22,1742.3 2 0
github.com/nexushunter-ai/nexushunter-ai/backend/internal/api/handler.go:1743.2,1744.14 2 1
github.com/nexushunter-ai/nexushunter-ai/backend/internal/api/handler.go:1744.14,1746.22 2 0
github.com/nexushunter-ai/nexushunter-ai/backend/internal/api/handler.go:1746.22,1748.4 1 0
github.com/nexushunter-ai/nexushunter-ai/backend/internal/api/handler.go:1750.2,1751.16 2 1
github.com/nexushunter-ai/nexushunter-ai/backend/internal/api/handler.go:1751.16,1754.3 2 0
github.com/nexushunter-ai/nexushunter-ai/backend/internal/api/handler.go:1755.2,1755.21 1 1
github.com/nexushunter-ai/nexushunter-ai/backend/internal/api/handler.go:1755.21,1757.3 1 0
github.com/nexushunter-ai/nexushunter-ai/backend/internal/api/handler.go:1758.2,1758.37 1 1
github.com/nexushunter-ai/nexushunter-ai/backend/internal/api/handler.go:1762.79,1763.22 1 1
github.com/nexushunter-ai/nexushunter-ai/backend/internal/api/handler.go:1763.22,1766.3 2 0
github.com/nexushunter-ai/nexushunter-ai/backend/internal/api/handler.go:1767.2,1768.14 2 1
github.com/nexushunter-ai/nexushunter-ai/backend/internal/api/handler.go:1768.14,1770.27 2 0
github.com/nexushunter-ai/nexushunter-ai/backend/internal/api/handler.go:1770.27,1771.57 1 0
github.com/nexushunter-ai/nexushunter-ai/backend/internal/api/handler.go:1771.57,1773.10 2 0
github.com/nexushunter-ai/nexushunter-ai/backend/internal/api/handler.go:1777.2,1780.62 2 1
github.com/nexushunter-ai/nexushunter-ai/backend/internal/api/handler.go:1780.62,1783.3 2 0
github.com/nexushunter-ai/nexushunter-ai/backend/internal/api/handler.go:1784.2,1784.106 1 1
github.com/nexushunter-ai/nexushunter-ai/backend/internal/api/handler.go:1784.106,1787.3 2 0
github.com/nexushunter-ai/nexushunter-ai/backend/internal/api/handler.go:1788.2,1789.36 2 1
github.com/nexushunter-ai/nexushunter-ai/backend/internal/api/handler.go:1793.77,1794.22 1 1
github.com/nexushunter-ai/nexushunter-ai/backend/internal/api/handler.go:1794.22,1797.3 2 0
github.com/nexushunter-ai/nexushunter-ai/backend/internal/api/handler.go:1798.2,1799.14 2 1
github.com/nexushunter-ai/nexushunter-ai/backend/internal/api/handler.go:1799.14,1801.22 2 0
github.com/nexushunter-ai/nexushunter-ai/backend/internal/api/handler.go:1801.22,1803.4 1 0
github.com/nexushunter-ai/nexushunter-ai/backend/internal/api/handler.go:1805.2,1806.16 2 1
github.com/nexushunter-ai/nexushunter-ai/backend/internal/api/handler.go:1806.16,1809.3 2 0
github.com/nexushunter-ai/nexushunter-ai/backend/internal/api/handler.go:1810.2,1810.32 1 1
github.com/nexushunter-ai/nexushunter-ai/backend/internal/api/handler.go:1814.87,1815.24 1 1
github.com/nexushunter-ai/nexushunter-ai/backend/internal/api/handler.go:1815.24,1818.3 2 0
github.com/nexushunter-ai/nexushunter-ai/backend/internal/api/handler.go:1819.2,1820.61 2 1
github.com/nexushunter-ai/nexushunter-ai/backend/internal/api/handler.go:1820.61,1823.3 2 0
github.com/nexushunter-ai/nexushunter-ai/backend/internal/api/handler.go:1824.2,1825.16 2 1
github.com/nexushunter-ai/nexushunter-ai/backend/internal/api/handler.go:1825.16,1826.55 1 1
github.com/nexushunter-ai/nexushunter-ai/backend/internal/api/handler.go:1826.55,1829.4 2 1
github.com/nexushunter-ai/nexushunter-ai/backend/internal/api/handler.go:1830.3,1831.9 2 0
github.com/nexushunter-ai/nexushunter-ai/backend/internal/api/handler.go:1833.2,1833.35 1 0
github.com/nexushunter-ai/nexushunter-ai/backend/internal/api/handler_phase8.go:36.66,47.2 10 0
github.com/nexushunter-ai/nexushunter-ai/backend/internal/api/handler_phase8.go:49.61,51.2 1 0
github.com/nexushunter-ai/nexushunter-ai/backend/internal/api/handler_phase8.go:57.71,60.16 3 0
github.com/nexushunter-ai/nexushunter-ai/backend/internal/api/handler_phase8.go:60.16,63.3 2 0
github.com/nexushunter-ai/nexushunter-ai/backend/internal/api/handler_phase8.go:65.2,66.20 2 0
github.com/nexushunter-ai/nexushunter-ai/backend/internal/api/handler_phase8.go:66.20,68.3 1 0
github.com/nexushunter-ai/nexushunter-ai/backend/internal/api/handler_phase8.go:70.2,71.22 2 0
github.com/nexushunter-ai/nexushunter-ai/backend/internal/api/handler_phase8.go:71.22,73.3 1 0
github.com/nexushunter-ai/nexushunter-ai/backend/internal/api/handler_phase8.go:75.2,76.16 2 0
github.com/nexushunter-ai/nexushunter-ai/backend/internal/api/handler_phase8.go:76.16,82.3 2 0
github.com/nexushunter-ai/nexushunter-ai/backend/internal/api/handler_phase8.go:84.2,84.32 1 0
github.com/nexushunter-ai/nexushunter-ai/backend/internal/api/handler_phase8.go:84.32,90.3 2 0
github.com/nexushunter-ai/nexushunter-ai/backend/internal/api/handler_phase8.go:92.2,92.74 1 0
github.com/nexushunter-ai/nexushunter-ai/backend/internal/api/handler_phase8.go:92.74,99.3 2 0
github.com/nexushunter-ai/nexushunter-ai/backend/internal/api/handler_phase8.go:101.2,101.42 1 0
github.com/nexushunter-ai/nexushunter-ai/backend/internal/api/handler_phase8.go:105.76,107.32 2 0
github.com/nexushunter-ai/nexushunter-ai/backend/internal/api/handler_phase8.go:107.32,110.3 2 0
github.com/nexushunter-ai/nexushunter-ai/backend/internal/api/handler_phase8.go:112.2,113.16 2 0
github.com/nexushunter-ai/nexushunter-ai/backend/internal/api/handler_phase8.go:113.16,116.3 2 0
github.com/nexushunter-ai/nexushunter-ai/backend/internal/api/handler_phase8.go:117.2,117.38 1 0
github.com/nexushunter-ai/nexushunter-ai/backend/internal/api/handler_phase8.go:120.74,123.32 3 0
github.com/nexushunter-ai/nexushunter-ai/backend/internal/api/handler_phase8.go:123.32,126.3 2 0
github.com/nexushunter-ai/nexushunter-ai/backend/internal/api/handler_phase8.go:128.2,129.16 2 0
github.com/nexushunter-ai/nexushunter-ai/backend/internal/api/handler_phase8.go:129.16,132.3 2 0
github.com/nexushunter-ai/nexushunter-ai/backend/internal/api/handler_phase8.go:133.2,133.34 1 0
github.com/nexushunter-ai/nexushunter-ai/backend/internal/api/handler_phase8.go:143.78,148.61 4 0
github.com/nexushunter-ai/nexushunter-ai/backend/internal/api/handler_phase8.go:148.61,151.3 2 0
github.com/nexushunter-ai/nexushunter-ai/backend/internal/api/handler_phase8.go:153.2,153.32 1 0
github.com/nexushunter-ai/nexushunter-ai/backend/internal/api/handler_phase8.go:153.32,156.3 2 0
github.com/nexushunter-ai/nexushunter-ai/backend/internal/api/handler_phase8.go:158.2,159.16 2 0
github.com/nexushunter-ai/nexushunter-ai/backend/internal/api/handler_phase8.go:159.16,162.3 2 0
github.com/nexushunter-ai/nexushunter-ai/backend/internal/api/handler_phase8.go:165.2,165.31 1 0
github.com/nexushunter-ai/nexushunter-ai/backend/internal/api/handler_phase8.go:165.31,168.3 2 0
github.com/nexushunter-ai/nexushunter-ai/backend/internal/api/handler_phase8.go:169.2,169.30 1 0
github.com/nexushunter-ai/nexushunter-ai/backend/internal/api/handler_phase8.go:169.30,172.3 2 0
github.com/nexushunter-ai/nexushunter-ai/backend/internal/api/handler_phase8.go:174.2,175.24 2 0
github.com/nexushunter-ai/nexushunter-ai/backend/internal/api/handler_phase8.go:175.24,180.3 2 0
github.com/nexushunter-ai/nexushunter-ai/backend/internal/api/handler_phase8.go:183.2,184.23 2 0
github.com/nexushunter-ai/nexushunter-ai/backend/internal/api/handler_phase8.go:184.23,185.83 1 0
github.com/nexushunter-ai/nexushunter-ai/backend/internal/api/handler_phase8.go:185.83,187.4 1 0
github.com/nexushunter-ai/nexushunter-ai/backend/internal/api/handler_phase8.go:187.9,187.94 1 0
github.com/nexushunter-ai/nexushunter-ai/backend/internal/api/handler_phase8.go:187.94,189.4 1 0
github.com/nexushunter-ai/nexushunter-ai/backend/internal/api/handler_phase8.go:191.2,191.23 1 0
github.com/nexushunter-ai/nexushunter-ai/backend/internal/api/handler_phase8.go:191.23,197.3 2 0
github.com/nexushunter-ai/nexushunter-ai/backend/internal/api/handler_phase8.go:200.2,201.37 2 0
github.com/nexushunter-ai/nexushunter-ai/backend/internal/api/handler_phase8.go:201.37,202.42 1 0
github.com/nexushunter-ai/nexushunter-ai/backend/internal/api/handler_phase8.go:202.42,204.9 2 0
github.com/nexushunter-ai/nexushunter-ai/backend/internal/api/handler_phase8.go:207.2,207.21 1 0
github.com/nexushunter-ai/nexushunter-ai/backend/internal/api/handler_phase8.go:207.21,212.3 2 0
github.com/nexushunter-ai/nexushunter-ai/backend/internal/api/handler_phase8.go:214.2,215.22 2 0
github.com/nexushunter-ai/nexushunter-ai/backend/internal/api/handler_phase8.go:215.22,217.3 1 0
github.com/nexushunter-ai/nexushunter-ai/backend/internal/api/handler_phase8.go:219.2,236.31 3 0
github.com/nexushunter-ai/nexushunter-ai/backend/internal/api/handler_phase8.go:236.31,240.3 3 0
github.com/nexushunter-ai/nexushunter-ai/backend/internal/api/handler_phase8.go:243.2,244.16 2 0
github.com/nexushunter-ai/nexushunter-ai/backend/internal/api/handler_phase8.go:244.16,245.85 1 0
github.com/nexushunter-ai/nexushunter-ai/backend/internal/api/handler_phase8.go:245.85,248.4 2 0
github.com/nexushunter-ai/nexushunter-ai/backend/internal/api/handler_phase8.go:249.3,250.9 2 0
github.com/nexushunter-ai/nexushunter-ai/backend/internal/api/handler_phase8.go:253.2,263.4 1 0
github.com/nexushunter-ai/nexushunter-ai/backend/internal/api/handler_phase8.go:270.78,275.23 4 0
github.com/nexushunter-ai/nexushunter-ai/backend/internal/api/handler_phase8.go:275.23,278.3 2 0
github.com/nexushunter-ai/nexushunter-ai/backend/internal/api/handler_phase8.go:280.2,281.16 2 0
github.com/nexushunter-ai/nexushunter-ai/backend/internal/api/handler_phase8.go:281.16,284.3 2 0
github.com/nexushunter-ai/nexushunter-ai/backend/internal/api/handler_phase8.go:285.2,285.37 1 0
github.com/nexushunter-ai/nexushunter-ai/backend/internal/api/handler_phase8.go:288.82,293.23 4 0
github.com/nexushunter-ai/nexushunter-ai/backend/internal/api/handler_phase8.go:293.23,296.3 2 0
github.com/nexushunter-ai/nexushunter-ai/backend/internal/api/handler_phase8.go:298.2,299.16 2 0
github.com/nexushunter-ai/nexushunter-ai/backend/internal/api/handler_phase8.go:299.16,302.3 2 0
github.com/nexushunter-ai/nexushunter-ai/backend/internal/api/handler_phase8.go:303.2,303.35 1 0
github.com/nexushunter-ai/nexushunter-ai/backend/internal/api/handler_phase8.go:306.79,311.23 4 0
github.com/nexushunter-ai/nexushunter-ai/backend/internal/api/handler_phase8.go:311.23,314.3 2 0
github.com/nexushunter-ai/nexushunter-ai/backend/internal/api/handler_phase8.go:316.2,317.16 2 0
github.com/nexushunter-ai/nexushunter-ai/backend/internal/api/handler_phase8.go:317.16,320.3 2 0
github.com/nexushunter-ai/nexushunter-ai/backend/internal/api/handler_phase8.go:321.2,321.38 1 0
github.com/nexushunter-ai/nexushunter-ai/backend/internal/api/handler_phase8.go:330.77,335.16 4 0
github.com/nexushunter-ai/nexushunter-ai/backend/internal/api/handler_phase8.go:335.16,338.3 2 0
github.com/nexushunter-ai/nexushunter-ai/backend/internal/api/handler_phase8.go:340.2,341.61 2 0
github.com/nexushunter-ai/nexushunter-ai/backend/internal/api/handler_phase8.go:341.61,344.3 2 0
github.com/nexushunter-ai/nexushunter-ai/backend/internal/api/handler_phase8.go:346.2,346.24 1 0
github.com/nexushunter-ai/nexushunter-ai/backend/internal/api/handler_phase8.go:346.24,349.3 2 0
github.com/nexushunter-ai/nexushunter-ai/backend/internal/api/handler_phase8.go:351.2,362.23 4 0
github.com/nexushunter-ai/nexushunter-ai/backend/internal/api/handler_phase8.go:362.23,364.3 1 0
github.com/nexushunter-ai/nexushunter-ai/backend/internal/api/handler_phase8.go:364.8,364.32 1 0
github.com/nexushunter-ai/nexushunter-ai/backend/internal/api/handler_phase8.go:364.32,366.3 1 0
github.com/nexushunter-ai/nexushunter-ai/backend/internal/api/handler_phase8.go:366.8,369.3 2 0
github.com/nexushunter-ai/nexushunter-ai/backend/internal/api/handler_phase8.go:370.2,370.16 1 0
github.com/nexushunter-ai/nexushunter-ai/backend/internal/api/handler_phase8.go:370.16,373.3 2 0
github.com/nexushunter-ai/nexushunter-ai/backend/internal/api/handler_phase8.go:375.2,375.23 1 0
github.com/nexushunter-ai/nexushunter-ai/backend/internal/api/handler_phase8.go:375.23,377.28 2 0
github.com/nexushunter-ai/nexushunter-ai/backend/internal/api/handler_phase8.go:377.28,379.4 1 0
github.com/nexushunter-ai/nexushunter-ai/backend/internal/api/handler_phase8.go:380.3,380.31 1 0
github.com/nexushunter-ai/nexushunter-ai/backend/internal/api/handler_phase8.go:380.31,382.4 1 0
github.com/nexushunter-ai/nexushunter-ai/backend/internal/api/handler_phase8.go:385.2,389.4 1 0
github.com/nexushunter-ai/nexushunter-ai/backend/internal/api/handler_phase8.go:396.85,401.26 4 0
github.com/nexushunter-ai/nexushunter-ai/backend/internal/api/handler_phase8.go:401.26,404.3 2 0
github.com/nexushunter-ai/nexushunter-ai/backend/internal/api/handler_phase8.go:406.2,407.16 2 0
github.com/nexushunter-ai/nexushunter-ai/backend/internal/api/handler_phase8.go:407.16,410.3 2 0
github.com/nexushunter-ai/nexushunter-ai/backend/internal/api/handler_phase8.go:411.2,411.35 1 0
github.com/nexushunter-ai/nexushunter-ai/backend/internal/api/handler_phase8.go:418.82,422.61 3 0
github.com/nexushunter-ai/nexushunter-ai/backend/internal/api/handler_phase8.go:422.61,425.3 2 0
github.com/nexushunter-ai/nexushunter-ai/backend/internal/api/handler_phase8.go:427.2,427.51 1 0
github.com/nexushunter-ai/nexushunter-ai/backend/internal/api/handler_phase8.go:427.51,430.3 2 0
github.com/nexushunter-ai/nexushunter-ai/backend/internal/api/handler_phase8.go:432.2,433.30 2 0
github.com/nexushunter-ai/nexushunter-ai/backend/internal/api/handler_phase8.go:433.30,436.3 2 0
github.com/nexushunter-ai/nexushunter-ai/backend/internal/api/handler_phase8.go:438.2,439.33 2 0
github.com/nexushunter-ai/nexushunter-ai/backend/internal/api/handler_phase8.go:439.33,442.3 2 0
github.com/nexushunter-ai/nexushunter-ai/backend/internal/api/handler_phase8.go:444.2,444.79 1 0
github.com/nexushunter-ai/nexushunter-ai/backend/internal/api/handler_phase8.go:444.79,447.3 2 0
github.com/nexushunter-ai/nexushunter-ai/backend/internal/api/handler_phase8.go:449.2,450.34 2 0
github.com/nexushunter-ai/nexushunter-ai/backend/internal/api/handler_phase8.go:458.85,462.24 3 0
github.com/nexushunter-ai/nexushunter-ai/backend/internal/api/handler_phase8.go:462.24,465.3 2 0
github.com/nexushunter-ai/nexushunter-ai/backend/internal/api/handler_phase8.go:467.2,468.16 2 0
github.com/nexushunter-ai/nexushunter-ai/backend/internal/api/handler_phase8.go:468.16,471.3 2 0
github.com/nexushunter-ai/nexushunter-ai/backend/internal/api/handler_phase8.go:472.2,472.34 1 0
github.com/nexushunter-ai/nexushunter-ai/backend/internal/api/handler_phase8.go:486.79,491.16 4 0
github.com/nexushunter-ai/nexushunter-ai/backend/internal/api/handler_phase8.go:491.16,494.3 2 0
github.com/nexushunter-ai/nexushunter-ai/backend/internal/api/handler_phase8.go:496.2,497.61 2 0
github.com/nexushunter-ai/nexushunter-ai/backend/internal/api/handler_phase8.go:497.61,500.3 2 0
github.com/nexushunter-ai/nexushunter-ai/backend/internal/api/handler_phase8.go:502.2,502.27 1 0
github.com/nexushunter-ai/nexushunter-ai/backend/internal/api/handler_phase8.go:502.27,505.3 2 0
github.com/nexushunter-ai/nexushunter-ai/backend/internal/api/handler_phase8.go:507.2,513.45 2 0
github.com/nexushunter-ai/nexushunter-ai/backend/internal/api/handler_phase8.go:513.45,514.105 1 0
github.com/nexushunter-ai/nexushunter-ai/backend/internal/api/handler_phase8.go:514.105,516.4 1 0
github.com/nexushunter-ai/nexushunter-ai/backend/internal/api/handler_phase8.go:518.2,518.24 1 0
github.com/nexushunter-ai/nexushunter-ai/backend/internal/api/handler_phase8.go:518.24,519.75 1 0
github.com/nexushunter-ai/nexushunter-ai/backend/internal/api/handler_phase8.go:519.75,521.4 1 0
github.com/nexushunter-ai/nexushunter-ai/backend/internal/api/handler_phase8.go:524.2,524.23 1 0
github.com/nexushunter-ai/nexushunter-ai/backend/internal/api/handler_phase8.go:524.23,525.78 1 0
github.com/nexushunter-ai/nexushunter-ai/backend/internal/api/handler_phase8.go:525.78,527.4 1 0
github.com/nexushunter-ai/nexushunter-ai/backend/internal/api/handler_phase8.go:529.2,529.26 1 0
github.com/nexushunter-ai/nexushunter-ai/backend/internal/api/handler_phase8.go:529.26,530.98 1 0
github.com/nexushunter-ai/nexushunter-ai/backend/internal/api/handler_phase8.go:530.98,532.4 1 0
github.com/nexushunter-ai/nexushunter-ai/backend/internal/api/handler_phase8.go:534.2,534.24 1 0
github.com/nexushunter-ai/nexushunter-ai/backend/internal/api/handler_phase8.go:534.24,535.91 1 0
github.com/nexushunter-ai/nexushunter-ai/backend/internal/api/handler_phase8.go:535.91,537.4 1 0
github.com/nexushunter-ai/nexushunter-ai/backend/internal/api/handler_phase8.go:540.2,541.16 2 0
github.com/nexushunter-ai/nexushunter-ai/backend/internal/api/handler_phase8.go:541.16,544.3 2 0
github.com/nexushunter-ai/nexushunter-ai/backend/internal/api/handler_phase8.go:546.2,546.28 1 0
github.com/nexushunter-ai/nexushunter-ai/backend/internal/api/handler_phase8.go:546.28,548.3 1 0
github.com/nexushunter-ai/nexushunter-ai/backend/internal/api/handler_phase8.go:550.2,550.40 1 0
github.com/nexushunter-ai/nexushunter-ai/backend/internal/api/handler_phase8.go:553.82,558.28 4 0
github.com/nexushunter-ai/nexushunter-ai/backend/internal/api/handler_phase8.go:558.28,561.3 2 0
github.com/nexushunter-ai/nexushunter-ai/backend/internal/api/handler_phase8.go:563.2,564.16 2 0
github.com/nexushunter-ai/nexushunter-ai/backend/internal/api/handler_phase8.go:564.16,567.3 2 0
github.com/nexushunter-ai/nexushunter-ai/backend/internal/api/handler_phase8.go:568.2,568.36 1 0
github.com/nexushunter-ai/nexushunter-ai/backend/internal/api/handler_phase8.go:571.80,575.28 3 0
github.com/nexushunter-ai/nexushunter-ai/backend/internal/api/handler_phase8.go:575.28,578.3 2 0
github.com/nexushunter-ai/nexushunter-ai/backend/internal/api/handler_phase8.go:580.2,581.16 2 0
github.com/nexushunter-ai/nexushunter-ai/backend/internal/api/handler_phase8.go:581.16,584.3 2 0
github.com/nexushunter-ai/nexushunter-ai/backend/internal/api/handler_phase8.go:585.2,585.35 1 0
github.com/nexushunter-ai/nexushunter-ai/backend/internal/api/handler_phase8.go:592.84,597.61 4 0
github.com/nexushunter-ai/nexushunter-ai/backend/internal/api/handler_phase8.go:597.61,600.3 2 0
github.com/nexushunter-ai/nexushunter-ai/backend/internal/api/handler_phase8.go:602.2,602.27 1 0
github.com/nexushunter-ai/nexushunter-ai/backend/internal/api/handler_phase8.go:602.27,605.3 2 0
github.com/nexushunter-ai/nexushunter-ai/backend/internal/api/handler_phase8.go:607.2,608.16 2 0
github.com/nexushunter-ai/nexushunter-ai/backend/internal/api/handler_phase8.go:608.16,611.3 2 0
github.com/nexushunter-ai/nexushunter-ai/backend/internal/api/handler_phase8.go:613.2,613.28 1 0
github.com/nexushunter-ai/nexushunter-ai/backend/internal/api/handler_phase8.go:613.28,615.3 1 0
github.com/nexushunter-ai/nexushunter-ai/backend/internal/api/handler_phase8.go:617.2,617.42 1 0
github.com/nexushunter-ai/nexushunter-ai/backend/internal/api/reasoning_handler.go:16.71,21.16 4 0
github.com/nexushunter-ai/nexushunter-ai/backend/internal/api/reasoning_handler.go:21.16,24.3 2 0
github.com/nexushunter-ai/nexushunter-ai/backend/internal/api/reasoning_handler.go:25.2,25.20 1 0
github.com/nexushunter-ai/nexushunter-ai/backend/internal/api/reasoning_handler.go:25.20,27.3 1 0
github.com/nexushunter-ai/nexushunter-ai/backend/internal/api/reasoning_handler.go:28.2,28.33 1 0
github.com/nexushunter-ai/nexushunter-ai/backend/internal/api/reasoning_handler.go:32.69,34.14 2 0
github.com/nexushunter-ai/nexushunter-ai/backend/internal/api/reasoning_handler.go:34.14,37.3 2 0
github.com/nexushunter-ai/nexushunter-ai/backend/internal/api/reasoning_handler.go:39.2,40.16 2 0
github.com/nexushunter-ai/nexushunter-ai/backend/internal/api/reasoning_handler.go:40.16,43.3 2 0
github.com/nexushunter-ai/nexushunter-ai/backend/internal/api/reasoning_handler.go:44.2,44.29 1 0
github.com/nexushunter-ai/nexushunter-ai/backend/internal/api/reasoning_handler.go:48.78,53.61 3 0
github.com/nexushunter-ai/nexushunter-ai/backend/internal/api/reasoning_handler.go:53.61,56.3 2 0
github.com/nexushunter-ai/nexushunter-ai/backend/internal/api/reasoning_handler.go:58.2,59.30 2 0
github.com/nexushunter-ai/nexushunter-ai/backend/internal/api/reasoning_handler.go:59.30,62.3 2 0
github.com/nexushunter-ai/nexushunter-ai/backend/internal/api/reasoning_handler.go:64.2,64.65 1 0
github.com/nexushunter-ai/nexushunter-ai/backend/internal/api/reasoning_handler.go:64.65,67.3 2 0
github.com/nexushunter-ai/nexushunter-ai/backend/internal/api/reasoning_handler.go:69.2,69.88 1 0
github.com/nexushunter-ai/nexushunter-ai/backend/internal/api/reasoning_handler.go:69.88,72.3 2 0
github.com/nexushunter-ai/nexushunter-ai/backend/internal/api/reasoning_handler.go:73.2,73.126 1 0
github.com/nexushunter-ai/nexushunter-ai/backend/internal/api/reasoning_handler.go:77.74,83.19 5 0
github.com/nexushunter-ai/nexushunter-ai/backend/internal/api/reasoning_handler.go:83.19,85.3 1 0
github.com/nexushunter-ai/nexushunter-ai/backend/internal/api/reasoning_handler.go:85.8,87.3 1 0
github.com/nexushunter-ai/nexushunter-ai/backend/internal/api/reasoning_handler.go:88.2,88.16 1 0
github.com/nexushunter-ai/nexushunter-ai/backend/internal/api/reasoning_handler.go:88.16,91.3 2 0
github.com/nexushunter-ai/nexushunter-ai/backend/internal/api/reasoning_handler.go:92.2,92.18 1 0
github.com/nexushunter-ai/nexushunter-ai/backend/internal/api/reasoning_handler.go:92.18,94.3 1 0
github.com/nexushunter-ai/nexushunter-ai/backend/internal/api/reasoning_handler.go:95.2,95.31 1 0
github.com/nexushunter-ai/nexushunter-ai/backend/internal/api/reasoning_handler.go:99.73,102.16 3 0
github.com/nexushunter-ai/nexushunter-ai/backend/internal/api/reasoning_handler.go:102.16,105.3 2 0
github.com/nexushunter-ai/nexushunter-ai/backend/internal/api/reasoning_handler.go:106.2,106.29 1 0
github.com/nexushunter-ai/nexushunter-ai/backend/internal/api/reasoning_handler.go:110.76,112.61 2 0
github.com/nexushunter-ai/nexushunter-ai/backend/internal/api/reasoning_handler.go:112.61,115.3 2 0
github.com/nexushunter-ai/nexushunter-ai/backend/internal/api/reasoning_handler.go:118.2,118.43 1 0
github.com/nexushunter-ai/nexushunter-ai/backend/internal/api/reasoning_handler.go:118.43,121.3 2 0
github.com/nexushunter-ai/nexushunter-ai/backend/internal/api/reasoning_handler.go:122.2,122.84 1 0
github.com/nexushunter-ai/nexushunter-ai/backend/internal/api/reasoning_handler.go:122.84,125.3 2 0
github.com/nexushunter-ai/nexushunter-ai/backend/internal/api/reasoning_handler.go:127.2,127.23 1 0
github.com/nexushunter-ai/nexushunter-ai/backend/internal/api/reasoning_handler.go:127.23,128.94 1 0
github.com/nexushunter-ai/nexushunter-ai/backend/internal/api/reasoning_handler.go:128.94,131.4 2 0
github.com/nexushunter-ai/nexushunter-ai/backend/internal/api/reasoning_handler.go:134.2,134.45 1 0
github.com/nexushunter-ai/nexushunter-ai/backend/internal/api/reasoning_handler.go:134.45,135.105 1 0
github.com/nexushunter-ai/nexushunter-ai/backend/internal/api/reasoning_handler.go:135.105,138.4 2 0
github.com/nexushunter-ai/nexushunter-ai/backend/internal/api/reasoning_handler.go:141.2,141.48 1 0
github.com/nexushunter-ai/nexushunter-ai/backend/internal/api/reasoning_handler.go:141.48,142.105 1 0
github.com/nexushunter-ai/nexushunter-ai/backend/internal/api/reasoning_handler.go:142.105,145.4 2 0
github.com/nexushunter-ai/nexushunter-ai/backend/internal/api/reasoning_handler.go:148.2,148.44 1 0
github.com/nexushunter-ai/nexushunter-ai/backend/internal/api/reasoning_handler.go:148.44,149.90 1 0
github.com/nexushunter-ai/nexushunter-ai/backend/internal/api/reasoning_handler.go:149.90,152.4 2 0
github.com/nexushunter-ai/nexushunter-ai/backend/internal/api/reasoning_handler.go:155.2,155.18 1 0
github.com/nexushunter-ai/nexushunter-ai/backend/internal/api/reasoning_handler.go:155.18,157.3 1 0
github.com/nexushunter-ai/nexushunter-ai/backend/internal/api/reasoning_handler.go:158.2,158.31 1 0
github.com/nexushunter-ai/nexushunter-ai/backend/internal/api/reasoning_handler.go:158.31,160.3 1 0
github.com/nexushunter-ai/nexushunter-ai/backend/internal/api/reasoning_handler.go:161.2,161.22 1 0
github.com/nexushunter-ai/nexushunter-ai/backend/internal/api/reasoning_handler.go:161.22,163.3 1 0
github.com/nexushunter-ai/nexushunter-ai/backend/internal/api/reasoning_handler.go:165.2,165.74 1 0
github.com/nexushunter-ai/nexushunter-ai/backend/internal/api/reasoning_handler.go:165.74,168.3 2 0
github.com/nexushunter-ai/nexushunter-ai/backend/internal/api/reasoning_handler.go:169.2,169.34 1 0
github.com/nexushunter-ai/nexushunter-ai/backend/internal/api/reasoning_handler.go:173.82,178.61 3 0
github.com/nexushunter-ai/nexushunter-ai/backend/internal/api/reasoning_handler.go:178.61,181.3 2 0
github.com/nexushunter-ai/nexushunter-ai/backend/internal/api/reasoning_handler.go:183.2,184.30 2 0
github.com/nexushunter-ai/nexushunter-ai/backend/internal/api/reasoning_handler.go:184.30,187.3 2 0
github.com/nexushunter-ai/nexushunter-ai/backend/internal/api/reasoning_handler.go:189.2,189.69 1 0
github.com/nexushunter-ai/nexushunter-ai/backend/internal/api/reasoning_handler.go:189.69,192.3 2 0
github.com/nexushunter-ai/nexushunter-ai/backend/internal/api/reasoning_handler.go:195.2,195.52 1 0
github.com/nexushunter-ai/nexushunter-ai/backend/internal/api/reasoning_handler.go:195.52,196.35 1 0
github.com/nexushunter-ai/nexushunter-ai/backend/internal/api/reasoning_handler.go:196.35,199.4 2 0
github.com/nexushunter-ai/nexushunter-ai/backend/internal/api/reasoning_handler.go:200.3,200.39 1 0
github.com/nexushunter-ai/nexushunter-ai/backend/internal/api/reasoning_handler.go:200.39,203.4 2 0
github.com/nexushunter-ai/nexushunter-ai/backend/internal/api/reasoning_handler.go:204.3,204.50 1 0
github.com/nexushunter-ai/nexushunter-ai/backend/internal/api/reasoning_handler.go:204.50,205.30 1 0
github.com/nexushunter-ai/nexushunter-ai/backend/internal/api/reasoning_handler.go:205.30,208.5 2 0
github.com/nexushunter-ai/nexushunter-ai/backend/internal/api/reasoning_handler.go:212.3,212.46 1 0
github.com/nexushunter-ai/nexushunter-ai/backend/internal/api/reasoning_handler.go:212.46,214.31 2 0
github.com/nexushunter-ai/nexushunter-ai/backend/internal/api/reasoning_handler.go:214.31,217.5 2 0
github.com/nexushunter-ai/nexushunter-ai/backend/internal/api/reasoning_handler.go:218.4,218.35 1 0
github.com/nexushunter-ai/nexushunter-ai/backend/internal/api/reasoning_handler.go:218.35,221.5 2 0
github.com/nexushunter-ai/nexushunter-ai/backend/internal/api/reasoning_handler.go:222.4,222.74 1 0
github.com/nexushunter-ai/nexushunter-ai/backend/internal/api/reasoning_handler.go:222.74,225.5 2 0
github.com/nexushunter-ai/nexushunter-ai/backend/internal/api/reasoning_handler.go:226.4,226.73 1 0
github.com/nexushunter-ai/nexushunter-ai/backend/internal/api/reasoning_handler.go:226.73,229.5 2 0
github.com/nexushunter-ai/nexushunter-ai/backend/internal/api/reasoning_handler.go:230.4,230.83 1 0
github.com/nexushunter-ai/nexushunter-ai/backend/internal/api/reasoning_handler.go:230.83,233.5 2 0
github.com/nexushunter-ai/nexushunter-ai/backend/internal/api/reasoning_handler.go:236.4,239.42 4 0
github.com/nexushunter-ai/nexushunter-ai/backend/internal/api/reasoning_handler.go:239.42,242.5 2 0
github.com/nexushunter-ai/nexushunter-ai/backend/internal/api/reasoning_handler.go:244.4,245.27 2 0
github.com/nexushunter-ai/nexushunter-ai/backend/internal/api/reasoning_handler.go:245.27,247.5 1 0
github.com/nexushunter-ai/nexushunter-ai/backend/internal/api/reasoning_handler.go:248.4,248.80 1 0
github.com/nexushunter-ai/nexushunter-ai/backend/internal/api/reasoning_handler.go:248.80,251.5 2 0
github.com/nexushunter-ai/nexushunter-ai/backend/internal/api/reasoning_handler.go:255.2,255.52 1 0
github.com/nexushunter-ai/nexushunter-ai/backend/internal/api/reasoning_handler.go:255.52,256.114 1 0
github.com/nexushunter-ai/nexushunter-ai/backend/internal/api/reasoning_handler.go:256.114,259.4 2 0
github.com/nexushunter-ai/nexushunter-ai/backend/internal/api/reasoning_handler.go:260.8,261.93 1 0
github.com/nexushunter-ai/nexushunter-ai/backend/internal/api/reasoning_handler.go:261.93,264.4 2 0
github.com/nexushunter-ai/nexushunter-ai/backend/internal/api/reasoning_handler.go:266.2,266.126 1 0
github.com/nexushunter-ai/nexushunter-ai/backend/internal/api/reasoning_handler.go:270.81,273.16 3 0
github.com/nexushunter-ai/nexushunter-ai/backend/internal/api/reasoning_handler.go:273.16,276.3 2 0
github.com/nexushunter-ai/nexushunter-ai/backend/internal/api/reasoning_handler.go:278.2,279.47 2 0
github.com/nexushunter-ai/nexushunter-ai/backend/internal/api/reasoning_handler.go:279.47,281.30 2 0
github.com/nexushunter-ai/nexushunter-ai/backend/internal/api/reasoning_handler.go:281.30,283.4 1 0
github.com/nexushunter-ai/nexushunter-ai/backend/internal/api/reasoning_handler.go:285.2,285.25 1 0
github.com/nexushunter-ai/nexushunter-ai/backend/internal/api/reasoning_handler.go:285.25,287.3 1 0
github.com/nexushunter-ai/nexushunter-ai/backend/internal/api/reasoning_handler.go:288.2,288.38 1 0
github.com/nexushunter-ai/nexushunter-ai/backend/internal/api/reasoning_handler.go:292.85,295.16 3 0
github.com/nexushunter-ai/nexushunter-ai/backend/internal/api/reasoning_handler.go:295.16,298.3 2 0
github.com/nexushunter-ai/nexushunter-ai/backend/internal/api/reasoning_handler.go:300.2,301.16 2 0
github.com/nexushunter-ai/nexushunter-ai/backend/internal/api/reasoning_handler.go:301.16,304.3 2 0
github.com/nexushunter-ai/nexushunter-ai/backend/internal/api/reasoning_handler.go:306.2,307.34 2 0
github.com/nexushunter-ai/nexushunter-ai/backend/internal/api/reasoning_handler.go:307.34,308.24 1 0
github.com/nexushunter-ai/nexushunter-ai/backend/internal/api/reasoning_handler.go:308.24,310.4 1 0
github.com/nexushunter-ai/nexushunter-ai/backend/internal/api/reasoning_handler.go:312.2,312.17 1 0
github.com/nexushunter-ai/nexushunter-ai/backend/internal/api/reasoning_handler.go:312.17,314.3 1 0
github.com/nexushunter-ai/nexushunter-ai/backend/internal/api/reasoning_handler.go:315.2,315.30 1 0
github.com/nexushunter-ai/nexushunter-ai/backend/internal/api/reasoning_handler.go:319.80,322.16 3 0
github.com/nexushunter-ai/nexushunter-ai/backend/internal/api/reasoning_handler.go:322.16,325.3 2 0
github.com/nexushunter-ai/nexushunter-ai/backend/internal/api/reasoning_handler.go:326.2,326.19 1 0
github.com/nexushunter-ai/nexushunter-ai/backend/internal/api/reasoning_handler.go:326.19,328.3 1 0
github.com/nexushunter-ai/nexushunter-ai/backend/internal/api/reasoning_handler.go:329.2,329.32 1 0
github.com/nexushunter-ai/nexushunter-ai/backend/internal/api/reasoning_handler.go:333.78,336.16 3 0
github.com/nexushunter-ai/nexushunter-ai/backend/internal/api/reasoning_handler.go:336.16,339.3 2 0
github.com/nexushunter-ai/nexushunter-ai/backend/internal/api/reasoning_handler.go:340.2,340.29 1 0
github.com/nexushunter-ai/nexushunter-ai/backend/internal/api/reasoning_handler.go:344.78,347.16 3 0
github.com/nexushunter-ai/nexushunter-ai/backend/internal/api/reasoning_handler.go:347.16,350.3 2 0
github.com/nexushunter-ai/nexushunter-ai/backend/internal/api/reasoning_handler.go:351.2,351.17 1 0
github.com/nexushunter-ai/nexushunter-ai/backend/internal/api/reasoning_handler.go:351.17,353.3 1 0
github.com/nexushunter-ai/nexushunter-ai/backend/internal/api/reasoning_handler.go:354.2,354.30 1 0
github.com/nexushunter-ai/nexushunter-ai/backend/internal/api/reasoning_handler.go:358.77,365.61 2 0
github.com/nexushunter-ai/nexushunter-ai/backend/internal/api/reasoning_handler.go:365.61,368.3 2 0
github.com/nexushunter-ai/nexushunter-ai/backend/internal/api/reasoning_handler.go:369.2,369.28 1 0
github.com/nexushunter-ai/nexushunter-ai/backend/internal/api/reasoning_handler.go:369.28,372.3 2 0
github.com/nexushunter-ai/nexushunter-ai/backend/internal/api/reasoning_handler.go:375.2,376.30 2 0
github.com/nexushunter-ai/nexushunter-ai/backend/internal/api/reasoning_handler.go:376.30,379.3 2 0
github.com/nexushunter-ai/nexushunter-ai/backend/internal/api/reasoning_handler.go:381.2,381.84 1 0
github.com/nexushunter-ai/nexushunter-ai/backend/internal/api/reasoning_handler.go:381.84,384.3 2 0
github.com/nexushunter-ai/nexushunter-ai/backend/internal/api/reasoning_handler.go:386.2,386.56 1 0
github.com/nexushunter-ai/nexushunter-ai/backend/internal/api/reasoning_handler.go:386.56,389.3 2 0
github.com/nexushunter-ai/nexushunter-ai/backend/internal/api/reasoning_handler.go:391.2,391.29 1 0
github.com/nexushunter-ai/nexushunter-ai/backend/internal/api/reasoning_handler.go:391.29,392.109 1 0
github.com/nexushunter-ai/nexushunter-ai/backend/internal/api/reasoning_handler.go:392.109,395.4 2 0
github.com/nexushunter-ai/nexushunter-ai/backend/internal/api/reasoning_handler.go:398.2,398.25 1 0
github.com/nexushunter-ai/nexushunter-ai/backend/internal/api/reasoning_handler.go:398.25,400.3 1 0
github.com/nexushunter-ai/nexushunter-ai/backend/internal/api/reasoning_handler.go:402.2,403.16 2 0
github.com/nexushunter-ai/nexushunter-ai/backend/internal/api/reasoning_handler.go:403.16,406.3 2 0
github.com/nexushunter-ai/nexushunter-ai/backend/internal/api/reasoning_handler.go:407.2,407.34 1 0
github.com/nexushunter-ai/nexushunter-ai/backend/internal/api/reasoning_handler.go:411.76,414.16 3 0
github.com/nexushunter-ai/nexushunter-ai/backend/internal/api/reasoning_handler.go:414.16,417.3 2 0
github.com/nexushunter-ai/nexushunter-ai/backend/internal/api/reasoning_handler.go:418.2,418.29 1 0
github.com/nexushunter-ai/nexushunter-ai/backend/internal/api/reasoning_handler.go:422.79,425.30 3 0
github.com/nexushunter-ai/nexushunter-ai/backend/internal/api/reasoning_handler.go:425.30,428.3 2 0
github.com/nexushunter-ai/nexushunter-ai/backend/internal/api/reasoning_handler.go:430.2,430.87 1 0
github.com/nexushunter-ai/nexushunter-ai/backend/internal/api/reasoning_handler.go:430.87,433.3 2 0
github.com/nexushunter-ai/nexushunter-ai/backend/internal/api/reasoning_handler.go:435.2,435.159 1 0
github.com/nexushunter-ai/nexushunter-ai/backend/internal/api/reasoning_handler.go:435.159,438.3 2 0
github.com/nexushunter-ai/nexushunter-ai/backend/internal/api/reasoning_handler.go:439.2,439.76 1 0
github.com/nexushunter-ai/nexushunter-ai/backend/internal/api/reasoning_handler.go:443.84,446.30 3 0
github.com/nexushunter-ai/nexushunter-ai/backend/internal/api/reasoning_handler.go:446.30,449.3 2 0
github.com/nexushunter-ai/nexushunter-ai/backend/internal/api/reasoning_handler.go:451.2,451.88 1 0
github.com/nexushunter-ai/nexushunter-ai/backend/internal/api/reasoning_handler.go:451.88,454.3 2 0
github.com/nexushunter-ai/nexushunter-ai/backend/internal/api/reasoning_handler.go:457.2,457.83 1 0
github.com/nexushunter-ai/nexushunter-ai/backend/internal/api/reasoning_handler.go:457.83,459.3 1 0
github.com/nexushunter-ai/nexushunter-ai/backend/internal/api/reasoning_handler.go:462.2,463.27 2 0
github.com/nexushunter-ai/nexushunter-ai/backend/internal/api/reasoning_handler.go:463.27,464.39 1 0
github.com/nexushunter-ai/nexushunter-ai/backend/internal/api/reasoning_handler.go:464.39,466.9 2 0
github.com/nexushunter-ai/nexushunter-ai/backend/internal/api/reasoning_handler.go:470.2,470.19 1 0
github.com/nexushunter-ai/nexushunter-ai/backend/internal/api/reasoning_handler.go:470.19,473.3 2 0
github.com/nexushunter-ai/nexushunter-ai/backend/internal/api/reasoning_handler.go:475.2,480.25 4 0
github.com/nexushunter-ai/nexushunter-ai/backend/internal/api/reasoning_handler.go:481.26,485.133 2 0
github.com/nexushunter-ai/nexushunter-ai/backend/internal/api/reasoning_handler.go:487.26,488.28 1 0
github.com/nexushunter-ai/nexushunter-ai/backend/internal/api/reasoning_handler.go:490.28,491.28 1 0
github.com/nexushunter-ai/nexushunter-ai/backend/internal/api/reasoning_handler.go:493.34,494.28 1 0
github.com/nexushunter-ai/nexushunter-ai/backend/internal/api/reasoning_handler.go:496.10,498.145 2 0
github.com/nexushunter-ai/nexushunter-ai/backend/internal/api/reasoning_handler.go:502.2,503.30 2 0
github.com/nexushunter-ai/nexushunter-ai/backend/internal/api/reasoning_handler.go:503.30,504.28 1 0
github.com/nexushunter-ai/nexushunter-ai/backend/internal/api/reasoning_handler.go:504.28,506.9 2 0
github.com/nexushunter-ai/nexushunter-ai/backend/internal/api/reasoning_handler.go:510.2,510.13 1 0
github.com/nexushunter-ai/nexushunter-ai/backend/internal/api/reasoning_handler.go:510.13,513.3 2 0
github.com/nexushunter-ai/nexushunter-ai/backend/internal/api/reasoning_handler.go:515.2,515.114 1 0
github.com/nexushunter-ai/nexushunter-ai/backend/internal/api/reasoning_handler.go:515.114,518.3 2 0
github.com/nexushunter-ai/nexushunter-ai/backend/internal/api/reasoning_handler.go:519.2,519.76 1 0
github.com/nexushunter-ai/nexushunter-ai/backend/internal/api/reasoning_handler.go:519.76,522.3 2 0
github.com/nexushunter-ai/nexushunter-ai/backend/internal/api/reasoning_handler.go:524.2,524.29 1 0
github.com/nexushunter-ai/nexushunter-ai/backend/internal/api/reasoning_handler.go:528.81,531.16 3 0
github.com/nexushunter-ai/nexushunter-ai/backend/internal/api/reasoning_handler.go:531.16,534.3 2 0
github.com/nexushunter-ai/nexushunter-ai/backend/internal/api/reasoning_handler.go:535.2,535.35 1 0
github.com/nexushunter-ai/nexushunter-ai/backend/internal/api/reasoning_handler.go:539.76,542.16 3 0
github.com/nexushunter-ai/nexushunter-ai/backend/internal/api/reasoning_handler.go:542.16,545.3 2 0
github.com/nexushunter-ai/nexushunter-ai/backend/internal/api/reasoning_handler.go:546.2,546.20 1 0
github.com/nexushunter-ai/nexushunter-ai/backend/internal/api/reasoning_handler.go:546.20,548.3 1 0
github.com/nexushunter-ai/nexushunter-ai/backend/internal/api/reasoning_handler.go:549.2,549.33 1 0
github.com/nexushunter-ai/nexushunter-ai/backend/internal/api/reasoning_handler.go:553.79,556.16 3 0
github.com/nexushunter-ai/nexushunter-ai/backend/internal/api/reasoning_handler.go:556.16,559.3 2 0
github.com/nexushunter-ai/nexushunter-ai/backend/internal/api/reasoning_handler.go:560.2,561.26 2 0
github.com/nexushunter-ai/nexushunter-ai/backend/internal/api/reasoning_handler.go:561.26,562.29 1 0
github.com/nexushunter-ai/nexushunter-ai/backend/internal/api/reasoning_handler.go:562.29,564.4 1 0
github.com/nexushunter-ai/nexushunter-ai/backend/internal/api/reasoning_handler.go:566.2,566.16 1 0
github.com/nexushunter-ai/nexushunter-ai/backend/internal/api/reasoning_handler.go:566.16,568.3 1 0
github.com/nexushunter-ai/nexushunter-ai/backend/internal/api/reasoning_handler.go:569.2,569.29 1 0
github.com/nexushunter-ai/nexushunter-ai/backend/internal/api/reasoning_handler.go:573.83,576.16 3 0
github.com/nexushunter-ai/nexushunter-ai/backend/internal/api/reasoning_handler.go:576.16,579.3 2 0
github.com/nexushunter-ai/nexushunter-ai/backend/internal/api/reasoning_handler.go:580.2,581.26 2 0
github.com/nexushunter-ai/nexushunter-ai/backend/internal/api/reasoning_handler.go:581.26,582.29 1 0
github.com/nexushunter-ai/nexushunter-ai/backend/internal/api/reasoning_handler.go:582.29,584.4 1 0
github.com/nexushunter-ai/nexushunter-ai/backend/internal/api/reasoning_handler.go:586.2,586.16 1 0
github.com/nexushunter-ai/nexushunter-ai/backend/internal/api/reasoning_handler.go:586.16,588.3 1 0
github.com/nexushunter-ai/nexushunter-ai/backend/internal/api/reasoning_handler.go:589.2,589.29 1 0
github.com/nexushunter-ai/nexushunter-ai/backend/internal/api/reasoning_handler.go:593.84,597.16 4 0
github.com/nexushunter-ai/nexushunter-ai/backend/internal/api/reasoning_handler.go:597.16,600.3 2 0
github.com/nexushunter-ai/nexushunter-ai/backend/internal/api/reasoning_handler.go:601.2,601.16 1 0
github.com/nexushunter-ai/nexushunter-ai/backend/internal/api/reasoning_handler.go:601.16,603.3 1 0
github.com/nexushunter-ai/nexushunter-ai/backend/internal/api/reasoning_handler.go:604.2,604.29 1 0
github.com/nexushunter-ai/nexushunter-ai/backend/internal/api/reasoning_handler.go:608.85,612.16 4 0
github.com/nexushunter-ai/nexushunter-ai/backend/internal/api/reasoning_handler.go:612.16,615.3 2 0
github.com/nexushunter-ai/nexushunter-ai/backend/internal/api/reasoning_handler.go:616.2,616.20 1 0
github.com/nexushunter-ai/nexushunter-ai/backend/internal/api/reasoning_handler.go:616.20,618.3 1 0
github.com/nexushunter-ai/nexushunter-ai/backend/internal/api/reasoning_handler.go:619.2,619.33 1 0
github.com/nexushunter-ai/nexushunter-ai/backend/internal/api/reasoning_handler.go:623.87,625.38 2 0
github.com/nexushunter-ai/nexushunter-ai/backend/internal/api/reasoning_handler.go:625.38,628.3 2 0
github.com/nexushunter-ai/nexushunter-ai/backend/internal/api/reasoning_handler.go:629.2,630.63 2 0
github.com/nexushunter-ai/nexushunter-ai/backend/internal/api/reasoning_handler.go:630.63,633.3 2 0
github.com/nexushunter-ai/nexushunter-ai/backend/internal/api/reasoning_handler.go:634.2,639.16 3 0
github.com/nexushunter-ai/nexushunter-ai/backend/internal/api/reasoning_handler.go:639.16,642.3 2 0
github.com/nexushunter-ai/nexushunter-ai/backend/internal/api/reasoning_handler.go:643.2,644.30 2 0
github.com/nexushunter-ai/nexushunter-ai/backend/internal/api/reasoning_handler.go:644.30,645.22 1 0
github.com/nexushunter-ai/nexushunter-ai/backend/internal/api/reasoning_handler.go:645.22,647.9 2 0
github.com/nexushunter-ai/nexushunter-ai/backend/internal/api/reasoning_handler.go:650.2,650.23 1 0
github.com/nexushunter-ai/nexushunter-ai/backend/internal/api/reasoning_handler.go:650.23,653.3 2 0
github.com/nexushunter-ai/nexushunter-ai/backend/internal/api/reasoning_handler.go:655.2,655.67 1 0
github.com/nexushunter-ai/nexushunter-ai/backend/internal/api/reasoning_handler.go:655.67,658.3 2 0
github.com/nexushunter-ai/nexushunter-ai/backend/internal/api/reasoning_handler.go:659.2,661.86 2 0
github.com/nexushunter-ai/nexushunter-ai/backend/internal/api/reasoning_handler.go:661.86,664.3 2 0
github.com/nexushunter-ai/nexushunter-ai/backend/internal/api/reasoning_handler.go:666.2,666.27 1 0
github.com/nexushunter-ai/nexushunter-ai/backend/internal/api/reasoning_handler.go:666.27,667.109 1 0
github.com/nexushunter-ai/nexushunter-ai/backend/internal/api/reasoning_handler.go:667.109,670.4 2 0
github.com/nexushunter-ai/nexushunter-ai/backend/internal/api/reasoning_handler.go:673.2,673.41 1 0
github.com/nexushunter-ai/nexushunter-ai/backend/internal/api/reasoning_handler.go:673.41,674.109 1 0
github.com/nexushunter-ai/nexushunter-ai/backend/internal/api/reasoning_handler.go:674.109,677.4 2 0
github.com/nexushunter-ai/nexushunter-ai/backend/internal/api/reasoning_handler.go:680.2,680.20 1 0
github.com/nexushunter-ai/nexushunter-ai/backend/internal/api/reasoning_handler.go:680.20,682.3 1 0
github.com/nexushunter-ai/nexushunter-ai/backend/internal/api/reasoning_handler.go:683.2,683.87 1 0
github.com/nexushunter-ai/nexushunter-ai/backend/internal/api/reasoning_handler.go:683.87,686.3 2 0
github.com/nexushunter-ai/nexushunter-ai/backend/internal/api/reasoning_handler.go:687.2,687.36 1 0
github.com/nexushunter-ai/nexushunter-ai/backend/internal/api/reasoning_handler.go:691.85,695.16 4 0
github.com/nexushunter-ai/nexushunter-ai/backend/internal/api/reasoning_handler.go:695.16,698.3 2 0
github.com/nexushunter-ai/nexushunter-ai/backend/internal/api/reasoning_handler.go:699.2,699.21 1 0
github.com/nexushunter-ai/nexushunter-ai/backend/internal/api/reasoning_handler.go:699.21,701.3 1 0
github.com/nexushunter-ai/nexushunter-ai/backend/internal/api/reasoning_handler.go:702.2,702.34 1 0
github.com/nexushunter-ai/nexushunter-ai/backend/internal/api/reasoning_handler.go:706.76,709.16 3 0
github.com/nexushunter-ai/nexushunter-ai/backend/internal/api/reasoning_handler.go:709.16,712.3 2 0
github.com/nexushunter-ai/nexushunter-ai/backend/internal/api/reasoning_handler.go:713.2,713.21 1 0
github.com/nexushunter-ai/nexushunter-ai/backend/internal/api/reasoning_handler.go:713.21,715.3 1 0
github.com/nexushunter-ai/nexushunter-ai/backend/internal/api/reasoning_handler.go:716.2,716.34 1 0
github.com/nexushunter-ai/nexushunter-ai/backend/internal/api/reasoning_handler.go:719.71,720.20 1 0
github.com/nexushunter-ai/nexushunter-ai/backend/internal/api/reasoning_handler.go:720.20,722.3 1 0
github.com/nexushunter-ai/nexushunter-ai/backend/internal/api/reasoning_handler.go:723.2,725.28 3 0
github.com/nexushunter-ai/nexushunter-ai/backend/internal/api/reasoning_handler.go:725.28,728.33 3 0
github.com/nexushunter-ai/nexushunter-ai/backend/internal/api/reasoning_handler.go:728.33,729.36 1 0
github.com/nexushunter-ai/nexushunter-ai/backend/internal/api/reasoning_handler.go:729.36,731.10 2 0
github.com/nexushunter-ai/nexushunter-ai/backend/internal/api/reasoning_handler.go:734.3,734.15 1 0
github.com/nexushunter-ai/nexushunter-ai/backend/internal/api/reasoning_handler.go:734.15,736.4 1 0
github.com/nexushunter-ai/nexushunter-ai/backend/internal/api/reasoning_handler.go:736.9,738.4 1 0
github.com/nexushunter-ai/nexushunter-ai/backend/internal/api/reasoning_handler.go:740.2,740.16 1 0
github.com/nexushunter-ai/nexushunter-ai/backend/internal/api/reasoning_handler.go:744.77,746.60 2 0
github.com/nexushunter-ai/nexushunter-ai/backend/internal/api/reasoning_handler.go:746.60,749.3 2 0
github.com/nexushunter-ai/nexushunter-ai/backend/internal/api/reasoning_handler.go:752.2,752.42 1 0
github.com/nexushunter-ai/nexushunter-ai/backend/internal/api/reasoning_handler.go:752.42,755.3 2 0
github.com/nexushunter-ai/nexushunter-ai/backend/internal/api/reasoning_handler.go:756.2,756.83 1 0
github.com/nexushunter-ai/nexushunter-ai/backend/internal/api/reasoning_handler.go:756.83,759.3 2 0
github.com/nexushunter-ai/nexushunter-ai/backend/internal/api/reasoning_handler.go:761.2,761.51 1 0
github.com/nexushunter-ai/nexushunter-ai/backend/internal/api/reasoning_handler.go:761.51,762.100 1 0
github.com/nexushunter-ai/nexushunter-ai/backend/internal/api/reasoning_handler.go:762.100,765.4 2 0
github.com/nexushunter-ai/nexushunter-ai/backend/internal/api/reasoning_handler.go:768.2,768.23 1 0
github.com/nexushunter-ai/nexushunter-ai/backend/internal/api/reasoning_handler.go:768.23,770.3 1 0
github.com/nexushunter-ai/nexushunter-ai/backend/internal/api/reasoning_handler.go:772.2,772.17 1 0
github.com/nexushunter-ai/nexushunter-ai/backend/internal/api/reasoning_handler.go:772.17,774.3 1 0
github.com/nexushunter-ai/nexushunter-ai/backend/internal/api/reasoning_handler.go:775.2,775.74 1 0
github.com/nexushunter-ai/nexushunter-ai/backend/internal/api/reasoning_handler.go:775.74,778.3 2 0
github.com/nexushunter-ai/nexushunter-ai/backend/internal/api/reasoning_handler.go:779.2,779.33 1 0
github.com/nexushunter-ai/nexushunter-ai/backend/internal/api/reasoning_handler.go:783.81,788.61 2 0
github.com/nexushunter-ai/nexushunter-ai/backend/internal/api/reasoning_handler.go:788.61,791.3 2 0
github.com/nexushunter-ai/nexushunter-ai/backend/internal/api/reasoning_handler.go:794.2,794.43 1 0
github.com/nexushunter-ai/nexushunter-ai/backend/internal/api/reasoning_handler.go:794.43,797.3 2 0
github.com/nexushunter-ai/nexushunter-ai/backend/internal/api/reasoning_handler.go:798.2,798.84 1 0
github.com/nexushunter-ai/nexushunter-ai/backend/internal/api/reasoning_handler.go:798.84,801.3 2 0
github.com/nexushunter-ai/nexushunter-ai/backend/internal/api/reasoning_handler.go:802.2,802.23 1 0
github.com/nexushunter-ai/nexushunter-ai/backend/internal/api/reasoning_handler.go:802.23,803.94 1 0
github.com/nexushunter-ai/nexushunter-ai/backend/internal/api/reasoning_handler.go:803.94,806.4 2 0
github.com/nexushunter-ai/nexushunter-ai/backend/internal/api/reasoning_handler.go:809.2,810.16 2 0
github.com/nexushunter-ai/nexushunter-ai/backend/internal/api/reasoning_handler.go:810.16,813.3 2 0
github.com/nexushunter-ai/nexushunter-ai/backend/internal/api/reasoning_handler.go:814.2,814.29 1 0
github.com/nexushunter-ai/nexushunter-ai/backend/internal/api/reasoning_handler.go:818.79,825.61 2 0
github.com/nexushunter-ai/nexushunter-ai/backend/internal/api/reasoning_handler.go:825.61,828.3 2 0
github.com/nexushunter-ai/nexushunter-ai/backend/internal/api/reasoning_handler.go:831.2,831.43 1 0
github.com/nexushunter-ai/nexushunter-ai/backend/internal/api/reasoning_handler.go:831.43,834.3 2 0
github.com/nexushunter-ai/nexushunter-ai/backend/internal/api/reasoning_handler.go:835.2,835.84 1 0
github.com/nexushunter-ai/nexushunter-ai/backend/internal/api/reasoning_handler.go:835.84,838.3 2 0
github.com/nexushunter-ai/nexushunter-ai/backend/internal/api/reasoning_handler.go:839.2,839.28 1 0
github.com/nexushunter-ai/nexushunter-ai/backend/internal/api/reasoning_handler.go:839.28,841.31 2 0
github.com/nexushunter-ai/nexushunter-ai/backend/internal/api/reasoning_handler.go:841.31,844.4 2 0
github.com/nexushunter-ai/nexushunter-ai/backend/internal/api/reasoning_handler.go:845.3,845.35 1 0
github.com/nexushunter-ai/nexushunter-ai/backend/internal/api/reasoning_handler.go:845.35,848.4 2 0
github.com/nexushunter-ai/nexushunter-ai/backend/internal/api/reasoning_handler.go:852.2,853.38 2 0
github.com/nexushunter-ai/nexushunter-ai/backend/internal/api/reasoning_handler.go:853.38,855.30 2 0
github.com/nexushunter-ai/nexushunter-ai/backend/internal/api/reasoning_handler.go:855.30,858.4 2 0
github.com/nexushunter-ai/nexushunter-ai/backend/internal/api/reasoning_handler.go:859.3,859.34 1 0
github.com/nexushunter-ai/nexushunter-ai/backend/internal/api/reasoning_handler.go:859.34,862.4 2 0
github.com/nexushunter-ai/nexushunter-ai/backend/internal/api/reasoning_handler.go:863.3,863.59 1 0
github.com/nexushunter-ai/nexushunter-ai/backend/internal/api/reasoning_handler.go:863.59,866.4 2 0
github.com/nexushunter-ai/nexushunter-ai/backend/internal/api/reasoning_handler.go:867.3,867.44 1 0
github.com/nexushunter-ai/nexushunter-ai/backend/internal/api/reasoning_handler.go:871.2,885.35 5 0
github.com/nexushunter-ai/nexushunter-ai/backend/internal/api/reasoning_handler.go:885.35,891.3 1 0
github.com/nexushunter-ai/nexushunter-ai/backend/internal/api/reasoning_handler.go:893.2,894.17 2 0
github.com/nexushunter-ai/nexushunter-ai/backend/internal/api/reasoning_handler.go:894.17,896.3 1 0
github.com/nexushunter-ai/nexushunter-ai/backend/internal/api/reasoning_handler.go:898.2,899.58 2 0
github.com/nexushunter-ai/nexushunter-ai/backend/internal/api/reasoning_handler.go:899.58,901.3 1 0
github.com/nexushunter-ai/nexushunter-ai/backend/internal/api/reasoning_handler.go:904.2,921.30 2 0
github.com/nexushunter-ai/nexushunter-ai/backend/internal/api/response.go:22.64,26.2 3 1
github.com/nexushunter-ai/nexushunter-ai/backend/internal/api/response.go:28.67,33.2 1 1
github.com/nexushunter-ai/nexushunter-ai/backend/internal/api/response.go:35.78,44.2 1 1
github.com/nexushunter-ai/nexushunter-ai/backend/internal/api/router.go:13.62,177.2 122 1
github.com/nexushunter-ai/nexushunter-ai/backend/internal/api/router.go:179.53,192.22 3 1
github.com/nexushunter-ai/nexushunter-ai/backend/internal/api/router.go:192.22,193.52 1 0
github.com/nexushunter-ai/nexushunter-ai/backend/internal/api/router.go:193.52,195.21 2 0
github.com/nexushunter-ai/nexushunter-ai/backend/internal/api/router.go:195.21,197.5 1 0
github.com/nexushunter-ai/nexushunter-ai/backend/internal/api/router.go:201.2,201.71 1 1
github.com/nexushunter-ai/nexushunter-ai/backend/internal/api/router.go:201.71,205.19 3 1
github.com/nexushunter-ai/nexushunter-ai/backend/internal/api/router.go:205.19,206.33 1 0
github.com/nexushunter-ai/nexushunter-ai/backend/internal/api/router.go:206.33,208.5 1 0
github.com/nexushunter-ai/nexushunter-ai/backend/internal/api/router.go:208.10,210.192 2 0
github.com/nexushunter-ai/nexushunter-ai/backend/internal/api/router.go:210.192,212.6 1 0
github.com/nexushunter-ai/nexushunter-ai/backend/internal/api/router.go:216.3,216.16 1 1
github.com/nexushunter-ai/nexushunter-ai/backend/internal/api/router.go:216.16,223.4 6 0
github.com/nexushunter-ai/nexushunter-ai/backend/internal/api/router.go:225.3,225.37 1 1
github.com/nexushunter-ai/nexushunter-ai/backend/internal/api/router.go:225.37,226.34 1 0
github.com/nexushunter-ai/nexushunter-ai/backend/internal/api/router.go:226.34,229.5 2 0
github.com/nexushunter-ai/nexushunter-ai/backend/internal/api/router.go:230.4,231.10 2 0
github.com/nexushunter-ai/nexushunter-ai/backend/internal/api/router.go:234.3,234.23 1 1
github.com/nexushunter-ai/nexushunter-ai/backend/internal/api/router.go:238.77,239.71 1 1
github.com/nexushunter-ai/nexushunter-ai/backend/internal/api/router.go:239.71,252.3 5 1
github.com/nexushunter-ai/nexushunter-ai/backend/internal/api/router.go:255.78,256.71 1 1
github.com/nexushunter-ai/nexushunter-ai/backend/internal/api/router.go:256.71,257.16 1 1
github.com/nexushunter-ai/nexushunter-ai/backend/internal/api/router.go:257.16,258.36 1 1
github.com/nexushunter-ai/nexushunter-ai/backend/internal/api/router.go:258.36,261.5 2 0
github.com/nexushunter-ai/nexushunter-ai/backend/internal/api/router.go:263.3,263.23 1 1
github.com/nexushunter-ai/nexushunter-ai/backend/internal/api/router.go:272.60,275.2 2 1
github.com/nexushunter-ai/nexushunter-ai/backend/internal/reasoning/engine.go:28.11,35.2 1 0
github.com/nexushunter-ai/nexushunter-ai/backend/internal/reasoning/engine.go:38.113,44.19 4 0
github.com/nexushunter-ai/nexushunter-ai/backend/internal/reasoning/engine.go:44.19,46.3 1 0
github.com/nexushunter-ai/nexushunter-ai/backend/internal/reasoning/engine.go:46.8,48.3 1 0
github.com/nexushunter-ai/nexushunter-ai/backend/internal/reasoning/engine.go:49.2,49.16 1 0
github.com/nexushunter-ai/nexushunter-ai/backend/internal/reasoning/engine.go:49.16,51.3 1 0
github.com/nexushunter-ai/nexushunter-ai/backend/internal/reasoning/engine.go:53.2,54.16 2 0
github.com/nexushunter-ai/nexushunter-ai/backend/internal/reasoning/engine.go:54.16,56.3 1 0
github.com/nexushunter-ai/nexushunter-ai/backend/internal/reasoning/engine.go:58.2,59.16 2 0
github.com/nexushunter-ai/nexushunter-ai/backend/internal/reasoning/engine.go:59.16,61.3 1 0
github.com/nexushunter-ai/nexushunter-ai/backend/internal/reasoning/engine.go:63.2,68.30 4 0
github.com/nexushunter-ai/nexushunter-ai/backend/internal/reasoning/engine.go:68.30,69.71 1 0
github.com/nexushunter-ai/nexushunter-ai/backend/internal/reasoning/engine.go:69.71,71.4 1 0
github.com/nexushunter-ai/nexushunter-ai/backend/internal/reasoning/engine.go:75.2,76.29 2 0
github.com/nexushunter-ai/nexushunter-ai/backend/internal/reasoning/engine.go:76.29,77.71 1 0
github.com/nexushunter-ai/nexushunter-ai/backend/internal/reasoning/engine.go:77.71,78.12 1 0
github.com/nexushunter-ai/nexushunter-ai/backend/internal/reasoning/engine.go:80.3,80.38 1 0
github.com/nexushunter-ai/nexushunter-ai/backend/internal/reasoning/engine.go:80.38,81.68 1 0
github.com/nexushunter-ai/nexushunter-ai/backend/internal/reasoning/engine.go:81.68,83.5 1 0
github.com/nexushunter-ai/nexushunter-ai/backend/internal/reasoning/engine.go:88.2,103.69 3 0
github.com/nexushunter-ai/nexushunter-ai/backend/internal/reasoning/engine.go:103.69,105.3 1 0
github.com/nexushunter-ai/nexushunter-ai/backend/internal/reasoning/engine.go:106.2,106.17 1 0
github.com/nexushunter-ai/nexushunter-ai/backend/internal/reasoning/engine.go:115.29,119.37 2 0
github.com/nexushunter-ai/nexushunter-ai/backend/internal/reasoning/engine.go:119.37,122.71 3 0
github.com/nexushunter-ai/nexushunter-ai/backend/internal/reasoning/engine.go:122.71,125.4 2 0
github.com/nexushunter-ai/nexushunter-ai/backend/internal/reasoning/engine.go:125.9,125.81 1 0
github.com/nexushunter-ai/nexushunter-ai/backend/internal/reasoning/engine.go:125.81,128.4 2 0
github.com/nexushunter-ai/nexushunter-ai/backend/internal/reasoning/engine.go:128.9,128.73 1 0
github.com/nexushunter-ai/nexushunter-ai/backend/internal/reasoning/engine.go:128.73,131.4 2 0
github.com/nexushunter-ai/nexushunter-ai/backend/internal/reasoning/engine.go:133.3,151.5 1 0
github.com/nexushunter-ai/nexushunter-ai/backend/internal/reasoning/engine.go:155.2,155.30 1 0
github.com/nexushunter-ai/nexushunter-ai/backend/internal/reasoning/engine.go:155.30,157.32 1 0
github.com/nexushunter-ai/nexushunter-ai/backend/internal/reasoning/engine.go:157.32,158.128 1 0
github.com/nexushunter-ai/nexushunter-ai/backend/internal/reasoning/engine.go:158.128,177.5 1 0
github.com/nexushunter-ai/nexushunter-ai/backend/internal/reasoning/engine.go:181.3,181.110 1 0
github.com/nexushunter-ai/nexushunter-ai/backend/internal/reasoning/engine.go:181.110,182.127 1 0
github.com/nexushunter-ai/nexushunter-ai/backend/internal/reasoning/engine.go:182.127,201.5 1 0
github.com/nexushunter-ai/nexushunter-ai/backend/internal/reasoning/engine.go:205.2,205.16 1 0
github.com/nexushunter-ai/nexushunter-ai/backend/internal/reasoning/engine.go:209.136,214.28 3 0
github.com/nexushunter-ai/nexushunter-ai/backend/internal/reasoning/engine.go:214.28,216.16 2 0
github.com/nexushunter-ai/nexushunter-ai/backend/internal/reasoning/engine.go:216.16,218.4 1 0
github.com/nexushunter-ai/nexushunter-ai/backend/internal/reasoning/engine.go:219.3,219.59 1 0
github.com/nexushunter-ai/nexushunter-ai/backend/internal/reasoning/engine.go:222.2,222.50 1 0
github.com/nexushunter-ai/nexushunter-ai/backend/internal/reasoning/engine.go:222.50,225.29 3 0
github.com/nexushunter-ai/nexushunter-ai/backend/internal/reasoning/engine.go:225.29,228.4 2 0
github.com/nexushunter-ai/nexushunter-ai/backend/internal/reasoning/engine.go:230.3,369.33 9 0
github.com/nexushunter-ai/nexushunter-ai/backend/internal/reasoning/engine.go:372.2,372.15 1 0
github.com/nexushunter-ai/nexushunter-ai/backend/internal/reasoning/engine.go:376.120,378.16 2 0
github.com/nexushunter-ai/nexushunter-ai/backend/internal/reasoning/engine.go:378.16,380.3 1 0
github.com/nexushunter-ai/nexushunter-ai/backend/internal/reasoning/engine.go:382.2,420.37 5 0
github.com/nexushunter-ai/nexushunter-ai/backend/internal/reasoning/engine.go:420.37,422.3 1 0
github.com/nexushunter-ai/nexushunter-ai/backend/internal/reasoning/engine.go:422.8,422.44 1 0
github.com/nexushunter-ai/nexushunter-ai/backend/internal/reasoning/engine.go:422.44,424.3 1 0
github.com/nexushunter-ai/nexushunter-ai/backend/internal/reasoning/engine.go:424.8,424.43 1 0
github.com/nexushunter-ai/nexushunter-ai/backend/internal/reasoning/engine.go:424.43,426.3 1 0
github.com/nexushunter-ai/nexushunter-ai/backend/internal/reasoning/engine.go:428.2,445.68 2 0
github.com/nexushunter-ai/nexushunter-ai/backend/internal/reasoning/engine.go:445.68,447.3 1 0
github.com/nexushunter-ai/nexushunter-ai/backend/internal/reasoning/engine.go:448.2,448.17 1 0
github.com/nexushunter-ai/nexushunter-ai/backend/internal/reasoning/engine.go:451.57,452.33 1 0
github.com/nexushunter-ai/nexushunter-ai/backend/internal/reasoning/engine.go:452.33,454.3 1 0
github.com/nexushunter-ai/nexushunter-ai/backend/internal/reasoning/engine.go:455.2,456.15 2 0
github.com/nexushunter-ai/nexushunter-ai/backend/internal/reasoning/engine.go:456.15,459.20 3 0
github.com/nexushunter-ai/nexushunter-ai/backend/internal/reasoning/engine.go:459.20,461.4 1 0
github.com/nexushunter-ai/nexushunter-ai/backend/internal/reasoning/engine.go:463.2,463.16 1 0
github.com/nexushunter-ai/nexushunter-ai/backend/internal/reasoning/engine.go:467.79,468.21 1 0
github.com/nexushunter-ai/nexushunter-ai/backend/internal/reasoning/engine.go:468.21,470.3 1 0
github.com/nexushunter-ai/nexushunter-ai/backend/internal/reasoning/engine.go:471.2,471.17 1 0
github.com/nexushunter-ai/nexushunter-ai/backend/internal/reasoning/engine.go:472.43,473.98 1 0
github.com/nexushunter-ai/nexushunter-ai/backend/internal/reasoning/engine.go:474.44,475.180 1 0
github.com/nexushunter-ai/nexushunter-ai/backend/internal/reasoning/engine.go:476.40,477.98 1 0
github.com/nexushunter-ai/nexushunter-ai/backend/internal/reasoning/engine.go:478.40,479.98 1 0
github.com/nexushunter-ai/nexushunter-ai/backend/internal/reasoning/engine.go:480.38,481.98 1 0
github.com/nexushunter-ai/nexushunter-ai/backend/internal/reasoning/engine.go:482.40,483.53 1 0
github.com/nexushunter-ai/nexushunter-ai/backend/internal/reasoning/engine.go:485.2,485.14 1 0
github.com/nexushunter-ai/nexushunter-ai/backend/internal/reasoning/engine.go:489.71,490.21 1 0
github.com/nexushunter-ai/nexushunter-ai/backend/internal/reasoning/engine.go:490.21,492.3 1 0
github.com/nexushunter-ai/nexushunter-ai/backend/internal/reasoning/engine.go:493.2,493.17 1 0
github.com/nexushunter-ai/nexushunter-ai/backend/internal/reasoning/engine.go:494.31,495.87 1 0
github.com/nexushunter-ai/nexushunter-ai/backend/internal/reasoning/engine.go:496.37,497.87 1 0
github.com/nexushunter-ai/nexushunter-ai/backend/internal/reasoning/engine.go:498.37,499.41 1 0
github.com/nexushunter-ai/nexushunter-ai/backend/internal/reasoning/engine.go:500.36,501.41 1 0
github.com/nexushunter-ai/nexushunter-ai/backend/internal/reasoning/engine.go:503.2,503.14 1 0
github.com/nexushunter-ai/nexushunter-ai/backend/internal/reasoning/engine.go:507.85,508.21 1 0
github.com/nexushunter-ai/nexushunter-ai/backend/internal/reasoning/engine.go:508.21,510.3 1 0
github.com/nexushunter-ai/nexushunter-ai/backend/internal/reasoning/engine.go:511.2,511.17 1 0
github.com/nexushunter-ai/nexushunter-ai/backend/internal/reasoning/engine.go:512.31,513.77 1 0
github.com/nexushunter-ai/nexushunter-ai/backend/internal/reasoning/engine.go:514.30,515.78 1 0
github.com/nexushunter-ai/nexushunter-ai/backend/internal/reasoning/engine.go:516.31,517.114 1 0
github.com/nexushunter-ai/nexushunter-ai/backend/internal/reasoning/engine.go:518.30,519.77 1 0
github.com/nexushunter-ai/nexushunter-ai/backend/internal/reasoning/engine.go:520.33,521.41 1 0
github.com/nexushunter-ai/nexushunter-ai/backend/internal/reasoning/engine.go:522.33,523.15 1 0
github.com/nexushunter-ai/nexushunter-ai/backend/internal/reasoning/engine.go:525.2,525.14 1 0
github.com/nexushunter-ai/nexushunter-ai/backend/internal/config/config.go:30.30,34.44 4 1
github.com/nexushunter-ai/nexushunter-ai/backend/internal/config/config.go:34.44,36.3 1 1
github.com/nexushunter-ai/nexushunter-ai/backend/internal/config/config.go:38.2,44.28 6 1
github.com/nexushunter-ai/nexushunter-ai/backend/internal/config/config.go:44.28,46.3 1 0
github.com/nexushunter-ai/nexushunter-ai/backend/internal/config/config.go:49.2,49.40 1 1
github.com/nexushunter-ai/nexushunter-ai/backend/internal/config/config.go:49.40,51.3 1 1
github.com/nexushunter-ai/nexushunter-ai/backend/internal/config/config.go:53.2,64.17 2 1
github.com/nexushunter-ai/nexushunter-ai/backend/internal/config/config.go:67.42,69.15 2 1
github.com/nexushunter-ai/nexushunter-ai/backend/internal/config/config.go:69.15,71.3 1 1
github.com/nexushunter-ai/nexushunter-ai/backend/internal/config/config.go:72.2,72.12 1 1
github.com/nexushunter-ai/nexushunter-ai/backend/internal/events/events.go:32.56,33.21 1 1
github.com/nexushunter-ai/nexushunter-ai/backend/internal/events/events.go:33.21,35.3 1 0
github.com/nexushunter-ai/nexushunter-ai/backend/internal/events/events.go:36.2,41.3 1 1
github.com/nexushunter-ai/nexushunter-ai/backend/internal/events/events.go:45.39,49.2 3 1
github.com/nexushunter-ai/nexushunter-ai/backend/internal/events/events.go:52.81,56.25 3 1
github.com/nexushunter-ai/nexushunter-ai/backend/internal/events/events.go:56.25,58.3 1 1
github.com/nexushunter-ai/nexushunter-ai/backend/internal/events/events.go:59.2,59.30 1 1
github.com/nexushunter-ai/nexushunter-ai/backend/internal/events/events.go:59.30,61.3 1 1
github.com/nexushunter-ai/nexushunter-ai/backend/internal/events/events.go:64.2,64.36 1 1
github.com/nexushunter-ai/nexushunter-ai/backend/internal/events/events.go:64.36,66.3 1 0
github.com/nexushunter-ai/nexushunter-ai/backend/internal/events/events.go:67.2,70.52 2 1
github.com/nexushunter-ai/nexushunter-ai/backend/internal/events/events.go:70.52,71.27 1 1
github.com/nexushunter-ai/nexushunter-ai/backend/internal/events/events.go:71.27,72.11 1 1
github.com/nexushunter-ai/nexushunter-ai/backend/internal/events/events.go:73.21,73.21 0 1
github.com/nexushunter-ai/nexushunter-ai/backend/internal/events/events.go:74.12,74.12 0 0
github.com/nexushunter-ai/nexushunter-ai/backend/internal/events/events.go:81.2,81.31 1 1
github.com/nexushunter-ai/nexushunter-ai/backend/internal/events/events.go:81.31,82.10 1 1
github.com/nexushunter-ai/nexushunter-ai/backend/internal/events/events.go:83.20,83.20 0 1
github.com/nexushunter-ai/nexushunter-ai/backend/internal/events/events.go:84.11,84.11 0 0
github.com/nexushunter-ai/nexushunter-ai/backend/internal/events/events.go:88.2,88.12 1 1
github.com/nexushunter-ai/nexushunter-ai/backend/internal/events/events.go:92.84,99.18 5 1
github.com/nexushunter-ai/nexushunter-ai/backend/internal/events/events.go:99.18,103.26 4 1
github.com/nexushunter-ai/nexushunter-ai/backend/internal/events/events.go:103.26,104.15 1 1
github.com/nexushunter-ai/nexushunter-ai/backend/internal/events/events.go:104.15,107.10 3 1
github.com/nexushunter-ai/nexushunter-ai/backend/internal/events/events.go:112.2,112.18 1 1
github.com/nexushunter-ai/nexushunter-ai/backend/internal/events/events.go:116.71,123.18 5 1
github.com/nexushunter-ai/nexushunter-ai/backend/internal/events/events.go:123.18,126.31 3 1
github.com/nexushunter-ai/nexushunter-ai/backend/internal/events/events.go:126.31,127.15 1 1
github.com/nexushunter-ai/nexushunter-ai/backend/internal/events/events.go:127.15,130.10 3 1
github.com/nexushunter-ai/nexushunter-ai/backend/internal/events/events.go:135.2,135.18 1 1
github.com/nexushunter-ai/nexushunter-ai/backend/internal/events/events.go:139.68,143.42 3 1
github.com/nexushunter-ai/nexushunter-ai/backend/internal/events/events.go:143.42,145.3 1 1
github.com/nexushunter-ai/nexushunter-ai/backend/internal/events/events.go:147.2,150.15 4 1
github.com/nexushunter-ai/nexushunter-ai/backend/internal/events/events.go:154.53,161.2 5 0
github.com/nexushunter-ai/nexushunter-ai/backend/internal/evidence/canonical.go:17.40,19.2 1 1
github.com/nexushunter-ai/nexushunter-ai/backend/internal/evidence/canonical.go:23.82,24.15 1 1
github.com/nexushunter-ai/nexushunter-ai/backend/internal/evidence/canonical.go:24.15,26.3 1 0
github.com/nexushunter-ai/nexushunter-ai/backend/internal/evidence/canonical.go:28.2,30.16 3 1
github.com/nexushunter-ai/nexushunter-ai/backend/internal/evidence/canonical.go:30.16,32.3 1 0
github.com/nexushunter-ai/nexushunter-ai/backend/internal/evidence/canonical.go:34.2,41.21 7 1
github.com/nexushunter-ai/nexushunter-ai/backend/internal/evidence/canonical.go:44.87,57.23 9 1
github.com/nexushunter-ai/nexushunter-ai/backend/internal/evidence/canonical.go:57.23,67.3 9 1
github.com/nexushunter-ai/nexushunter-ai/backend/internal/evidence/canonical.go:70.2,70.24 1 1
github.com/nexushunter-ai/nexushunter-ai/backend/internal/evidence/canonical.go:70.24,79.3 8 1
github.com/nexushunter-ai/nexushunter-ai/backend/internal/evidence/canonical.go:82.2,82.33 1 1
github.com/nexushunter-ai/nexushunter-ai/backend/internal/evidence/canonical.go:82.33,84.3 1 0
github.com/nexushunter-ai/nexushunter-ai/backend/internal/evidence/canonical.go:87.2,87.31 1 1
github.com/nexushunter-ai/nexushunter-ai/backend/internal/evidence/canonical.go:87.31,89.3 1 0
github.com/nexushunter-ai/nexushunter-ai/backend/internal/evidence/canonical.go:92.2,92.26 1 1
github.com/nexushunter-ai/nexushunter-ai/backend/internal/evidence/canonical.go:92.26,102.3 9 0
github.com/nexushunter-ai/nexushunter-ai/backend/internal/evidence/canonical.go:105.2,120.10 13 1
github.com/nexushunter-ai/nexushunter-ai/backend/internal/evidence/canonical.go:123.81,124.17 1 1
github.com/nexushunter-ai/nexushunter-ai/backend/internal/evidence/canonical.go:124.17,126.3 1 0
github.com/nexushunter-ai/nexushunter-ai/backend/internal/evidence/canonical.go:128.2,129.19 2 1
github.com/nexushunter-ai/nexushunter-ai/backend/internal/evidence/canonical.go:129.19,131.3 1 1
github.com/nexushunter-ai/nexushunter-ai/backend/internal/evidence/canonical.go:132.2,135.25 3 1
github.com/nexushunter-ai/nexushunter-ai/backend/internal/evidence/canonical.go:135.25,137.27 1 1
github.com/nexushunter-ai/nexushunter-ai/backend/internal/evidence/canonical.go:137.27,138.54 1 1
github.com/nexushunter-ai/nexushunter-ai/backend/internal/evidence/canonical.go:138.54,140.10 2 1
github.com/nexushunter-ai/nexushunter-ai/backend/internal/evidence/canonical.go:144.2,144.13 1 1
github.com/nexushunter-ai/nexushunter-ai/backend/internal/evidence/diff.go:30.50,32.2 1 1
github.com/nexushunter-ai/nexushunter-ai/backend/internal/evidence/diff.go:35.113,36.26 1 1
github.com/nexushunter-ai/nexushunter-ai/backend/internal/evidence/diff.go:36.26,38.3 1 0
github.com/nexushunter-ai/nexushunter-ai/backend/internal/evidence/diff.go:40.2,41.20 2 1
github.com/nexushunter-ai/nexushunter-ai/backend/internal/evidence/diff.go:41.20,43.3 1 0
github.com/nexushunter-ai/nexushunter-ai/backend/internal/evidence/diff.go:44.2,45.19 2 1
github.com/nexushunter-ai/nexushunter-ai/backend/internal/evidence/diff.go:45.19,47.3 1 1
github.com/nexushunter-ai/nexushunter-ai/backend/internal/evidence/diff.go:50.2,59.44 2 1
github.com/nexushunter-ai/nexushunter-ai/backend/internal/evidence/diff.go:59.44,68.3 6 1
github.com/nexushunter-ai/nexushunter-ai/backend/internal/evidence/diff.go:71.2,78.97 2 1
github.com/nexushunter-ai/nexushunter-ai/backend/internal/evidence/diff.go:78.97,82.3 3 1
github.com/nexushunter-ai/nexushunter-ai/backend/internal/evidence/diff.go:82.8,82.104 1 0
github.com/nexushunter-ai/nexushunter-ai/backend/internal/evidence/diff.go:82.104,86.3 3 0
github.com/nexushunter-ai/nexushunter-ai/backend/internal/evidence/diff.go:86.8,86.30 1 0
github.com/nexushunter-ai/nexushunter-ai/backend/internal/evidence/diff.go:86.30,89.3 2 0
github.com/nexushunter-ai/nexushunter-ai/backend/internal/evidence/diff.go:89.8,89.60 1 0
github.com/nexushunter-ai/nexushunter-ai/backend/internal/evidence/diff.go:89.60,92.3 2 0
github.com/nexushunter-ai/nexushunter-ai/backend/internal/evidence/diff.go:92.8,95.3 2 0
github.com/nexushunter-ai/nexushunter-ai/backend/internal/evidence/diff.go:97.2,97.44 1 1
github.com/nexushunter-ai/nexushunter-ai/backend/internal/evidence/diff.go:97.44,98.119 1 1
github.com/nexushunter-ai/nexushunter-ai/backend/internal/evidence/diff.go:98.119,100.4 1 0
github.com/nexushunter-ai/nexushunter-ai/backend/internal/evidence/diff.go:101.3,101.48 1 1
github.com/nexushunter-ai/nexushunter-ai/backend/internal/evidence/diff.go:101.48,103.4 1 0
github.com/nexushunter-ai/nexushunter-ai/backend/internal/evidence/diff.go:106.2,106.50 1 1
github.com/nexushunter-ai/nexushunter-ai/backend/internal/evidence/diff.go:106.50,108.3 1 0
github.com/nexushunter-ai/nexushunter-ai/backend/internal/evidence/diff.go:111.2,120.34 3 1
github.com/nexushunter-ai/nexushunter-ai/backend/internal/evidence/diff.go:120.34,132.3 4 1
github.com/nexushunter-ai/nexushunter-ai/backend/internal/evidence/diff.go:132.8,132.78 1 0
github.com/nexushunter-ai/nexushunter-ai/backend/internal/evidence/diff.go:132.78,140.3 4 0
github.com/nexushunter-ai/nexushunter-ai/backend/internal/evidence/diff.go:140.8,140.124 1 0
github.com/nexushunter-ai/nexushunter-ai/backend/internal/evidence/diff.go:140.124,148.3 4 0
github.com/nexushunter-ai/nexushunter-ai/backend/internal/evidence/diff.go:150.2,164.18 2 1
github.com/nexushunter-ai/nexushunter-ai/backend/internal/evidence/diff.go:167.116,169.23 2 1
github.com/nexushunter-ai/nexushunter-ai/backend/internal/evidence/diff.go:169.23,171.3 1 1
github.com/nexushunter-ai/nexushunter-ai/backend/internal/evidence/diff.go:172.2,173.23 2 1
github.com/nexushunter-ai/nexushunter-ai/backend/internal/evidence/diff.go:173.23,175.3 1 1
github.com/nexushunter-ai/nexushunter-ai/backend/internal/evidence/diff.go:177.2,177.27 1 1
github.com/nexushunter-ai/nexushunter-ai/backend/internal/evidence/diff.go:177.27,178.40 1 1
github.com/nexushunter-ai/nexushunter-ai/backend/internal/evidence/diff.go:178.40,179.12 1 0
github.com/nexushunter-ai/nexushunter-ai/backend/internal/evidence/diff.go:181.3,181.38 1 1
github.com/nexushunter-ai/nexushunter-ai/backend/internal/evidence/diff.go:181.38,183.4 1 1
github.com/nexushunter-ai/nexushunter-ai/backend/internal/evidence/diff.go:183.9,183.22 1 1
github.com/nexushunter-ai/nexushunter-ai/backend/internal/evidence/diff.go:183.22,185.4 1 0
github.com/nexushunter-ai/nexushunter-ai/backend/internal/evidence/diff.go:188.2,188.27 1 1
github.com/nexushunter-ai/nexushunter-ai/backend/internal/evidence/diff.go:188.27,189.40 1 1
github.com/nexushunter-ai/nexushunter-ai/backend/internal/evidence/diff.go:189.40,190.12 1 0
github.com/nexushunter-ai/nexushunter-ai/backend/internal/evidence/diff.go:192.3,192.37 1 1
github.com/nexushunter-ai/nexushunter-ai/backend/internal/evidence/diff.go:192.37,194.4 1 0
github.com/nexushunter-ai/nexushunter-ai/backend/internal/evidence/engine.go:50.89,51.19 1 1
github.com/nexushunter-ai/nexushunter-ai/backend/internal/evidence/engine.go:51.19,53.3 1 1
github.com/nexushunter-ai/nexushunter-ai/backend/internal/evidence/engine.go:54.2,61.3 1 1
github.com/nexushunter-ai/nexushunter-ai/backend/internal/evidence/engine.go:65.102,66.16 1 0
github.com/nexushunter-ai/nexushunter-ai/backend/internal/evidence/engine.go:66.16,68.3 1 0
github.com/nexushunter-ai/nexushunter-ai/backend/internal/evidence/engine.go:71.2,71.18 1 0
github.com/nexushunter-ai/nexushunter-ai/backend/internal/evidence/engine.go:71.18,73.3 1 0
github.com/nexushunter-ai/nexushunter-ai/backend/internal/evidence/engine.go:74.2,74.29 1 0
github.com/nexushunter-ai/nexushunter-ai/backend/internal/evidence/engine.go:74.29,76.3 1 0
github.com/nexushunter-ai/nexushunter-ai/backend/internal/evidence/engine.go:79.2,88.16 4 0
github.com/nexushunter-ai/nexushunter-ai/backend/internal/evidence/engine.go:88.16,90.3 1 0
github.com/nexushunter-ai/nexushunter-ai/backend/internal/evidence/engine.go:91.2,99.22 4 0
github.com/nexushunter-ai/nexushunter-ai/backend/internal/evidence/engine.go:99.22,100.64 1 0
github.com/nexushunter-ai/nexushunter-ai/backend/internal/evidence/engine.go:100.64,102.4 1 0
github.com/nexushunter-ai/nexushunter-ai/backend/internal/evidence/engine.go:105.3,121.72 2 0
github.com/nexushunter-ai/nexushunter-ai/backend/internal/evidence/engine.go:121.72,124.4 2 0
github.com/nexushunter-ai/nexushunter-ai/backend/internal/evidence/engine.go:127.2,127.23 1 0
github.com/nexushunter-ai/nexushunter-ai/backend/internal/evidence/engine.go:131.136,132.22 1 0
github.com/nexushunter-ai/nexushunter-ai/backend/internal/evidence/engine.go:132.22,134.3 1 0
github.com/nexushunter-ai/nexushunter-ai/backend/internal/evidence/engine.go:136.2,137.16 2 0
github.com/nexushunter-ai/nexushunter-ai/backend/internal/evidence/engine.go:137.16,139.3 1 0
github.com/nexushunter-ai/nexushunter-ai/backend/internal/evidence/engine.go:140.2,141.16 2 0
github.com/nexushunter-ai/nexushunter-ai/backend/internal/evidence/engine.go:141.16,143.3 1 0
github.com/nexushunter-ai/nexushunter-ai/backend/internal/evidence/engine.go:146.2,146.34 1 0
github.com/nexushunter-ai/nexushunter-ai/backend/internal/evidence/engine.go:146.34,148.3 1 0
github.com/nexushunter-ai/nexushunter-ai/backend/internal/evidence/engine.go:150.2,151.16 2 0
github.com/nexushunter-ai/nexushunter-ai/backend/internal/evidence/engine.go:151.16,153.3 1 0
github.com/nexushunter-ai/nexushunter-ai/backend/internal/evidence/engine.go:155.2,155.62 1 0
github.com/nexushunter-ai/nexushunter-ai/backend/internal/evidence/engine.go:155.62,157.3 1 0
github.com/nexushunter-ai/nexushunter-ai/backend/internal/evidence/engine.go:159.2,187.17 2 0
github.com/nexushunter-ai/nexushunter-ai/backend/internal/evidence/engine.go:187.17,190.3 2 0
github.com/nexushunter-ai/nexushunter-ai/backend/internal/evidence/engine.go:192.2,192.18 1 0
github.com/nexushunter-ai/nexushunter-ai/backend/internal/evidence/engine.go:205.42,206.21 1 1
github.com/nexushunter-ai/nexushunter-ai/backend/internal/evidence/engine.go:206.21,208.3 1 0
github.com/nexushunter-ai/nexushunter-ai/backend/internal/evidence/engine.go:209.2,209.112 1 1
github.com/nexushunter-ai/nexushunter-ai/backend/internal/evidence/engine.go:209.112,211.3 1 0
github.com/nexushunter-ai/nexushunter-ai/backend/internal/evidence/engine.go:212.2,212.28 1 1
github.com/nexushunter-ai/nexushunter-ai/backend/internal/evidence/engine.go:212.28,214.3 1 0
github.com/nexushunter-ai/nexushunter-ai/backend/internal/evidence/engine.go:217.2,217.45 1 1
github.com/nexushunter-ai/nexushunter-ai/backend/internal/evidence/engine.go:217.45,219.3 1 0
github.com/nexushunter-ai/nexushunter-ai/backend/internal/evidence/engine.go:222.2,230.90 7 1
github.com/nexushunter-ai/nexushunter-ai/backend/internal/evidence/engine.go:230.90,240.3 5 1
github.com/nexushunter-ai/nexushunter-ai/backend/internal/evidence/engine.go:240.8,240.102 1 1
github.com/nexushunter-ai/nexushunter-ai/backend/internal/evidence/engine.go:240.102,250.3 5 1
github.com/nexushunter-ai/nexushunter-ai/backend/internal/evidence/engine.go:250.8,250.97 1 0
github.com/nexushunter-ai/nexushunter-ai/backend/internal/evidence/engine.go:250.97,258.3 5 0
github.com/nexushunter-ai/nexushunter-ai/backend/internal/evidence/engine.go:258.8,264.3 5 0
github.com/nexushunter-ai/nexushunter-ai/backend/internal/evidence/engine.go:266.2,285.22 2 1
github.com/nexushunter-ai/nexushunter-ai/backend/internal/evidence/engine.go:285.22,286.81 1 0
github.com/nexushunter-ai/nexushunter-ai/backend/internal/evidence/engine.go:286.81,288.4 1 0
github.com/nexushunter-ai/nexushunter-ai/backend/internal/evidence/engine.go:290.3,312.18 1 0
github.com/nexushunter-ai/nexushunter-ai/backend/internal/evidence/engine.go:312.18,315.4 2 0
github.com/nexushunter-ai/nexushunter-ai/backend/internal/evidence/engine.go:318.2,324.27 2 1
github.com/nexushunter-ai/nexushunter-ai/backend/internal/evidence/engine.go:328.137,339.22 2 0
github.com/nexushunter-ai/nexushunter-ai/backend/internal/evidence/engine.go:339.22,341.3 1 0
github.com/nexushunter-ai/nexushunter-ai/backend/internal/evidence/engine.go:344.2,345.34 2 0
github.com/nexushunter-ai/nexushunter-ai/backend/internal/evidence/engine.go:345.34,347.3 1 0
github.com/nexushunter-ai/nexushunter-ai/backend/internal/evidence/engine.go:350.2,351.29 2 0
github.com/nexushunter-ai/nexushunter-ai/backend/internal/evidence/engine.go:351.29,353.36 2 0
github.com/nexushunter-ai/nexushunter-ai/backend/internal/evidence/engine.go:353.36,355.4 1 0
github.com/nexushunter-ai/nexushunter-ai/backend/internal/evidence/engine.go:356.3,362.22 2 0
github.com/nexushunter-ai/nexushunter-ai/backend/internal/evidence/engine.go:366.2,367.23 2 0
github.com/nexushunter-ai/nexushunter-ai/backend/internal/evidence/engine.go:367.23,369.30 2 0
github.com/nexushunter-ai/nexushunter-ai/backend/internal/evidence/engine.go:369.30,371.4 1 0
github.com/nexushunter-ai/nexushunter-ai/backend/internal/evidence/engine.go:372.3,378.22 2 0
github.com/nexushunter-ai/nexushunter-ai/backend/internal/evidence/engine.go:382.2,382.27 1 0
github.com/nexushunter-ai/nexushunter-ai/backend/internal/evidence/engine.go:382.27,390.3 2 0
github.com/nexushunter-ai/nexushunter-ai/backend/internal/evidence/engine.go:392.2,392.25 1 0
github.com/nexushunter-ai/nexushunter-ai/backend/internal/evidence/engine.go:392.25,394.3 1 0
github.com/nexushunter-ai/nexushunter-ai/backend/internal/evidence/engine.go:396.2,396.21 1 0
github.com/nexushunter-ai/nexushunter-ai/backend/internal/evidence/engine.go:400.123,401.22 1 0
github.com/nexushunter-ai/nexushunter-ai/backend/internal/evidence/engine.go:401.22,403.3 1 0
github.com/nexushunter-ai/nexushunter-ai/backend/internal/evidence/engine.go:405.2,406.16 2 0
github.com/nexushunter-ai/nexushunter-ai/backend/internal/evidence/engine.go:406.16,408.3 1 0
github.com/nexushunter-ai/nexushunter-ai/backend/internal/evidence/engine.go:409.2,409.15 1 0
github.com/nexushunter-ai/nexushunter-ai/backend/internal/evidence/engine.go:409.15,411.3 1 0
github.com/nexushunter-ai/nexushunter-ai/backend/internal/evidence/engine.go:414.2,416.16 3 0
github.com/nexushunter-ai/nexushunter-ai/backend/internal/evidence/engine.go:416.16,418.3 1 0
github.com/nexushunter-ai/nexushunter-ai/backend/internal/evidence/engine.go:420.2,428.8 2 0
github.com/nexushunter-ai/nexushunter-ai/backend/internal/evidence/sanitizer.go:59.32,61.2 1 1
github.com/nexushunter-ai/nexushunter-ai/backend/internal/evidence/sanitizer.go:65.68,66.15 1 1
github.com/nexushunter-ai/nexushunter-ai/backend/internal/evidence/sanitizer.go:66.15,68.3 1 0
github.com/nexushunter-ai/nexushunter-ai/backend/internal/evidence/sanitizer.go:71.2,75.23 3 1
github.com/nexushunter-ai/nexushunter-ai/backend/internal/evidence/sanitizer.go:75.23,81.3 5 1
github.com/nexushunter-ai/nexushunter-ai/backend/internal/evidence/sanitizer.go:84.2,84.24 1 1
github.com/nexushunter-ai/nexushunter-ai/backend/internal/evidence/sanitizer.go:84.24,89.3 4 1
github.com/nexushunter-ai/nexushunter-ai/backend/internal/evidence/sanitizer.go:92.2,92.33 1 1
github.com/nexushunter-ai/nexushunter-ai/backend/internal/evidence/sanitizer.go:92.33,96.3 3 0
github.com/nexushunter-ai/nexushunter-ai/backend/internal/evidence/sanitizer.go:99.2,99.31 1 1
github.com/nexushunter-ai/nexushunter-ai/backend/internal/evidence/sanitizer.go:99.31,101.43 2 0
github.com/nexushunter-ai/nexushunter-ai/backend/internal/evidence/sanitizer.go:101.43,105.4 3 0
github.com/nexushunter-ai/nexushunter-ai/backend/internal/evidence/sanitizer.go:106.3,106.38 1 0
github.com/nexushunter-ai/nexushunter-ai/backend/internal/evidence/sanitizer.go:110.2,116.19 2 1
github.com/nexushunter-ai/nexushunter-ai/backend/internal/evidence/sanitizer.go:119.135,120.23 1 1
github.com/nexushunter-ai/nexushunter-ai/backend/internal/evidence/sanitizer.go:120.23,122.3 1 0
github.com/nexushunter-ai/nexushunter-ai/backend/internal/evidence/sanitizer.go:124.2,127.28 3 1
github.com/nexushunter-ai/nexushunter-ai/backend/internal/evidence/sanitizer.go:127.28,129.34 2 1
github.com/nexushunter-ai/nexushunter-ai/backend/internal/evidence/sanitizer.go:129.34,132.12 3 1
github.com/nexushunter-ai/nexushunter-ai/backend/internal/evidence/sanitizer.go:136.3,136.33 1 1
github.com/nexushunter-ai/nexushunter-ai/backend/internal/evidence/sanitizer.go:136.33,139.12 3 0
github.com/nexushunter-ai/nexushunter-ai/backend/internal/evidence/sanitizer.go:142.3,142.30 1 1
github.com/nexushunter-ai/nexushunter-ai/backend/internal/evidence/sanitizer.go:142.30,145.12 3 0
github.com/nexushunter-ai/nexushunter-ai/backend/internal/evidence/sanitizer.go:148.3,148.19 1 1
github.com/nexushunter-ai/nexushunter-ai/backend/internal/evidence/sanitizer.go:151.2,151.28 1 1
github.com/nexushunter-ai/nexushunter-ai/backend/internal/evidence/sanitizer.go:154.108,155.18 1 1
github.com/nexushunter-ai/nexushunter-ai/backend/internal/evidence/sanitizer.go:155.18,157.3 1 0
github.com/nexushunter-ai/nexushunter-ai/backend/internal/evidence/sanitizer.go:159.2,160.16 2 1
github.com/nexushunter-ai/nexushunter-ai/backend/internal/evidence/sanitizer.go:160.16,163.3 1 0
github.com/nexushunter-ai/nexushunter-ai/backend/internal/evidence/sanitizer.go:165.2,169.24 4 1
github.com/nexushunter-ai/nexushunter-ai/backend/internal/evidence/sanitizer.go:169.24,170.46 1 1
github.com/nexushunter-ai/nexushunter-ai/backend/internal/evidence/sanitizer.go:170.46,174.4 3 1
github.com/nexushunter-ai/nexushunter-ai/backend/internal/evidence/sanitizer.go:177.2,177.13 1 1
github.com/nexushunter-ai/nexushunter-ai/backend/internal/evidence/sanitizer.go:177.13,180.3 2 1
github.com/nexushunter-ai/nexushunter-ai/backend/internal/evidence/sanitizer.go:182.2,182.32 1 0
github.com/nexushunter-ai/nexushunter-ai/backend/internal/evidence/sanitizer.go:185.107,186.16 1 1
github.com/nexushunter-ai/nexushunter-ai/backend/internal/evidence/sanitizer.go:186.16,188.3 1 0
github.com/nexushunter-ai/nexushunter-ai/backend/internal/evidence/sanitizer.go:190.2,195.63 4 1
github.com/nexushunter-ai/nexushunter-ai/backend/internal/evidence/sanitizer.go:195.63,197.27 2 1
github.com/nexushunter-ai/nexushunter-ai/backend/internal/evidence/sanitizer.go:197.27,199.63 2 1
github.com/nexushunter-ai/nexushunter-ai/backend/internal/evidence/sanitizer.go:199.63,201.5 1 1
github.com/nexushunter-ai/nexushunter-ai/backend/internal/evidence/sanitizer.go:206.2,206.40 1 0
github.com/nexushunter-ai/nexushunter-ai/backend/internal/evidence/sanitizer.go:206.40,209.3 2 0
github.com/nexushunter-ai/nexushunter-ai/backend/internal/evidence/sanitizer.go:211.2,211.43 1 0
github.com/nexushunter-ai/nexushunter-ai/backend/internal/evidence/sanitizer.go:211.43,214.3 2 0
github.com/nexushunter-ai/nexushunter-ai/backend/internal/evidence/sanitizer.go:216.2,216.43 1 0
github.com/nexushunter-ai/nexushunter-ai/backend/internal/evidence/sanitizer.go:216.43,219.3 2 0
github.com/nexushunter-ai/nexushunter-ai/backend/internal/evidence/sanitizer.go:221.2,221.31 1 0
github.com/nexushunter-ai/nexushunter-ai/backend/internal/evidence/sanitizer.go:224.113,228.22 3 1
github.com/nexushunter-ai/nexushunter-ai/backend/internal/evidence/sanitizer.go:228.22,232.64 3 1
github.com/nexushunter-ai/nexushunter-ai/backend/internal/evidence/sanitizer.go:232.64,235.12 3 1
github.com/nexushunter-ai/nexushunter-ai/backend/internal/evidence/sanitizer.go:238.3,238.26 1 1
github.com/nexushunter-ai/nexushunter-ai/backend/internal/evidence/sanitizer.go:239.31,242.47 3 0
github.com/nexushunter-ai/nexushunter-ai/backend/internal/evidence/sanitizer.go:243.22,246.47 3 0
github.com/nexushunter-ai/nexushunter-ai/backend/internal/evidence/sanitizer.go:247.15,248.33 1 1
github.com/nexushunter-ai/nexushunter-ai/backend/internal/evidence/sanitizer.go:248.33,251.5 2 0
github.com/nexushunter-ai/nexushunter-ai/backend/internal/evidence/sanitizer.go:251.10,251.43 1 1
github.com/nexushunter-ai/nexushunter-ai/backend/internal/evidence/sanitizer.go:251.43,254.5 2 0
github.com/nexushunter-ai/nexushunter-ai/backend/internal/evidence/sanitizer.go:254.10,256.5 1 1
github.com/nexushunter-ai/nexushunter-ai/backend/internal/evidence/sanitizer.go:257.11,258.17 1 0
github.com/nexushunter-ai/nexushunter-ai/backend/internal/evidence/sanitizer.go:262.2,262.25 1 1
github.com/nexushunter-ai/nexushunter-ai/backend/internal/evidence/sanitizer.go:265.101,269.26 3 0
github.com/nexushunter-ai/nexushunter-ai/backend/internal/evidence/sanitizer.go:269.26,271.26 2 0
github.com/nexushunter-ai/nexushunter-ai/backend/internal/evidence/sanitizer.go:272.31,275.47 3 0
github.com/nexushunter-ai/nexushunter-ai/backend/internal/evidence/sanitizer.go:276.15,277.33 1 0
github.com/nexushunter-ai/nexushunter-ai/backend/internal/evidence/sanitizer.go:277.33,280.5 2 0
github.com/nexushunter-ai/nexushunter-ai/backend/internal/evidence/sanitizer.go:280.10,282.5 1 0
github.com/nexushunter-ai/nexushunter-ai/backend/internal/evidence/sanitizer.go:283.11,284.17 1 0
github.com/nexushunter-ai/nexushunter-ai/backend/internal/evidence/sanitizer.go:288.2,288.25 1 0
github.com/nexushunter-ai/nexushunter-ai/backend/internal/evidence/sanitizer.go:291.55,292.37 1 1
github.com/nexushunter-ai/nexushunter-ai/backend/internal/evidence/sanitizer.go:292.37,295.30 2 1
github.com/nexushunter-ai/nexushunter-ai/backend/internal/evidence/sanitizer.go:295.30,298.20 3 1
github.com/nexushunter-ai/nexushunter-ai/backend/internal/evidence/sanitizer.go:298.20,300.160 2 1
github.com/nexushunter-ai/nexushunter-ai/backend/internal/evidence/sanitizer.go:300.160,302.6 1 1
github.com/nexushunter-ai/nexushunter-ai/backend/internal/evidence/sanitizer.go:305.3,305.35 1 1
github.com/nexushunter-ai/nexushunter-ai/backend/internal/evidence/sanitizer.go:308.2,308.56 1 1
github.com/nexushunter-ai/nexushunter-ai/backend/internal/evidence/sanitizer.go:308.56,310.3 1 1
github.com/nexushunter-ai/nexushunter-ai/backend/internal/evidence/sanitizer.go:312.2,312.21 1 0
github.com/nexushunter-ai/nexushunter-ai/backend/internal/evidence/sanitizer.go:315.50,316.21 1 1
github.com/nexushunter-ai/nexushunter-ai/backend/internal/evidence/sanitizer.go:316.21,318.3 1 0
github.com/nexushunter-ai/nexushunter-ai/backend/internal/evidence/sanitizer.go:319.2,321.29 3 1
github.com/nexushunter-ai/nexushunter-ai/backend/internal/evidence/sanitizer.go:321.29,322.18 1 1
github.com/nexushunter-ai/nexushunter-ai/backend/internal/evidence/sanitizer.go:322.18,325.4 2 1
github.com/nexushunter-ai/nexushunter-ai/backend/internal/evidence/sanitizer.go:327.2,327.15 1 1
github.com/nexushunter-ai/nexushunter-ai/backend/internal/intel/changes.go:10.139,11.17 1 0
github.com/nexushunter-ai/nexushunter-ai/backend/internal/intel/changes.go:11.17,29.3 1 0
github.com/nexushunter-ai/nexushunter-ai/backend/internal/intel/changes.go:32.2,35.38 1 0
github.com/nexushunter-ai/nexushunter-ai/backend/internal/intel/changes.go:35.38,57.3 1 0
github.com/nexushunter-ai/nexushunter-ai/backend/internal/intel/changes.go:59.2,59.12 1 0
github.com/nexushunter-ai/nexushunter-ai/backend/internal/intel/changes.go:63.123,64.12 1 0
github.com/nexushunter-ai/nexushunter-ai/backend/internal/intel/changes.go:64.12,66.3 1 0
github.com/nexushunter-ai/nexushunter-ai/backend/internal/intel/changes.go:67.2,68.25 2 0
github.com/nexushunter-ai/nexushunter-ai/backend/internal/intel/changes.go:68.25,70.3 1 0
github.com/nexushunter-ai/nexushunter-ai/backend/internal/intel/changes.go:71.2,86.3 1 0
github.com/nexushunter-ai/nexushunter-ai/backend/internal/intel/confidence.go:10.136,14.38 2 0
github.com/nexushunter-ai/nexushunter-ai/backend/internal/intel/confidence.go:14.38,16.3 1 0
github.com/nexushunter-ai/nexushunter-ai/backend/internal/intel/confidence.go:19.2,19.22 1 0
github.com/nexushunter-ai/nexushunter-ai/backend/internal/intel/confidence.go:19.22,20.41 1 0
github.com/nexushunter-ai/nexushunter-ai/backend/internal/intel/confidence.go:20.41,22.4 1 0
github.com/nexushunter-ai/nexushunter-ai/backend/internal/intel/confidence.go:22.9,22.51 1 0
github.com/nexushunter-ai/nexushunter-ai/backend/internal/intel/confidence.go:22.51,24.4 1 0
github.com/nexushunter-ai/nexushunter-ai/backend/internal/intel/confidence.go:27.2,28.20 2 0
github.com/nexushunter-ai/nexushunter-ai/backend/internal/intel/confidence.go:28.20,30.3 1 0
github.com/nexushunter-ai/nexushunter-ai/backend/internal/intel/confidence.go:31.2,31.22 1 0
github.com/nexushunter-ai/nexushunter-ai/backend/internal/intel/confidence.go:31.22,33.3 1 0
github.com/nexushunter-ai/nexushunter-ai/backend/internal/intel/confidence.go:35.2,35.29 1 0
github.com/nexushunter-ai/nexushunter-ai/backend/internal/intel/cookies.go:18.55,20.33 2 0
github.com/nexushunter-ai/nexushunter-ai/backend/internal/intel/cookies.go:20.33,21.35 1 0
github.com/nexushunter-ai/nexushunter-ai/backend/internal/intel/cookies.go:21.35,22.12 1 0
github.com/nexushunter-ai/nexushunter-ai/backend/internal/intel/cookies.go:25.3,29.23 5 0
github.com/nexushunter-ai/nexushunter-ai/backend/internal/intel/cookies.go:29.23,32.22 3 0
github.com/nexushunter-ai/nexushunter-ai/backend/internal/intel/cookies.go:33.30,34.21 1 0
github.com/nexushunter-ai/nexushunter-ai/backend/internal/intel/cookies.go:35.33,36.24 1 0
github.com/nexushunter-ai/nexushunter-ai/backend/internal/intel/cookies.go:37.31,38.22 1 0
github.com/nexushunter-ai/nexushunter-ai/backend/internal/intel/cookies.go:40.4,46.6 1 0
github.com/nexushunter-ai/nexushunter-ai/backend/internal/intel/cookies.go:47.9,60.4 5 0
github.com/nexushunter-ai/nexushunter-ai/backend/internal/intel/cookies.go:62.2,62.15 1 0
github.com/nexushunter-ai/nexushunter-ai/backend/internal/intel/engine.go:25.86,31.2 1 0
github.com/nexushunter-ai/nexushunter-ai/backend/internal/intel/engine.go:34.80,36.2 1 0
github.com/nexushunter-ai/nexushunter-ai/backend/internal/intel/engine.go:39.118,40.18 1 0
github.com/nexushunter-ai/nexushunter-ai/backend/internal/intel/engine.go:40.18,42.3 1 0
github.com/nexushunter-ai/nexushunter-ai/backend/internal/intel/engine.go:44.2,47.16 4 0
github.com/nexushunter-ai/nexushunter-ai/backend/internal/intel/engine.go:47.16,49.21 2 0
github.com/nexushunter-ai/nexushunter-ai/backend/internal/intel/engine.go:49.21,51.4 1 0
github.com/nexushunter-ai/nexushunter-ai/backend/internal/intel/engine.go:51.9,51.31 1 0
github.com/nexushunter-ai/nexushunter-ai/backend/internal/intel/engine.go:51.31,53.4 1 0
github.com/nexushunter-ai/nexushunter-ai/backend/internal/intel/engine.go:56.2,61.48 4 0
github.com/nexushunter-ai/nexushunter-ai/backend/internal/intel/engine.go:61.48,65.3 2 0
github.com/nexushunter-ai/nexushunter-ai/backend/internal/intel/engine.go:68.2,74.29 3 0
github.com/nexushunter-ai/nexushunter-ai/backend/internal/intel/engine.go:74.29,75.40 1 0
github.com/nexushunter-ai/nexushunter-ai/backend/internal/intel/engine.go:75.40,77.9 2 0
github.com/nexushunter-ai/nexushunter-ai/backend/internal/intel/engine.go:81.2,101.71 2 0
github.com/nexushunter-ai/nexushunter-ai/backend/internal/intel/engine.go:101.71,103.3 1 0
github.com/nexushunter-ai/nexushunter-ai/backend/internal/intel/engine.go:106.2,106.91 1 0
github.com/nexushunter-ai/nexushunter-ai/backend/internal/intel/engine.go:106.91,108.24 2 0
github.com/nexushunter-ai/nexushunter-ai/backend/internal/intel/engine.go:108.24,116.4 1 0
github.com/nexushunter-ai/nexushunter-ai/backend/internal/intel/engine.go:120.2,129.35 4 0
github.com/nexushunter-ai/nexushunter-ai/backend/internal/intel/engine.go:129.35,131.3 1 0
github.com/nexushunter-ai/nexushunter-ai/backend/internal/intel/engine.go:133.2,133.36 1 0
github.com/nexushunter-ai/nexushunter-ai/backend/internal/intel/engine.go:133.36,139.69 5 0
github.com/nexushunter-ai/nexushunter-ai/backend/internal/intel/engine.go:139.69,140.13 1 0
github.com/nexushunter-ai/nexushunter-ai/backend/internal/intel/engine.go:140.13,142.87 2 0
github.com/nexushunter-ai/nexushunter-ai/backend/internal/intel/engine.go:142.87,144.27 2 0
github.com/nexushunter-ai/nexushunter-ai/backend/internal/intel/engine.go:144.27,152.7 1 0
github.com/nexushunter-ai/nexushunter-ai/backend/internal/intel/engine.go:154.5,154.26 1 0
github.com/nexushunter-ai/nexushunter-ai/backend/internal/intel/engine.go:154.26,162.6 1 0
github.com/nexushunter-ai/nexushunter-ai/backend/internal/intel/engine.go:168.2,169.32 2 0
github.com/nexushunter-ai/nexushunter-ai/backend/internal/intel/engine.go:169.32,171.3 1 0
github.com/nexushunter-ai/nexushunter-ai/backend/internal/intel/engine.go:174.2,175.32 2 0
github.com/nexushunter-ai/nexushunter-ai/backend/internal/intel/engine.go:175.32,177.3 1 0
github.com/nexushunter-ai/nexushunter-ai/backend/internal/intel/engine.go:180.2,181.35 2 0
github.com/nexushunter-ai/nexushunter-ai/backend/internal/intel/engine.go:181.35,183.3 1 0
github.com/nexushunter-ai/nexushunter-ai/backend/internal/intel/engine.go:186.2,186.23 1 0
github.com/nexushunter-ai/nexushunter-ai/backend/internal/intel/engine.go:186.23,197.3 1 0
github.com/nexushunter-ai/nexushunter-ai/backend/internal/intel/engine.go:200.2,200.24 1 0
github.com/nexushunter-ai/nexushunter-ai/backend/internal/intel/engine.go:200.24,202.3 1 0
github.com/nexushunter-ai/nexushunter-ai/backend/internal/intel/engine.go:204.2,204.12 1 0
github.com/nexushunter-ai/nexushunter-ai/backend/internal/intel/engine.go:208.126,222.31 5 0
github.com/nexushunter-ai/nexushunter-ai/backend/internal/intel/engine.go:222.31,228.27 5 0
github.com/nexushunter-ai/nexushunter-ai/backend/internal/intel/engine.go:229.20,231.79 2 0
github.com/nexushunter-ai/nexushunter-ai/backend/internal/intel/engine.go:231.79,232.73 1 0
github.com/nexushunter-ai/nexushunter-ai/backend/internal/intel/engine.go:232.73,235.42 3 0
github.com/nexushunter-ai/nexushunter-ai/backend/internal/intel/engine.go:235.42,236.97 1 0
github.com/nexushunter-ai/nexushunter-ai/backend/internal/intel/engine.go:236.97,239.8 2 0
github.com/nexushunter-ai/nexushunter-ai/backend/internal/intel/engine.go:244.20,246.36 2 0
github.com/nexushunter-ai/nexushunter-ai/backend/internal/intel/engine.go:246.36,247.71 1 0
github.com/nexushunter-ai/nexushunter-ai/backend/internal/intel/engine.go:247.71,250.11 3 0
github.com/nexushunter-ai/nexushunter-ai/backend/internal/intel/engine.go:254.22,256.72 2 0
github.com/nexushunter-ai/nexushunter-ai/backend/internal/intel/engine.go:256.72,257.73 1 0
github.com/nexushunter-ai/nexushunter-ai/backend/internal/intel/engine.go:257.73,260.42 3 0
github.com/nexushunter-ai/nexushunter-ai/backend/internal/intel/engine.go:260.42,261.97 1 0
github.com/nexushunter-ai/nexushunter-ai/backend/internal/intel/engine.go:261.97,264.8 2 0
github.com/nexushunter-ai/nexushunter-ai/backend/internal/intel/engine.go:269.22,272.24 3 0
github.com/nexushunter-ai/nexushunter-ai/backend/internal/intel/engine.go:272.24,274.5 1 0
github.com/nexushunter-ai/nexushunter-ai/backend/internal/intel/engine.go:275.4,275.79 1 0
github.com/nexushunter-ai/nexushunter-ai/backend/internal/intel/engine.go:275.79,278.41 3 0
github.com/nexushunter-ai/nexushunter-ai/backend/internal/intel/engine.go:278.41,279.103 1 0
github.com/nexushunter-ai/nexushunter-ai/backend/internal/intel/engine.go:279.103,282.7 2 0
github.com/nexushunter-ai/nexushunter-ai/backend/internal/intel/engine.go:286.23,288.47 2 0
github.com/nexushunter-ai/nexushunter-ai/backend/internal/intel/engine.go:288.47,289.73 1 0
github.com/nexushunter-ai/nexushunter-ai/backend/internal/intel/engine.go:289.73,292.42 3 0
github.com/nexushunter-ai/nexushunter-ai/backend/internal/intel/engine.go:292.42,293.97 1 0
github.com/nexushunter-ai/nexushunter-ai/backend/internal/intel/engine.go:293.97,296.8 2 0
github.com/nexushunter-ai/nexushunter-ai/backend/internal/intel/engine.go:298.6,298.11 1 0
github.com/nexushunter-ai/nexushunter-ai/backend/internal/intel/engine.go:303.3,303.14 1 0
github.com/nexushunter-ai/nexushunter-ai/backend/internal/intel/engine.go:303.14,304.62 1 0
github.com/nexushunter-ai/nexushunter-ai/backend/internal/intel/engine.go:304.62,306.55 2 0
github.com/nexushunter-ai/nexushunter-ai/backend/internal/intel/engine.go:306.55,308.6 1 0
github.com/nexushunter-ai/nexushunter-ai/backend/internal/intel/engine.go:309.10,317.5 1 0
github.com/nexushunter-ai/nexushunter-ai/backend/internal/intel/engine.go:321.2,321.31 1 0
github.com/nexushunter-ai/nexushunter-ai/backend/internal/intel/engine.go:321.31,334.3 2 0
github.com/nexushunter-ai/nexushunter-ai/backend/internal/intel/engine.go:336.2,336.16 1 0
github.com/nexushunter-ai/nexushunter-ai/backend/internal/intel/headers.go:8.92,9.28 1 0
github.com/nexushunter-ai/nexushunter-ai/backend/internal/intel/headers.go:9.28,10.38 1 0
github.com/nexushunter-ai/nexushunter-ai/backend/internal/intel/headers.go:10.38,12.4 1 0
github.com/nexushunter-ai/nexushunter-ai/backend/internal/intel/headers.go:14.2,14.18 1 0
github.com/nexushunter-ai/nexushunter-ai/backend/internal/intel/headers.go:18.73,20.28 2 0
github.com/nexushunter-ai/nexushunter-ai/backend/internal/intel/headers.go:20.28,22.3 1 0
github.com/nexushunter-ai/nexushunter-ai/backend/internal/intel/headers.go:23.2,23.19 1 0
github.com/nexushunter-ai/nexushunter-ai/backend/internal/intel/html.go:20.57,30.66 2 0
github.com/nexushunter-ai/nexushunter-ai/backend/internal/intel/html.go:30.66,32.3 1 0
github.com/nexushunter-ai/nexushunter-ai/backend/internal/intel/html.go:35.2,36.32 2 0
github.com/nexushunter-ai/nexushunter-ai/backend/internal/intel/html.go:36.32,39.17 3 0
github.com/nexushunter-ai/nexushunter-ai/backend/internal/intel/html.go:39.17,42.4 2 0
github.com/nexushunter-ai/nexushunter-ai/backend/internal/intel/html.go:42.9,42.24 1 0
github.com/nexushunter-ai/nexushunter-ai/backend/internal/intel/html.go:42.24,45.4 2 0
github.com/nexushunter-ai/nexushunter-ai/backend/internal/intel/html.go:46.3,46.17 1 0
github.com/nexushunter-ai/nexushunter-ai/backend/internal/intel/html.go:46.17,48.16 2 0
github.com/nexushunter-ai/nexushunter-ai/backend/internal/intel/html.go:49.23,50.31 1 0
github.com/nexushunter-ai/nexushunter-ai/backend/internal/intel/html.go:51.21,52.29 1 0
github.com/nexushunter-ai/nexushunter-ai/backend/internal/intel/html.go:58.2,64.34 5 0
github.com/nexushunter-ai/nexushunter-ai/backend/internal/intel/html.go:64.34,65.31 1 0
github.com/nexushunter-ai/nexushunter-ai/backend/internal/intel/html.go:65.31,67.23 2 0
github.com/nexushunter-ai/nexushunter-ai/backend/internal/intel/html.go:67.23,70.5 2 0
github.com/nexushunter-ai/nexushunter-ai/backend/internal/intel/html.go:73.2,78.32 4 0
github.com/nexushunter-ai/nexushunter-ai/backend/internal/intel/html.go:78.32,80.17 2 0
github.com/nexushunter-ai/nexushunter-ai/backend/internal/intel/html.go:80.17,82.4 1 0
github.com/nexushunter-ai/nexushunter-ai/backend/internal/intel/html.go:82.9,82.38 1 0
github.com/nexushunter-ai/nexushunter-ai/backend/internal/intel/html.go:82.38,84.4 1 0
github.com/nexushunter-ai/nexushunter-ai/backend/internal/intel/html.go:85.3,85.38 1 0
github.com/nexushunter-ai/nexushunter-ai/backend/internal/intel/html.go:85.38,88.4 2 0
github.com/nexushunter-ai/nexushunter-ai/backend/internal/intel/html.go:90.2,95.31 4 0
github.com/nexushunter-ai/nexushunter-ai/backend/internal/intel/html.go:95.31,97.18 2 0
github.com/nexushunter-ai/nexushunter-ai/backend/internal/intel/html.go:97.18,99.4 1 0
github.com/nexushunter-ai/nexushunter-ai/backend/internal/intel/html.go:99.9,99.40 1 0
github.com/nexushunter-ai/nexushunter-ai/backend/internal/intel/html.go:99.40,101.4 1 0
github.com/nexushunter-ai/nexushunter-ai/backend/internal/intel/html.go:102.3,102.32 1 0
github.com/nexushunter-ai/nexushunter-ai/backend/internal/intel/html.go:102.32,105.4 2 0
github.com/nexushunter-ai/nexushunter-ai/backend/internal/intel/html.go:109.2,111.31 3 0
github.com/nexushunter-ai/nexushunter-ai/backend/internal/intel/html.go:111.31,112.50 1 0
github.com/nexushunter-ai/nexushunter-ai/backend/internal/intel/html.go:112.50,115.4 2 0
github.com/nexushunter-ai/nexushunter-ai/backend/internal/intel/html.go:118.2,118.13 1 0
github.com/nexushunter-ai/nexushunter-ai/backend/internal/intel/id.go:10.34,14.2 3 0
github.com/nexushunter-ai/nexushunter-ai/backend/internal/intel/rules.go:16.40,17.26 1 0
github.com/nexushunter-ai/nexushunter-ai/backend/internal/intel/rules.go:17.26,481.25 2 0
github.com/nexushunter-ai/nexushunter-ai/backend/internal/intel/rules.go:481.25,482.23 1 0
github.com/nexushunter-ai/nexushunter-ai/backend/internal/intel/rules.go:482.23,484.5 1 0
github.com/nexushunter-ai/nexushunter-ai/backend/internal/intel/rules.go:485.4,485.28 1 0
github.com/nexushunter-ai/nexushunter-ai/backend/internal/intel/rules.go:485.28,487.5 1 0
github.com/nexushunter-ai/nexushunter-ai/backend/internal/intel/rules.go:488.4,488.42 1 0
github.com/nexushunter-ai/nexushunter-ai/backend/internal/intel/rules.go:492.2,492.21 1 0
github.com/nexushunter-ai/nexushunter-ai/backend/internal/intel/scripts.go:11.117,15.37 3 0
github.com/nexushunter-ai/nexushunter-ai/backend/internal/intel/scripts.go:15.37,16.18 1 0
github.com/nexushunter-ai/nexushunter-ai/backend/internal/intel/scripts.go:16.18,18.4 1 0
github.com/nexushunter-ai/nexushunter-ai/backend/internal/intel/scripts.go:19.3,20.17 2 0
github.com/nexushunter-ai/nexushunter-ai/backend/internal/intel/scripts.go:20.17,22.4 1 0
github.com/nexushunter-ai/nexushunter-ai/backend/internal/intel/scripts.go:23.3,23.43 1 0
github.com/nexushunter-ai/nexushunter-ai/backend/internal/intel/scripts.go:26.2,26.40 1 0
github.com/nexushunter-ai/nexushunter-ai/backend/internal/intel/scripts.go:26.40,27.18 1 0
github.com/nexushunter-ai/nexushunter-ai/backend/internal/intel/scripts.go:27.18,29.4 1 0
github.com/nexushunter-ai/nexushunter-ai/backend/internal/intel/scripts.go:30.3,31.17 2 0
github.com/nexushunter-ai/nexushunter-ai/backend/internal/intel/scripts.go:31.17,33.4 1 0
github.com/nexushunter-ai/nexushunter-ai/backend/internal/intel/scripts.go:34.3,34.62 1 0
github.com/nexushunter-ai/nexushunter-ai/backend/internal/intel/scripts.go:38.2,38.41 1 0
github.com/nexushunter-ai/nexushunter-ai/backend/internal/intel/scripts.go:38.41,49.3 2 0
github.com/nexushunter-ai/nexushunter-ai/backend/internal/intel/scripts.go:52.2,52.41 1 0
github.com/nexushunter-ai/nexushunter-ai/backend/internal/intel/scripts.go:52.41,63.3 2 0
github.com/nexushunter-ai/nexushunter-ai/backend/internal/intel/scripts.go:66.2,66.37 1 0
github.com/nexushunter-ai/nexushunter-ai/backend/internal/intel/scripts.go:66.37,77.3 2 0
github.com/nexushunter-ai/nexushunter-ai/backend/internal/intel/scripts.go:80.2,80.40 1 0
github.com/nexushunter-ai/nexushunter-ai/backend/internal/intel/scripts.go:80.40,91.3 2 0
github.com/nexushunter-ai/nexushunter-ai/backend/internal/intel/scripts.go:93.2,93.15 1 0
github.com/nexushunter-ai/nexushunter-ai/backend/internal/intel/secintel.go:44.31,59.2 3 1
github.com/nexushunter-ai/nexushunter-ai/backend/internal/intel/secintel.go:71.9,107.33 7 1
github.com/nexushunter-ai/nexushunter-ai/backend/internal/intel/secintel.go:107.33,108.56 1 1
github.com/nexushunter-ai/nexushunter-ai/backend/internal/intel/secintel.go:108.56,128.4 3 1
github.com/nexushunter-ai/nexushunter-ai/backend/internal/intel/secintel.go:131.2,131.18 1 1
github.com/nexushunter-ai/nexushunter-ai/backend/internal/intel/secintel.go:131.18,133.3 1 0
github.com/nexushunter-ai/nexushunter-ai/backend/internal/intel/secintel.go:136.2,165.36 5 1
github.com/nexushunter-ai/nexushunter-ai/backend/internal/intel/secintel.go:165.36,168.26 3 0
github.com/nexushunter-ai/nexushunter-ai/backend/internal/intel/secintel.go:168.26,170.4 1 0
github.com/nexushunter-ai/nexushunter-ai/backend/internal/intel/secintel.go:171.3,190.47 4 0
github.com/nexushunter-ai/nexushunter-ai/backend/internal/intel/secintel.go:190.47,192.4 1 0
github.com/nexushunter-ai/nexushunter-ai/backend/internal/intel/secintel.go:192.9,192.56 1 0
github.com/nexushunter-ai/nexushunter-ai/backend/internal/intel/secintel.go:192.56,194.4 1 0
github.com/nexushunter-ai/nexushunter-ai/backend/internal/intel/secintel.go:197.3,213.5 1 0
github.com/nexushunter-ai/nexushunter-ai/backend/internal/intel/secintel.go:217.2,245.12 5 1
github.com/nexushunter-ai/nexushunter-ai/backend/internal/intel/secintel.go:254.3,257.36 2 1
github.com/nexushunter-ai/nexushunter-ai/backend/internal/intel/secintel.go:257.36,258.58 1 1
github.com/nexushunter-ai/nexushunter-ai/backend/internal/intel/secintel.go:258.58,260.9 2 1
github.com/nexushunter-ai/nexushunter-ai/backend/internal/intel/secintel.go:263.2,263.47 1 1
github.com/nexushunter-ai/nexushunter-ai/backend/internal/intel/secintel.go:263.47,277.3 1 1
github.com/nexushunter-ai/nexushunter-ai/backend/internal/intel/secintel.go:280.2,281.16 2 1
github.com/nexushunter-ai/nexushunter-ai/backend/internal/intel/secintel.go:281.16,283.111 2 1
github.com/nexushunter-ai/nexushunter-ai/backend/internal/intel/secintel.go:283.111,284.41 1 0
github.com/nexushunter-ai/nexushunter-ai/backend/internal/intel/secintel.go:284.41,298.5 1 0
github.com/nexushunter-ai/nexushunter-ai/backend/internal/intel/secintel.go:303.2,303.46 1 1
github.com/nexushunter-ai/nexushunter-ai/backend/internal/intel/secintel.go:303.46,305.32 2 1
github.com/nexushunter-ai/nexushunter-ai/backend/internal/intel/secintel.go:305.32,306.57 1 1
github.com/nexushunter-ai/nexushunter-ai/backend/internal/intel/secintel.go:306.57,308.10 2 0
github.com/nexushunter-ai/nexushunter-ai/backend/internal/intel/secintel.go:311.3,311.15 1 1
github.com/nexushunter-ai/nexushunter-ai/backend/internal/intel/secintel.go:311.15,325.4 1 1
github.com/nexushunter-ai/nexushunter-ai/backend/internal/intel/secintel.go:335.3,340.34 3 1
github.com/nexushunter-ai/nexushunter-ai/backend/internal/intel/secintel.go:340.34,341.58 1 1
github.com/nexushunter-ai/nexushunter-ai/backend/internal/intel/secintel.go:341.58,344.4 2 1
github.com/nexushunter-ai/nexushunter-ai/backend/internal/intel/secintel.go:347.2,347.19 1 1
github.com/nexushunter-ai/nexushunter-ai/backend/internal/intel/secintel.go:347.19,368.3 1 1
github.com/nexushunter-ai/nexushunter-ai/backend/internal/intel/secintel.go:378.3,388.29 5 1
github.com/nexushunter-ai/nexushunter-ai/backend/internal/intel/secintel.go:388.29,390.3 1 1
github.com/nexushunter-ai/nexushunter-ai/backend/internal/intel/secintel.go:390.8,390.63 1 1
github.com/nexushunter-ai/nexushunter-ai/backend/internal/intel/secintel.go:390.63,392.3 1 1
github.com/nexushunter-ai/nexushunter-ai/backend/internal/intel/secintel.go:394.2,396.20 3 1
github.com/nexushunter-ai/nexushunter-ai/backend/internal/intel/secintel.go:396.20,398.3 1 1
github.com/nexushunter-ai/nexushunter-ai/backend/internal/intel/secintel.go:400.2,401.25 2 1
github.com/nexushunter-ai/nexushunter-ai/backend/internal/intel/secintel.go:401.25,403.3 1 1
github.com/nexushunter-ai/nexushunter-ai/backend/internal/intel/secintel.go:407.2,463.54 4 1
github.com/nexushunter-ai/nexushunter-ai/backend/internal/intel/secintel.go:470.47,471.38 1 1
github.com/nexushunter-ai/nexushunter-ai/backend/internal/intel/secintel.go:471.38,473.3 1 0
github.com/nexushunter-ai/nexushunter-ai/backend/internal/intel/secintel.go:476.2,477.16 2 1
github.com/nexushunter-ai/nexushunter-ai/backend/internal/intel/secintel.go:477.16,479.3 1 0
github.com/nexushunter-ai/nexushunter-ai/backend/internal/intel/secintel.go:480.2,480.48 1 1
github.com/nexushunter-ai/nexushunter-ai/backend/internal/intel/secintel.go:480.48,482.3 1 0
github.com/nexushunter-ai/nexushunter-ai/backend/internal/intel/secintel.go:484.2,490.52 5 1
github.com/nexushunter-ai/nexushunter-ai/backend/internal/intel/secintel.go:490.52,492.29 2 1
github.com/nexushunter-ai/nexushunter-ai/backend/internal/intel/secintel.go:492.29,494.34 2 1
github.com/nexushunter-ai/nexushunter-ai/backend/internal/intel/secintel.go:494.34,495.44 1 1
github.com/nexushunter-ai/nexushunter-ai/backend/internal/intel/secintel.go:495.44,496.83 1 1
github.com/nexushunter-ai/nexushunter-ai/backend/internal/intel/secintel.go:496.83,498.12 2 1
github.com/nexushunter-ai/nexushunter-ai/backend/internal/intel/secintel.go:502.4,502.55 1 1
github.com/nexushunter-ai/nexushunter-ai/backend/internal/intel/secintel.go:502.55,504.5 1 0
github.com/nexushunter-ai/nexushunter-ai/backend/internal/intel/secintel.go:509.2,509.43 1 1
github.com/nexushunter-ai/nexushunter-ai/backend/internal/intel/secintel.go:509.43,511.72 2 0
github.com/nexushunter-ai/nexushunter-ai/backend/internal/intel/secintel.go:511.72,513.4 1 0
github.com/nexushunter-ai/nexushunter-ai/backend/internal/intel/secintel.go:516.2,516.20 1 1
github.com/nexushunter-ai/nexushunter-ai/backend/internal/intel/secintel.go:516.20,517.37 1 0
github.com/nexushunter-ai/nexushunter-ai/backend/internal/intel/secintel.go:517.37,519.4 1 0
github.com/nexushunter-ai/nexushunter-ai/backend/internal/intel/secintel.go:519.9,521.4 1 0
github.com/nexushunter-ai/nexushunter-ai/backend/internal/intel/secintel.go:525.2,526.16 2 1
github.com/nexushunter-ai/nexushunter-ai/backend/internal/intel/secintel.go:526.16,528.3 1 0
github.com/nexushunter-ai/nexushunter-ai/backend/internal/intel/secintel.go:529.2,530.28 2 1
github.com/nexushunter-ai/nexushunter-ai/backend/internal/intel/secintel.go:530.28,532.3 1 1
github.com/nexushunter-ai/nexushunter-ai/backend/internal/intel/secintel.go:535.2,535.91 1 1
github.com/nexushunter-ai/nexushunter-ai/backend/internal/intel/secintel.go:535.91,537.3 1 1
github.com/nexushunter-ai/nexushunter-ai/backend/internal/intel/secintel.go:540.2,543.16 3 0
github.com/nexushunter-ai/nexushunter-ai/backend/internal/intel/secintel.go:543.16,545.3 1 0
github.com/nexushunter-ai/nexushunter-ai/backend/internal/intel/secintel.go:546.2,557.16 9 0
github.com/nexushunter-ai/nexushunter-ai/backend/internal/intel/secintel.go:557.16,560.20 2 0
github.com/nexushunter-ai/nexushunter-ai/backend/internal/intel/secintel.go:560.20,564.4 3 0
github.com/nexushunter-ai/nexushunter-ai/backend/internal/intel/secintel.go:567.2,567.31 1 0
github.com/nexushunter-ai/nexushunter-ai/backend/internal/intel/secintel.go:567.31,596.3 8 0
github.com/nexushunter-ai/nexushunter-ai/backend/internal/intel/secintel.go:596.8,603.3 3 0
github.com/nexushunter-ai/nexushunter-ai/backend/internal/intel/secintel.go:605.2,618.70 2 0
github.com/nexushunter-ai/nexushunter-ai/backend/internal/intel/secintel.go:618.70,620.3 1 0
github.com/nexushunter-ai/nexushunter-ai/backend/internal/intel/secintel.go:623.2,623.58 1 0
github.com/nexushunter-ai/nexushunter-ai/backend/internal/intel/secintel.go:623.58,626.77 3 0
github.com/nexushunter-ai/nexushunter-ai/backend/internal/intel/secintel.go:626.77,628.4 1 0
github.com/nexushunter-ai/nexushunter-ai/backend/internal/intel/secintel.go:631.2,631.20 1 0
github.com/nexushunter-ai/nexushunter-ai/backend/internal/intel/security.go:13.155,17.71 3 0
github.com/nexushunter-ai/nexushunter-ai/backend/internal/intel/security.go:17.71,29.3 1 0
github.com/nexushunter-ai/nexushunter-ai/backend/internal/intel/security.go:32.2,32.40 1 0
github.com/nexushunter-ai/nexushunter-ai/backend/internal/intel/security.go:32.40,33.117 1 0
github.com/nexushunter-ai/nexushunter-ai/backend/internal/intel/security.go:33.117,35.4 1 0
github.com/nexushunter-ai/nexushunter-ai/backend/internal/intel/security.go:35.9,37.4 1 0
github.com/nexushunter-ai/nexushunter-ai/backend/internal/intel/security.go:41.2,41.114 1 0
github.com/nexushunter-ai/nexushunter-ai/backend/internal/intel/security.go:41.114,43.3 1 0
github.com/nexushunter-ai/nexushunter-ai/backend/internal/intel/security.go:43.8,45.3 1 0
github.com/nexushunter-ai/nexushunter-ai/backend/internal/intel/security.go:48.2,48.113 1 0
github.com/nexushunter-ai/nexushunter-ai/backend/internal/intel/security.go:48.113,50.3 1 0
github.com/nexushunter-ai/nexushunter-ai/backend/internal/intel/security.go:50.8,52.3 1 0
github.com/nexushunter-ai/nexushunter-ai/backend/internal/intel/security.go:55.2,55.106 1 0
github.com/nexushunter-ai/nexushunter-ai/backend/internal/intel/security.go:55.106,57.3 1 0
github.com/nexushunter-ai/nexushunter-ai/backend/internal/intel/security.go:57.8,59.3 1 0
github.com/nexushunter-ai/nexushunter-ai/backend/internal/intel/security.go:62.2,62.106 1 0
github.com/nexushunter-ai/nexushunter-ai/backend/internal/intel/security.go:62.106,64.3 1 0
github.com/nexushunter-ai/nexushunter-ai/backend/internal/intel/security.go:64.8,66.3 1 0
github.com/nexushunter-ai/nexushunter-ai/backend/internal/intel/security.go:69.2,69.109 1 0
github.com/nexushunter-ai/nexushunter-ai/backend/internal/intel/security.go:69.109,71.3 1 0
github.com/nexushunter-ai/nexushunter-ai/backend/internal/intel/security.go:71.8,73.3 1 0
github.com/nexushunter-ai/nexushunter-ai/backend/internal/intel/security.go:76.2,77.28 2 0
github.com/nexushunter-ai/nexushunter-ai/backend/internal/intel/security.go:77.28,81.35 4 0
github.com/nexushunter-ai/nexushunter-ai/backend/internal/intel/security.go:81.35,82.16 1 0
github.com/nexushunter-ai/nexushunter-ai/backend/internal/intel/security.go:82.16,84.5 1 0
github.com/nexushunter-ai/nexushunter-ai/backend/internal/intel/security.go:85.4,85.18 1 0
github.com/nexushunter-ai/nexushunter-ai/backend/internal/intel/security.go:85.18,87.5 1 0
github.com/nexushunter-ai/nexushunter-ai/backend/internal/intel/security.go:88.4,88.55 1 0
github.com/nexushunter-ai/nexushunter-ai/backend/internal/intel/security.go:88.55,90.5 1 0
github.com/nexushunter-ai/nexushunter-ai/backend/internal/intel/security.go:93.3,97.182 3 0
github.com/nexushunter-ai/nexushunter-ai/backend/internal/intel/security.go:100.2,100.21 1 0
github.com/nexushunter-ai/nexushunter-ai/backend/internal/intel/tags.go:11.89,19.20 6 0
github.com/nexushunter-ai/nexushunter-ai/backend/internal/intel/tags.go:19.20,21.3 1 0
github.com/nexushunter-ai/nexushunter-ai/backend/internal/intel/tags.go:23.2,23.9 1 0
github.com/nexushunter-ai/nexushunter-ai/backend/internal/intel/tags.go:24.119,25.23 1 0
github.com/nexushunter-ai/nexushunter-ai/backend/internal/intel/tags.go:27.105,28.27 1 0
github.com/nexushunter-ai/nexushunter-ai/backend/internal/intel/tags.go:30.106,31.25 1 0
github.com/nexushunter-ai/nexushunter-ai/backend/internal/intel/tags.go:33.72,35.26 2 0
github.com/nexushunter-ai/nexushunter-ai/backend/internal/intel/tags.go:36.110,37.24 1 0
github.com/nexushunter-ai/nexushunter-ai/backend/internal/intel/tags.go:38.114,39.24 1 0
github.com/nexushunter-ai/nexushunter-ai/backend/internal/intel/tags.go:43.2,43.63 1 0
github.com/nexushunter-ai/nexushunter-ai/backend/internal/intel/tags.go:43.63,45.3 1 0
github.com/nexushunter-ai/nexushunter-ai/backend/internal/intel/tags.go:48.2,48.26 1 0
github.com/nexushunter-ai/nexushunter-ai/backend/internal/intel/tags.go:48.26,49.68 1 0
github.com/nexushunter-ai/nexushunter-ai/backend/internal/intel/tags.go:49.68,51.4 1 0
github.com/nexushunter-ai/nexushunter-ai/backend/internal/intel/tags.go:54.2,54.22 1 0
github.com/nexushunter-ai/nexushunter-ai/backend/internal/intel/tags.go:54.22,56.3 1 0
github.com/nexushunter-ai/nexushunter-ai/backend/internal/intel/tags.go:58.2,59.24 2 0
github.com/nexushunter-ai/nexushunter-ai/backend/internal/intel/tags.go:59.24,69.3 1 0
github.com/nexushunter-ai/nexushunter-ai/backend/internal/intel/tags.go:71.2,71.15 1 0
github.com/nexushunter-ai/nexushunter-ai/backend/internal/jobs/jobs.go:27.59,28.16 1 1
github.com/nexushunter-ai/nexushunter-ai/backend/internal/jobs/jobs.go:28.16,30.3 1 0
github.com/nexushunter-ai/nexushunter-ai/backend/internal/jobs/jobs.go:31.2,32.26 2 1
github.com/nexushunter-ai/nexushunter-ai/backend/internal/jobs/jobs.go:32.26,35.3 2 1
github.com/nexushunter-ai/nexushunter-ai/backend/internal/jobs/jobs.go:36.2,36.28 1 1
github.com/nexushunter-ai/nexushunter-ai/backend/internal/jobs/jobs.go:36.28,39.3 2 1
github.com/nexushunter-ai/nexushunter-ai/backend/internal/jobs/jobs.go:40.2,41.12 2 1
github.com/nexushunter-ai/nexushunter-ai/backend/internal/jobs/jobs.go:44.67,45.14 1 1
github.com/nexushunter-ai/nexushunter-ai/backend/internal/jobs/jobs.go:45.14,47.3 1 1
github.com/nexushunter-ai/nexushunter-ai/backend/internal/jobs/jobs.go:48.2,49.22 2 1
github.com/nexushunter-ai/nexushunter-ai/backend/internal/jobs/jobs.go:49.22,51.3 1 1
github.com/nexushunter-ai/nexushunter-ai/backend/internal/jobs/jobs.go:52.2,52.12 1 1
github.com/nexushunter-ai/nexushunter-ai/backend/internal/jobs/jobs.go:55.47,56.14 1 1
github.com/nexushunter-ai/nexushunter-ai/backend/internal/jobs/jobs.go:56.14,58.3 1 0
github.com/nexushunter-ai/nexushunter-ai/backend/internal/jobs/jobs.go:59.2,59.25 1 1
github.com/nexushunter-ai/nexushunter-ai/backend/internal/jobs/jobs.go:60.30,61.26 1 1
github.com/nexushunter-ai/nexushunter-ai/backend/internal/jobs/jobs.go:62.21,64.28 2 1
github.com/nexushunter-ai/nexushunter-ai/backend/internal/jobs/jobs.go:64.28,66.4 1 1
github.com/nexushunter-ai/nexushunter-ai/backend/internal/jobs/jobs.go:67.3,67.13 1 1
github.com/nexushunter-ai/nexushunter-ai/backend/internal/jobs/jobs.go:68.16,71.13 3 0
github.com/nexushunter-ai/nexushunter-ai/backend/internal/jobs/jobs.go:72.13,75.13 3 0
github.com/nexushunter-ai/nexushunter-ai/backend/internal/jobs/jobs.go:76.10,77.13 1 1
github.com/nexushunter-ai/nexushunter-ai/backend/internal/jobs/jobs.go:114.52,118.2 1 1
github.com/nexushunter-ai/nexushunter-ai/backend/internal/jobs/jobs.go:120.89,125.2 4 1
github.com/nexushunter-ai/nexushunter-ai/backend/internal/jobs/jobs.go:127.124,132.2 4 1
github.com/nexushunter-ai/nexushunter-ai/backend/internal/jobs/jobs.go:134.99,138.13 4 1
github.com/nexushunter-ai/nexushunter-ai/backend/internal/jobs/jobs.go:138.13,140.3 1 0
github.com/nexushunter-ai/nexushunter-ai/backend/internal/jobs/jobs.go:141.2,141.32 1 1
github.com/nexushunter-ai/nexushunter-ai/backend/internal/jobs/jobs.go:144.105,148.27 4 1
github.com/nexushunter-ai/nexushunter-ai/backend/internal/jobs/jobs.go:148.27,149.47 1 1
github.com/nexushunter-ai/nexushunter-ai/backend/internal/jobs/jobs.go:149.47,151.4 1 1
github.com/nexushunter-ai/nexushunter-ai/backend/internal/jobs/jobs.go:154.2,154.38 1 1
github.com/nexushunter-ai/nexushunter-ai/backend/internal/jobs/jobs.go:154.38,155.47 1 1
github.com/nexushunter-ai/nexushunter-ai/backend/internal/jobs/jobs.go:155.47,157.4 1 1
github.com/nexushunter-ai/nexushunter-ai/backend/internal/jobs/jobs.go:158.3,158.50 1 1
github.com/nexushunter-ai/nexushunter-ai/backend/internal/jobs/jobs.go:160.2,160.17 1 1
github.com/nexushunter-ai/nexushunter-ai/backend/internal/jobs/jobs.go:163.89,165.2 1 1
github.com/nexushunter-ai/nexushunter-ai/backend/internal/jobs/jobs.go:167.124,169.47 2 0
github.com/nexushunter-ai/nexushunter-ai/backend/internal/jobs/jobs.go:169.47,171.3 1 0
github.com/nexushunter-ai/nexushunter-ai/backend/internal/jobs/jobs.go:172.2,172.65 1 0
github.com/nexushunter-ai/nexushunter-ai/backend/internal/jobs/jobs.go:175.166,180.13 4 1
github.com/nexushunter-ai/nexushunter-ai/backend/internal/jobs/jobs.go:180.13,182.3 1 0
github.com/nexushunter-ai/nexushunter-ai/backend/internal/jobs/jobs.go:184.2,184.32 1 1
github.com/nexushunter-ai/nexushunter-ai/backend/internal/jobs/jobs.go:184.32,186.39 2 1
github.com/nexushunter-ai/nexushunter-ai/backend/internal/jobs/jobs.go:186.39,187.24 1 1
github.com/nexushunter-ai/nexushunter-ai/backend/internal/jobs/jobs.go:187.24,189.10 2 1
github.com/nexushunter-ai/nexushunter-ai/backend/internal/jobs/jobs.go:192.3,192.15 1 1
github.com/nexushunter-ai/nexushunter-ai/backend/internal/jobs/jobs.go:192.15,194.4 1 1
github.com/nexushunter-ai/nexushunter-ai/backend/internal/jobs/jobs.go:197.2,198.12 2 1
github.com/nexushunter-ai/nexushunter-ai/backend/internal/jobs/jobs.go:201.79,204.38 3 0
github.com/nexushunter-ai/nexushunter-ai/backend/internal/jobs/jobs.go:204.38,206.3 1 0
github.com/nexushunter-ai/nexushunter-ai/backend/internal/jobs/jobs.go:207.2,208.12 2 0
github.com/nexushunter-ai/nexushunter-ai/backend/internal/jobs/jobs.go:235.75,237.37 2 1
github.com/nexushunter-ai/nexushunter-ai/backend/internal/jobs/jobs.go:237.37,239.3 1 1
github.com/nexushunter-ai/nexushunter-ai/backend/internal/jobs/jobs.go:239.8,241.3 1 1
github.com/nexushunter-ai/nexushunter-ai/backend/internal/jobs/jobs.go:242.2,245.3 1 1
github.com/nexushunter-ai/nexushunter-ai/backend/internal/jobs/jobs.go:249.56,253.2 3 0
github.com/nexushunter-ai/nexushunter-ai/backend/internal/jobs/jobs.go:256.68,260.2 3 0
github.com/nexushunter-ai/nexushunter-ai/backend/internal/jobs/jobs.go:263.59,267.2 3 1
github.com/nexushunter-ai/nexushunter-ai/backend/internal/jobs/jobs.go:270.84,271.28 1 1
github.com/nexushunter-ai/nexushunter-ai/backend/internal/jobs/jobs.go:271.28,273.3 1 0
github.com/nexushunter-ai/nexushunter-ai/backend/internal/jobs/jobs.go:274.2,275.33 2 1
github.com/nexushunter-ai/nexushunter-ai/backend/internal/jobs/jobs.go:275.33,277.3 1 1
github.com/nexushunter-ai/nexushunter-ai/backend/internal/jobs/jobs.go:278.2,278.48 1 1
github.com/nexushunter-ai/nexushunter-ai/backend/internal/jobs/jobs.go:278.48,280.3 1 1
github.com/nexushunter-ai/nexushunter-ai/backend/internal/jobs/jobs.go:281.2,281.12 1 1
github.com/nexushunter-ai/nexushunter-ai/backend/internal/jobs/jobs.go:285.105,288.9 1 1
github.com/nexushunter-ai/nexushunter-ai/backend/internal/jobs/jobs.go:288.9,289.77 1 1
github.com/nexushunter-ai/nexushunter-ai/backend/internal/jobs/jobs.go:289.77,291.4 1 0
github.com/nexushunter-ai/nexushunter-ai/backend/internal/jobs/jobs.go:292.8,293.52 1 0
github.com/nexushunter-ai/nexushunter-ai/backend/internal/jobs/jobs.go:293.52,295.4 1 0
github.com/nexushunter-ai/nexushunter-ai/backend/internal/jobs/jobs.go:296.3,296.41 1 0
github.com/nexushunter-ai/nexushunter-ai/backend/internal/jobs/jobs.go:296.41,297.57 1 0
github.com/nexushunter-ai/nexushunter-ai/backend/internal/jobs/jobs.go:297.57,299.5 1 0
github.com/nexushunter-ai/nexushunter-ai/backend/internal/jobs/jobs.go:303.2,303.39 1 1
github.com/nexushunter-ai/nexushunter-ai/backend/internal/jobs/jobs.go:303.39,305.3 1 1
github.com/nexushunter-ai/nexushunter-ai/backend/internal/jobs/jobs.go:306.2,306.12 1 1
github.com/nexushunter-ai/nexushunter-ai/backend/internal/jobs/jobs.go:310.147,313.9 1 1
github.com/nexushunter-ai/nexushunter-ai/backend/internal/jobs/jobs.go:313.9,314.97 1 1
github.com/nexushunter-ai/nexushunter-ai/backend/internal/jobs/jobs.go:314.97,316.4 1 0
github.com/nexushunter-ai/nexushunter-ai/backend/internal/jobs/jobs.go:317.8,319.9 1 0
github.com/nexushunter-ai/nexushunter-ai/backend/internal/jobs/jobs.go:319.9,320.77 1 0
github.com/nexushunter-ai/nexushunter-ai/backend/internal/jobs/jobs.go:320.77,322.4 1 0
github.com/nexushunter-ai/nexushunter-ai/backend/internal/jobs/jobs.go:323.8,324.52 1 0
github.com/nexushunter-ai/nexushunter-ai/backend/internal/jobs/jobs.go:324.52,326.4 1 0
github.com/nexushunter-ai/nexushunter-ai/backend/internal/jobs/jobs.go:327.3,327.41 1 0
github.com/nexushunter-ai/nexushunter-ai/backend/internal/jobs/jobs.go:327.41,328.57 1 0
github.com/nexushunter-ai/nexushunter-ai/backend/internal/jobs/jobs.go:328.57,330.5 1 0
github.com/nexushunter-ai/nexushunter-ai/backend/internal/jobs/jobs.go:336.2,336.39 1 1
github.com/nexushunter-ai/nexushunter-ai/backend/internal/jobs/jobs.go:336.39,337.63 1 1
github.com/nexushunter-ai/nexushunter-ai/backend/internal/jobs/jobs.go:337.63,339.4 1 0
github.com/nexushunter-ai/nexushunter-ai/backend/internal/jobs/jobs.go:341.2,341.12 1 1
github.com/nexushunter-ai/nexushunter-ai/backend/internal/jobs/jobs.go:345.141,346.20 1 1
github.com/nexushunter-ai/nexushunter-ai/backend/internal/jobs/jobs.go:346.20,348.3 1 0
github.com/nexushunter-ai/nexushunter-ai/backend/internal/jobs/jobs.go:349.2,349.19 1 1
github.com/nexushunter-ai/nexushunter-ai/backend/internal/jobs/jobs.go:349.19,351.3 1 0
github.com/nexushunter-ai/nexushunter-ai/backend/internal/jobs/jobs.go:353.2,353.62 1 1
github.com/nexushunter-ai/nexushunter-ai/backend/internal/jobs/jobs.go:353.62,355.3 1 1
github.com/nexushunter-ai/nexushunter-ai/backend/internal/jobs/jobs.go:357.2,364.21 6 1
github.com/nexushunter-ai/nexushunter-ai/backend/internal/jobs/jobs.go:364.21,366.3 1 1
github.com/nexushunter-ai/nexushunter-ai/backend/internal/jobs/jobs.go:368.2,399.65 3 1
github.com/nexushunter-ai/nexushunter-ai/backend/internal/jobs/jobs.go:399.65,401.3 1 0
github.com/nexushunter-ai/nexushunter-ai/backend/internal/jobs/jobs.go:403.2,403.34 1 1
github.com/nexushunter-ai/nexushunter-ai/backend/internal/jobs/jobs.go:407.83,412.16 4 1
github.com/nexushunter-ai/nexushunter-ai/backend/internal/jobs/jobs.go:412.16,414.3 1 0
github.com/nexushunter-ai/nexushunter-ai/backend/internal/jobs/jobs.go:415.2,415.32 1 1
github.com/nexushunter-ai/nexushunter-ai/backend/internal/jobs/jobs.go:419.93,424.2 3 0
github.com/nexushunter-ai/nexushunter-ai/backend/internal/jobs/jobs.go:427.85,432.30 4 1
github.com/nexushunter-ai/nexushunter-ai/backend/internal/jobs/jobs.go:432.30,434.3 1 0
github.com/nexushunter-ai/nexushunter-ai/backend/internal/jobs/jobs.go:436.2,436.66 1 1
github.com/nexushunter-ai/nexushunter-ai/backend/internal/jobs/jobs.go:436.66,438.3 1 0
github.com/nexushunter-ai/nexushunter-ai/backend/internal/jobs/jobs.go:441.2,441.43 1 1
github.com/nexushunter-ai/nexushunter-ai/backend/internal/jobs/jobs.go:441.43,443.3 1 1
github.com/nexushunter-ai/nexushunter-ai/backend/internal/jobs/jobs.go:446.2,446.42 1 1
github.com/nexushunter-ai/nexushunter-ai/backend/internal/jobs/jobs.go:446.42,448.3 1 1
github.com/nexushunter-ai/nexushunter-ai/backend/internal/jobs/jobs.go:450.2,477.113 7 1
github.com/nexushunter-ai/nexushunter-ai/backend/internal/jobs/jobs.go:477.113,479.3 1 0
github.com/nexushunter-ai/nexushunter-ai/backend/internal/jobs/jobs.go:481.2,481.34 1 1
github.com/nexushunter-ai/nexushunter-ai/backend/internal/jobs/jobs.go:485.88,490.30 4 1
github.com/nexushunter-ai/nexushunter-ai/backend/internal/jobs/jobs.go:490.30,492.3 1 0
github.com/nexushunter-ai/nexushunter-ai/backend/internal/jobs/jobs.go:494.2,494.66 1 1
github.com/nexushunter-ai/nexushunter-ai/backend/internal/jobs/jobs.go:494.66,496.3 1 0
github.com/nexushunter-ai/nexushunter-ai/backend/internal/jobs/jobs.go:499.2,499.45 1 1
github.com/nexushunter-ai/nexushunter-ai/backend/internal/jobs/jobs.go:499.45,501.3 1 1
github.com/nexushunter-ai/nexushunter-ai/backend/internal/jobs/jobs.go:504.2,504.43 1 1
github.com/nexushunter-ai/nexushunter-ai/backend/internal/jobs/jobs.go:504.43,506.3 1 1
github.com/nexushunter-ai/nexushunter-ai/backend/internal/jobs/jobs.go:508.2,535.114 7 1
github.com/nexushunter-ai/nexushunter-ai/backend/internal/jobs/jobs.go:535.114,537.3 1 0
github.com/nexushunter-ai/nexushunter-ai/backend/internal/jobs/jobs.go:539.2,539.34 1 1
github.com/nexushunter-ai/nexushunter-ai/backend/internal/jobs/jobs.go:543.106,548.30 4 1
github.com/nexushunter-ai/nexushunter-ai/backend/internal/jobs/jobs.go:548.30,550.3 1 0
github.com/nexushunter-ai/nexushunter-ai/backend/internal/jobs/jobs.go:552.2,552.66 1 1
github.com/nexushunter-ai/nexushunter-ai/backend/internal/jobs/jobs.go:552.66,554.3 1 0
github.com/nexushunter-ai/nexushunter-ai/backend/internal/jobs/jobs.go:557.2,557.42 1 1
github.com/nexushunter-ai/nexushunter-ai/backend/internal/jobs/jobs.go:557.42,559.3 1 0
github.com/nexushunter-ai/nexushunter-ai/backend/internal/jobs/jobs.go:562.2,562.43 1 1
github.com/nexushunter-ai/nexushunter-ai/backend/internal/jobs/jobs.go:562.43,564.3 1 1
github.com/nexushunter-ai/nexushunter-ai/backend/internal/jobs/jobs.go:566.2,595.114 8 1
github.com/nexushunter-ai/nexushunter-ai/backend/internal/jobs/jobs.go:595.114,597.3 1 0
github.com/nexushunter-ai/nexushunter-ai/backend/internal/jobs/jobs.go:599.2,599.34 1 1
github.com/nexushunter-ai/nexushunter-ai/backend/internal/jobs/jobs.go:603.86,608.30 4 1
github.com/nexushunter-ai/nexushunter-ai/backend/internal/jobs/jobs.go:608.30,610.3 1 0
github.com/nexushunter-ai/nexushunter-ai/backend/internal/jobs/jobs.go:612.2,612.66 1 1
github.com/nexushunter-ai/nexushunter-ai/backend/internal/jobs/jobs.go:612.66,614.3 1 0
github.com/nexushunter-ai/nexushunter-ai/backend/internal/jobs/jobs.go:617.2,617.45 1 1
github.com/nexushunter-ai/nexushunter-ai/backend/internal/jobs/jobs.go:617.45,619.3 1 0
github.com/nexushunter-ai/nexushunter-ai/backend/internal/jobs/jobs.go:622.2,622.85 1 1
github.com/nexushunter-ai/nexushunter-ai/backend/internal/jobs/jobs.go:622.85,624.3 1 1
github.com/nexushunter-ai/nexushunter-ai/backend/internal/jobs/jobs.go:626.2,653.138 7 1
github.com/nexushunter-ai/nexushunter-ai/backend/internal/jobs/jobs.go:653.138,655.3 1 0
github.com/nexushunter-ai/nexushunter-ai/backend/internal/jobs/jobs.go:657.2,657.34 1 1
github.com/nexushunter-ai/nexushunter-ai/backend/internal/jobs/jobs.go:661.87,666.16 4 0
github.com/nexushunter-ai/nexushunter-ai/backend/internal/jobs/jobs.go:666.16,668.3 1 0
github.com/nexushunter-ai/nexushunter-ai/backend/internal/jobs/jobs.go:669.2,670.30 2 0
github.com/nexushunter-ai/nexushunter-ai/backend/internal/jobs/jobs.go:670.30,671.84 1 0
github.com/nexushunter-ai/nexushunter-ai/backend/internal/jobs/jobs.go:671.84,698.4 7 0
github.com/nexushunter-ai/nexushunter-ai/backend/internal/jobs/jobs.go:700.2,700.12 1 0
github.com/nexushunter-ai/nexushunter-ai/backend/internal/jobs/jobs.go:704.84,705.26 1 1
github.com/nexushunter-ai/nexushunter-ai/backend/internal/jobs/jobs.go:705.26,707.3 1 0
github.com/nexushunter-ai/nexushunter-ai/backend/internal/jobs/jobs.go:710.2,712.41 3 1
github.com/nexushunter-ai/nexushunter-ai/backend/internal/jobs/jobs.go:712.41,713.53 1 1
github.com/nexushunter-ai/nexushunter-ai/backend/internal/jobs/jobs.go:713.53,715.4 1 0
github.com/nexushunter-ai/nexushunter-ai/backend/internal/jobs/jobs.go:716.3,716.57 1 1
github.com/nexushunter-ai/nexushunter-ai/backend/internal/jobs/jobs.go:719.2,720.29 2 1
github.com/nexushunter-ai/nexushunter-ai/backend/internal/jobs/jobs.go:720.29,721.24 1 1
github.com/nexushunter-ai/nexushunter-ai/backend/internal/jobs/jobs.go:722.31,723.14 1 1
github.com/nexushunter-ai/nexushunter-ai/backend/internal/jobs/jobs.go:723.14,725.5 1 0
github.com/nexushunter-ai/nexushunter-ai/backend/internal/jobs/jobs.go:726.4,726.54 1 1
github.com/nexushunter-ai/nexushunter-ai/backend/internal/jobs/jobs.go:726.54,728.5 1 0
github.com/nexushunter-ai/nexushunter-ai/backend/internal/jobs/jobs.go:729.4,729.36 1 1
github.com/nexushunter-ai/nexushunter-ai/backend/internal/jobs/jobs.go:731.31,732.41 1 1
github.com/nexushunter-ai/nexushunter-ai/backend/internal/jobs/jobs.go:732.41,734.5 1 0
github.com/nexushunter-ai/nexushunter-ai/backend/internal/jobs/jobs.go:735.4,735.110 1 1
github.com/nexushunter-ai/nexushunter-ai/backend/internal/jobs/jobs.go:735.110,737.5 1 0
github.com/nexushunter-ai/nexushunter-ai/backend/internal/jobs/jobs.go:738.4,738.37 1 1
github.com/nexushunter-ai/nexushunter-ai/backend/internal/jobs/jobs.go:740.33,741.42 1 1
github.com/nexushunter-ai/nexushunter-ai/backend/internal/jobs/jobs.go:741.42,743.5 1 1
github.com/nexushunter-ai/nexushunter-ai/backend/internal/jobs/jobs.go:744.4,744.113 1 1
github.com/nexushunter-ai/nexushunter-ai/backend/internal/jobs/jobs.go:744.113,746.5 1 0
github.com/nexushunter-ai/nexushunter-ai/backend/internal/jobs/jobs.go:747.4,747.39 1 1
github.com/nexushunter-ai/nexushunter-ai/backend/internal/jobs/jobs.go:749.30,750.42 1 0
github.com/nexushunter-ai/nexushunter-ai/backend/internal/jobs/jobs.go:750.42,752.5 1 0
github.com/nexushunter-ai/nexushunter-ai/backend/internal/jobs/jobs.go:753.4,753.110 1 0
github.com/nexushunter-ai/nexushunter-ai/backend/internal/jobs/jobs.go:753.110,755.5 1 0
github.com/nexushunter-ai/nexushunter-ai/backend/internal/jobs/jobs.go:756.4,756.36 1 0
github.com/nexushunter-ai/nexushunter-ai/backend/internal/jobs/jobs.go:758.33,759.79 1 0
github.com/nexushunter-ai/nexushunter-ai/backend/internal/jobs/jobs.go:759.79,761.5 1 0
github.com/nexushunter-ai/nexushunter-ai/backend/internal/jobs/jobs.go:762.4,762.57 1 0
github.com/nexushunter-ai/nexushunter-ai/backend/internal/jobs/jobs.go:762.57,764.5 1 0
github.com/nexushunter-ai/nexushunter-ai/backend/internal/jobs/jobs.go:765.4,765.39 1 0
github.com/nexushunter-ai/nexushunter-ai/backend/internal/jobs/jobs.go:769.2,769.21 1 1
github.com/nexushunter-ai/nexushunter-ai/backend/internal/jsintel/analyzer.go:44.34,46.2 1 1
github.com/nexushunter-ai/nexushunter-ai/backend/internal/jsintel/analyzer.go:49.204,59.35 7 1
github.com/nexushunter-ai/nexushunter-ai/backend/internal/jsintel/analyzer.go:59.35,60.20 1 1
github.com/nexushunter-ai/nexushunter-ai/backend/internal/jsintel/analyzer.go:60.20,63.42 3 1
github.com/nexushunter-ai/nexushunter-ai/backend/internal/jsintel/analyzer.go:63.42,64.13 1 0
github.com/nexushunter-ai/nexushunter-ai/backend/internal/jsintel/analyzer.go:66.4,86.40 4 1
github.com/nexushunter-ai/nexushunter-ai/backend/internal/jsintel/analyzer.go:91.2,92.33 2 1
github.com/nexushunter-ai/nexushunter-ai/backend/internal/jsintel/analyzer.go:92.33,93.20 1 1
github.com/nexushunter-ai/nexushunter-ai/backend/internal/jsintel/analyzer.go:93.20,95.24 2 1
github.com/nexushunter-ai/nexushunter-ai/backend/internal/jsintel/analyzer.go:95.24,96.13 1 0
github.com/nexushunter-ai/nexushunter-ai/backend/internal/jsintel/analyzer.go:98.4,102.83 4 1
github.com/nexushunter-ai/nexushunter-ai/backend/internal/jsintel/analyzer.go:102.83,104.20 2 1
github.com/nexushunter-ai/nexushunter-ai/backend/internal/jsintel/analyzer.go:104.20,106.6 1 1
github.com/nexushunter-ai/nexushunter-ai/backend/internal/jsintel/analyzer.go:106.11,108.6 1 1
github.com/nexushunter-ai/nexushunter-ai/backend/internal/jsintel/analyzer.go:111.4,112.32 2 1
github.com/nexushunter-ai/nexushunter-ai/backend/internal/jsintel/analyzer.go:112.32,114.5 1 1
github.com/nexushunter-ai/nexushunter-ai/backend/internal/jsintel/analyzer.go:116.4,133.40 2 1
github.com/nexushunter-ai/nexushunter-ai/backend/internal/jsintel/analyzer.go:139.2,140.35 2 1
github.com/nexushunter-ai/nexushunter-ai/backend/internal/jsintel/analyzer.go:140.35,141.20 1 1
github.com/nexushunter-ai/nexushunter-ai/backend/internal/jsintel/analyzer.go:141.20,143.21 2 1
github.com/nexushunter-ai/nexushunter-ai/backend/internal/jsintel/analyzer.go:143.21,144.13 1 0
github.com/nexushunter-ai/nexushunter-ai/backend/internal/jsintel/analyzer.go:146.4,166.40 4 1
github.com/nexushunter-ai/nexushunter-ai/backend/internal/jsintel/analyzer.go:171.2,172.36 2 1
github.com/nexushunter-ai/nexushunter-ai/backend/internal/jsintel/analyzer.go:172.36,173.20 1 1
github.com/nexushunter-ai/nexushunter-ai/backend/internal/jsintel/analyzer.go:173.20,177.22 4 1
github.com/nexushunter-ai/nexushunter-ai/backend/internal/jsintel/analyzer.go:177.22,178.13 1 0
github.com/nexushunter-ai/nexushunter-ai/backend/internal/jsintel/analyzer.go:180.4,200.40 4 1
github.com/nexushunter-ai/nexushunter-ai/backend/internal/jsintel/analyzer.go:205.2,206.39 2 1
github.com/nexushunter-ai/nexushunter-ai/backend/internal/jsintel/analyzer.go:206.39,209.52 3 1
github.com/nexushunter-ai/nexushunter-ai/backend/internal/jsintel/analyzer.go:209.52,212.4 2 1
github.com/nexushunter-ai/nexushunter-ai/backend/internal/jsintel/analyzer.go:212.9,212.59 1 0
github.com/nexushunter-ai/nexushunter-ai/backend/internal/jsintel/analyzer.go:212.59,215.4 2 0
github.com/nexushunter-ai/nexushunter-ai/backend/internal/jsintel/analyzer.go:216.3,216.40 1 1
github.com/nexushunter-ai/nexushunter-ai/backend/internal/jsintel/analyzer.go:216.40,237.4 4 1
github.com/nexushunter-ai/nexushunter-ai/backend/internal/jsintel/analyzer.go:241.2,241.81 1 1
github.com/nexushunter-ai/nexushunter-ai/backend/internal/jsintel/analyzer.go:241.81,243.31 2 1
github.com/nexushunter-ai/nexushunter-ai/backend/internal/jsintel/analyzer.go:243.31,244.21 1 1
github.com/nexushunter-ai/nexushunter-ai/backend/internal/jsintel/analyzer.go:244.21,246.41 2 1
github.com/nexushunter-ai/nexushunter-ai/backend/internal/jsintel/analyzer.go:246.41,247.14 1 1
github.com/nexushunter-ai/nexushunter-ai/backend/internal/jsintel/analyzer.go:249.5,250.29 2 1
github.com/nexushunter-ai/nexushunter-ai/backend/internal/jsintel/analyzer.go:250.29,251.14 1 0
github.com/nexushunter-ai/nexushunter-ai/backend/internal/jsintel/analyzer.go:253.5,270.7 4 1
github.com/nexushunter-ai/nexushunter-ai/backend/internal/jsintel/analyzer.go:275.2,280.33 5 1
github.com/nexushunter-ai/nexushunter-ai/backend/internal/jsintel/analyzer.go:283.43,290.33 3 1
github.com/nexushunter-ai/nexushunter-ai/backend/internal/jsintel/analyzer.go:290.33,291.35 1 1
github.com/nexushunter-ai/nexushunter-ai/backend/internal/jsintel/analyzer.go:291.35,293.4 1 1
github.com/nexushunter-ai/nexushunter-ai/backend/internal/jsintel/analyzer.go:295.2,295.30 1 1
github.com/nexushunter-ai/nexushunter-ai/backend/internal/jsintel/analyzer.go:295.30,297.3 1 1
github.com/nexushunter-ai/nexushunter-ai/backend/internal/jsintel/analyzer.go:298.2,299.30 2 1
github.com/nexushunter-ai/nexushunter-ai/backend/internal/jsintel/analyzer.go:299.30,300.19 1 1
github.com/nexushunter-ai/nexushunter-ai/backend/internal/jsintel/analyzer.go:300.19,302.9 2 1
github.com/nexushunter-ai/nexushunter-ai/backend/internal/jsintel/analyzer.go:305.2,305.16 1 1
github.com/nexushunter-ai/nexushunter-ai/backend/internal/jsintel/analyzer.go:308.34,309.17 1 1
github.com/nexushunter-ai/nexushunter-ai/backend/internal/jsintel/analyzer.go:309.17,311.3 1 0
github.com/nexushunter-ai/nexushunter-ai/backend/internal/jsintel/analyzer.go:312.2,314.17 3 1
github.com/nexushunter-ai/nexushunter-ai/backend/internal/jsintel/analyzer.go:314.17,317.3 2 0
github.com/nexushunter-ai/nexushunter-ai/backend/internal/jsintel/analyzer.go:318.2,318.118 1 1
github.com/nexushunter-ai/nexushunter-ai/backend/internal/jsintel/analyzer.go:321.33,324.2 2 1
github.com/nexushunter-ai/nexushunter-ai/backend/internal/jsintel/analyzer.go:326.47,328.45 2 1
github.com/nexushunter-ai/nexushunter-ai/backend/internal/jsintel/analyzer.go:328.45,330.3 1 0
github.com/nexushunter-ai/nexushunter-ai/backend/internal/jsintel/analyzer.go:331.2,331.45 1 1
github.com/nexushunter-ai/nexushunter-ai/backend/internal/jsintel/analyzer.go:331.45,333.3 1 0
github.com/nexushunter-ai/nexushunter-ai/backend/internal/jsintel/analyzer.go:334.2,334.10 1 1
github.com/nexushunter-ai/nexushunter-ai/backend/internal/jsintel/analyzer.go:337.71,338.28 1 1
github.com/nexushunter-ai/nexushunter-ai/backend/internal/jsintel/analyzer.go:338.28,340.3 1 0
github.com/nexushunter-ai/nexushunter-ai/backend/internal/jsintel/analyzer.go:341.2,342.28 2 1
github.com/nexushunter-ai/nexushunter-ai/backend/internal/jsintel/analyzer.go:345.59,347.19 2 1
github.com/nexushunter-ai/nexushunter-ai/backend/internal/jsintel/analyzer.go:347.19,349.3 1 1
github.com/nexushunter-ai/nexushunter-ai/backend/internal/jsintel/analyzer.go:350.2,351.29 2 1
github.com/nexushunter-ai/nexushunter-ai/backend/internal/jsintel/analyzer.go:351.29,353.3 1 1
github.com/nexushunter-ai/nexushunter-ai/backend/internal/jsintel/analyzer.go:354.2,355.32 2 1
github.com/nexushunter-ai/nexushunter-ai/backend/internal/jsintel/analyzer.go:358.38,366.2 2 1
github.com/nexushunter-ai/nexushunter-ai/backend/internal/jsintel/jsintel.go:37.36,45.2 1 1
github.com/nexushunter-ai/nexushunter-ai/backend/internal/jsintel/jsintel.go:62.76,73.2 2 1
github.com/nexushunter-ai/nexushunter-ai/backend/internal/jsintel/jsintel.go:82.167,83.19 1 1
github.com/nexushunter-ai/nexushunter-ai/backend/internal/jsintel/jsintel.go:83.19,85.3 1 0
github.com/nexushunter-ai/nexushunter-ai/backend/internal/jsintel/jsintel.go:87.2,88.16 2 1
github.com/nexushunter-ai/nexushunter-ai/backend/internal/jsintel/jsintel.go:88.16,90.3 1 0
github.com/nexushunter-ai/nexushunter-ai/backend/internal/jsintel/jsintel.go:92.2,96.28 4 1
github.com/nexushunter-ai/nexushunter-ai/backend/internal/jsintel/jsintel.go:96.28,97.17 1 1
github.com/nexushunter-ai/nexushunter-ai/backend/internal/jsintel/jsintel.go:97.17,98.12 1 0
github.com/nexushunter-ai/nexushunter-ai/backend/internal/jsintel/jsintel.go:100.3,101.19 2 1
github.com/nexushunter-ai/nexushunter-ai/backend/internal/jsintel/jsintel.go:101.19,102.12 1 0
github.com/nexushunter-ai/nexushunter-ai/backend/internal/jsintel/jsintel.go:105.3,106.49 2 1
github.com/nexushunter-ai/nexushunter-ai/backend/internal/jsintel/jsintel.go:106.49,107.12 1 0
github.com/nexushunter-ai/nexushunter-ai/backend/internal/jsintel/jsintel.go:109.3,112.17 3 1
github.com/nexushunter-ai/nexushunter-ai/backend/internal/jsintel/jsintel.go:112.17,113.12 1 0
github.com/nexushunter-ai/nexushunter-ai/backend/internal/jsintel/jsintel.go:117.3,139.19 4 1
github.com/nexushunter-ai/nexushunter-ai/backend/internal/jsintel/jsintel.go:139.19,141.4 1 1
github.com/nexushunter-ai/nexushunter-ai/backend/internal/jsintel/jsintel.go:143.3,143.35 1 1
github.com/nexushunter-ai/nexushunter-ai/backend/internal/jsintel/jsintel.go:146.2,146.20 1 1
github.com/nexushunter-ai/nexushunter-ai/backend/internal/jsintel/jsintel.go:150.164,151.34 1 0
github.com/nexushunter-ai/nexushunter-ai/backend/internal/jsintel/jsintel.go:151.34,154.3 2 0
github.com/nexushunter-ai/nexushunter-ai/backend/internal/jsintel/jsintel.go:156.2,157.16 2 0
github.com/nexushunter-ai/nexushunter-ai/backend/internal/jsintel/jsintel.go:157.16,160.3 2 0
github.com/nexushunter-ai/nexushunter-ai/backend/internal/jsintel/jsintel.go:161.2,164.16 3 0
github.com/nexushunter-ai/nexushunter-ai/backend/internal/jsintel/jsintel.go:164.16,167.3 2 0
github.com/nexushunter-ai/nexushunter-ai/backend/internal/jsintel/jsintel.go:168.2,170.38 2 0
github.com/nexushunter-ai/nexushunter-ai/backend/internal/jsintel/jsintel.go:170.38,173.3 2 0
github.com/nexushunter-ai/nexushunter-ai/backend/internal/jsintel/jsintel.go:176.2,178.16 3 0
github.com/nexushunter-ai/nexushunter-ai/backend/internal/jsintel/jsintel.go:178.16,181.3 2 0
github.com/nexushunter-ai/nexushunter-ai/backend/internal/jsintel/jsintel.go:183.2,183.50 1 0
github.com/nexushunter-ai/nexushunter-ai/backend/internal/jsintel/jsintel.go:183.50,186.3 2 0
github.com/nexushunter-ai/nexushunter-ai/backend/internal/jsintel/jsintel.go:188.2,194.59 6 0
github.com/nexushunter-ai/nexushunter-ai/backend/internal/jsintel/jsintel.go:198.181,200.2 1 1
github.com/nexushunter-ai/nexushunter-ai/backend/internal/jsintel/jsintel.go:202.51,204.16 2 1
github.com/nexushunter-ai/nexushunter-ai/backend/internal/jsintel/jsintel.go:204.16,206.3 1 0
github.com/nexushunter-ai/nexushunter-ai/backend/internal/jsintel/jsintel.go:207.2,207.50 1 1
github.com/nexushunter-ai/nexushunter-ai/backend/internal/planner/planner.go:78.54,83.2 1 1
github.com/nexushunter-ai/nexushunter-ai/backend/internal/planner/planner.go:85.37,89.2 3 1
github.com/nexushunter-ai/nexushunter-ai/backend/internal/planner/planner.go:92.49,93.22 1 1
github.com/nexushunter-ai/nexushunter-ai/backend/internal/planner/planner.go:93.22,95.3 1 0
github.com/nexushunter-ai/nexushunter-ai/backend/internal/planner/planner.go:96.2,110.38 3 1
github.com/nexushunter-ai/nexushunter-ai/backend/internal/planner/planner.go:110.38,111.33 1 1
github.com/nexushunter-ai/nexushunter-ai/backend/internal/planner/planner.go:111.33,114.4 2 1
github.com/nexushunter-ai/nexushunter-ai/backend/internal/planner/planner.go:116.2,116.33 1 1
github.com/nexushunter-ai/nexushunter-ai/backend/internal/planner/planner.go:120.169,121.19 1 1
github.com/nexushunter-ai/nexushunter-ai/backend/internal/planner/planner.go:121.19,123.3 1 0
github.com/nexushunter-ai/nexushunter-ai/backend/internal/planner/planner.go:125.2,128.33 4 1
github.com/nexushunter-ai/nexushunter-ai/backend/internal/planner/planner.go:128.33,132.3 3 1
github.com/nexushunter-ai/nexushunter-ai/backend/internal/planner/planner.go:134.2,139.29 4 1
github.com/nexushunter-ai/nexushunter-ai/backend/internal/planner/planner.go:139.29,142.3 2 0
github.com/nexushunter-ai/nexushunter-ai/backend/internal/planner/planner.go:144.2,144.33 1 1
github.com/nexushunter-ai/nexushunter-ai/backend/internal/planner/planner.go:144.33,146.3 1 1
github.com/nexushunter-ai/nexushunter-ai/backend/internal/planner/planner.go:147.2,147.36 1 1
github.com/nexushunter-ai/nexushunter-ai/backend/internal/planner/planner.go:147.36,149.3 1 0
github.com/nexushunter-ai/nexushunter-ai/backend/internal/planner/planner.go:150.2,150.85 1 1
github.com/nexushunter-ai/nexushunter-ai/backend/internal/planner/planner.go:150.85,152.3 1 0
github.com/nexushunter-ai/nexushunter-ai/backend/internal/planner/planner.go:154.2,160.54 5 1
github.com/nexushunter-ai/nexushunter-ai/backend/internal/planner/planner.go:160.54,162.3 1 1
github.com/nexushunter-ai/nexushunter-ai/backend/internal/planner/planner.go:165.2,176.33 3 1
github.com/nexushunter-ai/nexushunter-ai/backend/internal/planner/planner.go:176.33,178.45 2 1
github.com/nexushunter-ai/nexushunter-ai/backend/internal/planner/planner.go:178.45,180.4 1 1
github.com/nexushunter-ai/nexushunter-ai/backend/internal/planner/planner.go:181.3,189.12 2 1
github.com/nexushunter-ai/nexushunter-ai/backend/internal/planner/planner.go:193.2,193.36 1 1
github.com/nexushunter-ai/nexushunter-ai/backend/internal/planner/planner.go:193.36,204.3 3 0
github.com/nexushunter-ai/nexushunter-ai/backend/internal/planner/planner.go:206.2,238.53 2 1
github.com/nexushunter-ai/nexushunter-ai/backend/internal/planner/planner.go:238.53,240.3 1 0
github.com/nexushunter-ai/nexushunter-ai/backend/internal/planner/planner.go:242.2,243.18 2 1
github.com/nexushunter-ai/nexushunter-ai/backend/internal/planner/planner.go:247.100,248.17 1 1
github.com/nexushunter-ai/nexushunter-ai/backend/internal/planner/planner.go:248.17,250.3 1 0
github.com/nexushunter-ai/nexushunter-ai/backend/internal/planner/planner.go:253.2,253.101 1 1
github.com/nexushunter-ai/nexushunter-ai/backend/internal/planner/planner.go:253.101,255.3 1 1
github.com/nexushunter-ai/nexushunter-ai/backend/internal/planner/planner.go:257.2,257.34 1 1
github.com/nexushunter-ai/nexushunter-ai/backend/internal/planner/planner.go:257.34,259.43 1 1
github.com/nexushunter-ai/nexushunter-ai/backend/internal/planner/planner.go:259.43,261.4 1 1
github.com/nexushunter-ai/nexushunter-ai/backend/internal/planner/planner.go:264.3,265.45 2 1
github.com/nexushunter-ai/nexushunter-ai/backend/internal/planner/planner.go:265.45,266.43 1 1
github.com/nexushunter-ai/nexushunter-ai/backend/internal/planner/planner.go:266.43,268.5 1 1
github.com/nexushunter-ai/nexushunter-ai/backend/internal/planner/planner.go:272.3,272.65 1 1
github.com/nexushunter-ai/nexushunter-ai/backend/internal/planner/planner.go:272.65,273.77 1 1
github.com/nexushunter-ai/nexushunter-ai/backend/internal/planner/planner.go:273.77,275.49 1 1
github.com/nexushunter-ai/nexushunter-ai/backend/internal/planner/planner.go:275.49,277.22 2 1
github.com/nexushunter-ai/nexushunter-ai/backend/internal/planner/planner.go:277.22,279.7 1 0
github.com/nexushunter-ai/nexushunter-ai/backend/internal/planner/planner.go:285.2,285.12 1 1
github.com/nexushunter-ai/nexushunter-ai/backend/internal/planner/planner.go:289.125,294.13 4 1
github.com/nexushunter-ai/nexushunter-ai/backend/internal/planner/planner.go:294.13,296.3 1 0
github.com/nexushunter-ai/nexushunter-ai/backend/internal/planner/planner.go:298.2,298.117 1 1
github.com/nexushunter-ai/nexushunter-ai/backend/internal/planner/planner.go:298.117,300.3 1 0
github.com/nexushunter-ai/nexushunter-ai/backend/internal/planner/planner.go:302.2,302.28 1 1
github.com/nexushunter-ai/nexushunter-ai/backend/internal/planner/planner.go:302.28,303.45 1 1
github.com/nexushunter-ai/nexushunter-ai/backend/internal/planner/planner.go:303.45,304.118 1 1
github.com/nexushunter-ai/nexushunter-ai/backend/internal/planner/planner.go:304.118,306.5 1 0
github.com/nexushunter-ai/nexushunter-ai/backend/internal/planner/planner.go:307.4,313.20 7 1
github.com/nexushunter-ai/nexushunter-ai/backend/internal/planner/planner.go:317.2,317.57 1 0
github.com/nexushunter-ai/nexushunter-ai/backend/internal/reasoning/engine.go:28.11,35.2 1 0
github.com/nexushunter-ai/nexushunter-ai/backend/internal/reasoning/engine.go:38.113,44.19 4 0
github.com/nexushunter-ai/nexushunter-ai/backend/internal/reasoning/engine.go:44.19,46.3 1 0
github.com/nexushunter-ai/nexushunter-ai/backend/internal/reasoning/engine.go:46.8,48.3 1 0
github.com/nexushunter-ai/nexushunter-ai/backend/internal/reasoning/engine.go:49.2,49.16 1 0
github.com/nexushunter-ai/nexushunter-ai/backend/internal/reasoning/engine.go:49.16,51.3 1 0
github.com/nexushunter-ai/nexushunter-ai/backend/internal/reasoning/engine.go:53.2,54.16 2 0
github.com/nexushunter-ai/nexushunter-ai/backend/internal/reasoning/engine.go:54.16,56.3 1 0
github.com/nexushunter-ai/nexushunter-ai/backend/internal/reasoning/engine.go:58.2,59.16 2 0
github.com/nexushunter-ai/nexushunter-ai/backend/internal/reasoning/engine.go:59.16,61.3 1 0
github.com/nexushunter-ai/nexushunter-ai/backend/internal/reasoning/engine.go:63.2,68.30 4 0
github.com/nexushunter-ai/nexushunter-ai/backend/internal/reasoning/engine.go:68.30,69.71 1 0
github.com/nexushunter-ai/nexushunter-ai/backend/internal/reasoning/engine.go:69.71,71.4 1 0
github.com/nexushunter-ai/nexushunter-ai/backend/internal/reasoning/engine.go:75.2,76.29 2 0
github.com/nexushunter-ai/nexushunter-ai/backend/internal/reasoning/engine.go:76.29,77.71 1 0
github.com/nexushunter-ai/nexushunter-ai/backend/internal/reasoning/engine.go:77.71,78.12 1 0
github.com/nexushunter-ai/nexushunter-ai/backend/internal/reasoning/engine.go:80.3,80.38 1 0
github.com/nexushunter-ai/nexushunter-ai/backend/internal/reasoning/engine.go:80.38,81.68 1 0
github.com/nexushunter-ai/nexushunter-ai/backend/internal/reasoning/engine.go:81.68,83.5 1 0
github.com/nexushunter-ai/nexushunter-ai/backend/internal/reasoning/engine.go:88.2,103.69 3 0
github.com/nexushunter-ai/nexushunter-ai/backend/internal/reasoning/engine.go:103.69,105.3 1 0
github.com/nexushunter-ai/nexushunter-ai/backend/internal/reasoning/engine.go:106.2,106.17 1 0
github.com/nexushunter-ai/nexushunter-ai/backend/internal/reasoning/engine.go:115.29,119.37 2 0
github.com/nexushunter-ai/nexushunter-ai/backend/internal/reasoning/engine.go:119.37,122.71 3 0
github.com/nexushunter-ai/nexushunter-ai/backend/internal/reasoning/engine.go:122.71,125.4 2 0
github.com/nexushunter-ai/nexushunter-ai/backend/internal/reasoning/engine.go:125.9,125.81 1 0
github.com/nexushunter-ai/nexushunter-ai/backend/internal/reasoning/engine.go:125.81,128.4 2 0
github.com/nexushunter-ai/nexushunter-ai/backend/internal/reasoning/engine.go:128.9,128.73 1 0
github.com/nexushunter-ai/nexushunter-ai/backend/internal/reasoning/engine.go:128.73,131.4 2 0
github.com/nexushunter-ai/nexushunter-ai/backend/internal/reasoning/engine.go:133.3,151.5 1 0
github.com/nexushunter-ai/nexushunter-ai/backend/internal/reasoning/engine.go:155.2,155.30 1 0
github.com/nexushunter-ai/nexushunter-ai/backend/internal/reasoning/engine.go:155.30,157.32 1 0
github.com/nexushunter-ai/nexushunter-ai/backend/internal/reasoning/engine.go:157.32,158.128 1 0
github.com/nexushunter-ai/nexushunter-ai/backend/internal/reasoning/engine.go:158.128,177.5 1 0
github.com/nexushunter-ai/nexushunter-ai/backend/internal/reasoning/engine.go:181.3,181.110 1 0
github.com/nexushunter-ai/nexushunter-ai/backend/internal/reasoning/engine.go:181.110,182.127 1 0
github.com/nexushunter-ai/nexushunter-ai/backend/internal/reasoning/engine.go:182.127,201.5 1 0
github.com/nexushunter-ai/nexushunter-ai/backend/internal/reasoning/engine.go:205.2,205.16 1 0
github.com/nexushunter-ai/nexushunter-ai/backend/internal/reasoning/engine.go:209.136,214.28 3 0
github.com/nexushunter-ai/nexushunter-ai/backend/internal/reasoning/engine.go:214.28,216.16 2 0
github.com/nexushunter-ai/nexushunter-ai/backend/internal/reasoning/engine.go:216.16,218.4 1 0
github.com/nexushunter-ai/nexushunter-ai/backend/internal/reasoning/engine.go:219.3,219.59 1 0
github.com/nexushunter-ai/nexushunter-ai/backend/internal/reasoning/engine.go:222.2,222.50 1 0
github.com/nexushunter-ai/nexushunter-ai/backend/internal/reasoning/engine.go:222.50,225.29 3 0
github.com/nexushunter-ai/nexushunter-ai/backend/internal/reasoning/engine.go:225.29,228.4 2 0
github.com/nexushunter-ai/nexushunter-ai/backend/internal/reasoning/engine.go:230.3,369.33 9 0
github.com/nexushunter-ai/nexushunter-ai/backend/internal/reasoning/engine.go:372.2,372.15 1 0
github.com/nexushunter-ai/nexushunter-ai/backend/internal/reasoning/engine.go:376.120,378.16 2 0
github.com/nexushunter-ai/nexushunter-ai/backend/internal/reasoning/engine.go:378.16,380.3 1 0
github.com/nexushunter-ai/nexushunter-ai/backend/internal/reasoning/engine.go:382.2,420.37 5 0
github.com/nexushunter-ai/nexushunter-ai/backend/internal/reasoning/engine.go:420.37,422.3 1 0
github.com/nexushunter-ai/nexushunter-ai/backend/internal/reasoning/engine.go:422.8,422.44 1 0
github.com/nexushunter-ai/nexushunter-ai/backend/internal/reasoning/engine.go:422.44,424.3 1 0
github.com/nexushunter-ai/nexushunter-ai/backend/internal/reasoning/engine.go:424.8,424.43 1 0
github.com/nexushunter-ai/nexushunter-ai/backend/internal/reasoning/engine.go:424.43,426.3 1 0
github.com/nexushunter-ai/nexushunter-ai/backend/internal/reasoning/engine.go:428.2,445.68 2 0
github.com/nexushunter-ai/nexushunter-ai/backend/internal/reasoning/engine.go:445.68,447.3 1 0
github.com/nexushunter-ai/nexushunter-ai/backend/internal/reasoning/engine.go:448.2,448.17 1 0
github.com/nexushunter-ai/nexushunter-ai/backend/internal/reasoning/engine.go:451.57,452.33 1 0
github.com/nexushunter-ai/nexushunter-ai/backend/internal/reasoning/engine.go:452.33,454.3 1 0
github.com/nexushunter-ai/nexushunter-ai/backend/internal/reasoning/engine.go:455.2,456.15 2 0
github.com/nexushunter-ai/nexushunter-ai/backend/internal/reasoning/engine.go:456.15,459.20 3 0
github.com/nexushunter-ai/nexushunter-ai/backend/internal/reasoning/engine.go:459.20,461.4 1 0
github.com/nexushunter-ai/nexushunter-ai/backend/internal/reasoning/engine.go:463.2,463.16 1 0
github.com/nexushunter-ai/nexushunter-ai/backend/internal/reasoning/engine.go:467.79,468.21 1 0
github.com/nexushunter-ai/nexushunter-ai/backend/internal/reasoning/engine.go:468.21,470.3 1 0
github.com/nexushunter-ai/nexushunter-ai/backend/internal/reasoning/engine.go:471.2,471.17 1 0
github.com/nexushunter-ai/nexushunter-ai/backend/internal/reasoning/engine.go:472.43,473.98 1 0
github.com/nexushunter-ai/nexushunter-ai/backend/internal/reasoning/engine.go:474.44,475.180 1 0
github.com/nexushunter-ai/nexushunter-ai/backend/internal/reasoning/engine.go:476.40,477.98 1 0
github.com/nexushunter-ai/nexushunter-ai/backend/internal/reasoning/engine.go:478.40,479.98 1 0
github.com/nexushunter-ai/nexushunter-ai/backend/internal/reasoning/engine.go:480.38,481.98 1 0
github.com/nexushunter-ai/nexushunter-ai/backend/internal/reasoning/engine.go:482.40,483.53 1 0
github.com/nexushunter-ai/nexushunter-ai/backend/internal/reasoning/engine.go:485.2,485.14 1 0
github.com/nexushunter-ai/nexushunter-ai/backend/internal/reasoning/engine.go:489.71,490.21 1 0
github.com/nexushunter-ai/nexushunter-ai/backend/internal/reasoning/engine.go:490.21,492.3 1 0
github.com/nexushunter-ai/nexushunter-ai/backend/internal/reasoning/engine.go:493.2,493.17 1 0
github.com/nexushunter-ai/nexushunter-ai/backend/internal/reasoning/engine.go:494.31,495.87 1 0
github.com/nexushunter-ai/nexushunter-ai/backend/internal/reasoning/engine.go:496.37,497.87 1 0
github.com/nexushunter-ai/nexushunter-ai/backend/internal/reasoning/engine.go:498.37,499.41 1 0
github.com/nexushunter-ai/nexushunter-ai/backend/internal/reasoning/engine.go:500.36,501.41 1 0
github.com/nexushunter-ai/nexushunter-ai/backend/internal/reasoning/engine.go:503.2,503.14 1 0
github.com/nexushunter-ai/nexushunter-ai/backend/internal/reasoning/engine.go:507.85,508.21 1 0
github.com/nexushunter-ai/nexushunter-ai/backend/internal/reasoning/engine.go:508.21,510.3 1 0
github.com/nexushunter-ai/nexushunter-ai/backend/internal/reasoning/engine.go:511.2,511.17 1 0
github.com/nexushunter-ai/nexushunter-ai/backend/internal/reasoning/engine.go:512.31,513.77 1 0
github.com/nexushunter-ai/nexushunter-ai/backend/internal/reasoning/engine.go:514.30,515.78 1 0
github.com/nexushunter-ai/nexushunter-ai/backend/internal/reasoning/engine.go:516.31,517.114 1 0
github.com/nexushunter-ai/nexushunter-ai/backend/internal/reasoning/engine.go:518.30,519.77 1 0
github.com/nexushunter-ai/nexushunter-ai/backend/internal/reasoning/engine.go:520.33,521.41 1 0
github.com/nexushunter-ai/nexushunter-ai/backend/internal/reasoning/engine.go:522.33,523.15 1 0
github.com/nexushunter-ai/nexushunter-ai/backend/internal/reasoning/engine.go:525.2,525.14 1 0
github.com/nexushunter-ai/nexushunter-ai/backend/internal/safenet/safenet.go:28.13,62.26 2 1
github.com/nexushunter-ai/nexushunter-ai/backend/internal/safenet/safenet.go:62.26,64.17 2 1
github.com/nexushunter-ai/nexushunter-ai/backend/internal/safenet/safenet.go:64.17,66.4 1 1
github.com/nexushunter-ai/nexushunter-ai/backend/internal/safenet/safenet.go:72.47,73.15 1 1
github.com/nexushunter-ai/nexushunter-ai/backend/internal/safenet/safenet.go:73.15,75.3 1 0
github.com/nexushunter-ai/nexushunter-ai/backend/internal/safenet/safenet.go:78.2,78.35 1 1
github.com/nexushunter-ai/nexushunter-ai/backend/internal/safenet/safenet.go:78.35,80.3 1 1
github.com/nexushunter-ai/nexushunter-ai/backend/internal/safenet/safenet.go:83.2,83.21 1 1
github.com/nexushunter-ai/nexushunter-ai/backend/internal/safenet/safenet.go:83.21,85.3 1 1
github.com/nexushunter-ai/nexushunter-ai/backend/internal/safenet/safenet.go:86.2,86.20 1 1
github.com/nexushunter-ai/nexushunter-ai/backend/internal/safenet/safenet.go:86.20,88.3 1 1
github.com/nexushunter-ai/nexushunter-ai/backend/internal/safenet/safenet.go:89.2,89.58 1 1
github.com/nexushunter-ai/nexushunter-ai/backend/internal/safenet/safenet.go:89.58,91.3 1 1
github.com/nexushunter-ai/nexushunter-ai/backend/internal/safenet/safenet.go:92.2,92.22 1 1
github.com/nexushunter-ai/nexushunter-ai/backend/internal/safenet/safenet.go:92.22,94.3 1 0
github.com/nexushunter-ai/nexushunter-ai/backend/internal/safenet/safenet.go:95.2,95.24 1 1
github.com/nexushunter-ai/nexushunter-ai/backend/internal/safenet/safenet.go:95.24,97.3 1 1
github.com/nexushunter-ai/nexushunter-ai/backend/internal/safenet/safenet.go:100.2,100.40 1 1
github.com/nexushunter-ai/nexushunter-ai/backend/internal/safenet/safenet.go:100.40,101.25 1 1
github.com/nexushunter-ai/nexushunter-ai/backend/internal/safenet/safenet.go:101.25,103.4 1 1
github.com/nexushunter-ai/nexushunter-ai/backend/internal/safenet/safenet.go:106.2,106.18 1 1
github.com/nexushunter-ai/nexushunter-ai/backend/internal/safenet/safenet.go:110.72,112.54 1 1
github.com/nexushunter-ai/nexushunter-ai/backend/internal/safenet/safenet.go:112.54,114.3 1 0
github.com/nexushunter-ai/nexushunter-ai/backend/internal/safenet/safenet.go:115.2,118.40 2 1
github.com/nexushunter-ai/nexushunter-ai/backend/internal/safenet/safenet.go:118.40,120.3 1 1
github.com/nexushunter-ai/nexushunter-ai/backend/internal/safenet/safenet.go:123.2,124.147 2 1
github.com/nexushunter-ai/nexushunter-ai/backend/internal/safenet/safenet.go:124.147,126.3 1 0
github.com/nexushunter-ai/nexushunter-ai/backend/internal/safenet/safenet.go:129.2,133.16 4 1
github.com/nexushunter-ai/nexushunter-ai/backend/internal/safenet/safenet.go:133.16,136.3 1 1
github.com/nexushunter-ai/nexushunter-ai/backend/internal/safenet/safenet.go:138.2,138.21 1 0
github.com/nexushunter-ai/nexushunter-ai/backend/internal/safenet/safenet.go:138.21,140.3 1 0
github.com/nexushunter-ai/nexushunter-ai/backend/internal/safenet/safenet.go:142.2,142.29 1 0
github.com/nexushunter-ai/nexushunter-ai/backend/internal/safenet/safenet.go:142.29,143.64 1 0
github.com/nexushunter-ai/nexushunter-ai/backend/internal/safenet/safenet.go:143.64,145.4 1 0
github.com/nexushunter-ai/nexushunter-ai/backend/internal/safenet/safenet.go:148.2,148.18 1 0
github.com/nexushunter-ai/nexushunter-ai/backend/internal/safenet/safenet.go:152.118,154.2 1 1
github.com/nexushunter-ai/nexushunter-ai/backend/internal/safenet/safenet.go:157.145,158.75 1 1
github.com/nexushunter-ai/nexushunter-ai/backend/internal/safenet/safenet.go:158.75,160.17 2 1
github.com/nexushunter-ai/nexushunter-ai/backend/internal/safenet/safenet.go:160.17,162.4 1 0
github.com/nexushunter-ai/nexushunter-ai/backend/internal/safenet/safenet.go:164.3,165.46 2 1
github.com/nexushunter-ai/nexushunter-ai/backend/internal/safenet/safenet.go:165.46,167.4 1 0
github.com/nexushunter-ai/nexushunter-ai/backend/internal/safenet/safenet.go:170.3,173.46 3 1
github.com/nexushunter-ai/nexushunter-ai/backend/internal/safenet/safenet.go:173.46,175.86 1 1
github.com/nexushunter-ai/nexushunter-ai/backend/internal/safenet/safenet.go:175.86,177.5 1 1
github.com/nexushunter-ai/nexushunter-ai/backend/internal/safenet/safenet.go:178.4,178.19 1 1
github.com/nexushunter-ai/nexushunter-ai/backend/internal/safenet/safenet.go:178.19,179.61 1 1
github.com/nexushunter-ai/nexushunter-ai/backend/internal/safenet/safenet.go:179.61,181.6 1 1
github.com/nexushunter-ai/nexushunter-ai/backend/internal/safenet/safenet.go:183.4,183.17 1 0
github.com/nexushunter-ai/nexushunter-ai/backend/internal/safenet/safenet.go:184.9,187.125 2 0
github.com/nexushunter-ai/nexushunter-ai/backend/internal/safenet/safenet.go:187.125,189.5 1 0
github.com/nexushunter-ai/nexushunter-ai/backend/internal/safenet/safenet.go:192.4,196.18 4 0
github.com/nexushunter-ai/nexushunter-ai/backend/internal/safenet/safenet.go:196.18,198.5 1 0
github.com/nexushunter-ai/nexushunter-ai/backend/internal/safenet/safenet.go:199.4,199.23 1 0
github.com/nexushunter-ai/nexushunter-ai/backend/internal/safenet/safenet.go:199.23,201.5 1 0
github.com/nexushunter-ai/nexushunter-ai/backend/internal/safenet/safenet.go:204.4,204.28 1 0
github.com/nexushunter-ai/nexushunter-ai/backend/internal/safenet/safenet.go:204.28,205.91 1 0
github.com/nexushunter-ai/nexushunter-ai/backend/internal/safenet/safenet.go:205.91,207.6 1 0
github.com/nexushunter-ai/nexushunter-ai/backend/internal/safenet/safenet.go:208.5,208.20 1 0
github.com/nexushunter-ai/nexushunter-ai/backend/internal/safenet/safenet.go:208.20,209.64 1 0
github.com/nexushunter-ai/nexushunter-ai/backend/internal/safenet/safenet.go:209.64,211.7 1 0
github.com/nexushunter-ai/nexushunter-ai/backend/internal/safenet/safenet.go:214.4,214.26 1 0
github.com/nexushunter-ai/nexushunter-ai/backend/internal/safenet/safenet.go:218.3,221.68 1 0
github.com/nexushunter-ai/nexushunter-ai/backend/internal/safenet/safenet.go:221.68,223.24 2 0
github.com/nexushunter-ai/nexushunter-ai/backend/internal/safenet/safenet.go:223.24,224.53 1 0
github.com/nexushunter-ai/nexushunter-ai/backend/internal/safenet/safenet.go:224.53,225.97 1 0
github.com/nexushunter-ai/nexushunter-ai/backend/internal/safenet/safenet.go:225.97,227.8 1 0
github.com/nexushunter-ai/nexushunter-ai/backend/internal/safenet/safenet.go:228.7,228.22 1 0
github.com/nexushunter-ai/nexushunter-ai/backend/internal/safenet/safenet.go:228.22,229.68 1 0
github.com/nexushunter-ai/nexushunter-ai/backend/internal/safenet/safenet.go:229.68,231.9 1 0
github.com/nexushunter-ai/nexushunter-ai/backend/internal/safenet/safenet.go:235.5,235.15 1 0
github.com/nexushunter-ai/nexushunter-ai/backend/internal/safenet/safenet.go:239.3,240.54 2 0
github.com/nexushunter-ai/nexushunter-ai/backend/internal/safenet/safenet.go:245.66,247.2 1 0
github.com/nexushunter-ai/nexushunter-ai/backend/internal/safenet/safenet.go:250.93,260.2 1 1
github.com/nexushunter-ai/nexushunter-ai/backend/internal/safenet/safenet.go:269.16,271.2 1 1
github.com/nexushunter-ai/nexushunter-ai/backend/internal/safenet/safenet.go:280.16,281.23 1 1
github.com/nexushunter-ai/nexushunter-ai/backend/internal/safenet/safenet.go:281.23,283.3 1 0
github.com/nexushunter-ai/nexushunter-ai/backend/internal/safenet/safenet.go:285.2,290.69 2 1
github.com/nexushunter-ai/nexushunter-ai/backend/internal/safenet/safenet.go:290.69,291.32 1 1
github.com/nexushunter-ai/nexushunter-ai/backend/internal/safenet/safenet.go:291.32,293.5 1 0
github.com/nexushunter-ai/nexushunter-ai/backend/internal/safenet/safenet.go:296.4,296.19 1 1
github.com/nexushunter-ai/nexushunter-ai/backend/internal/safenet/safenet.go:296.19,297.94 1 1
github.com/nexushunter-ai/nexushunter-ai/backend/internal/safenet/safenet.go:297.94,299.6 1 1
github.com/nexushunter-ai/nexushunter-ai/backend/internal/safenet/safenet.go:300.10,303.81 2 0
github.com/nexushunter-ai/nexushunter-ai/backend/internal/safenet/safenet.go:303.81,305.6 1 0
github.com/nexushunter-ai/nexushunter-ai/backend/internal/safenet/safenet.go:309.4,309.40 1 1
github.com/nexushunter-ai/nexushunter-ai/backend/internal/safenet/safenet.go:309.40,311.26 2 1
github.com/nexushunter-ai/nexushunter-ai/backend/internal/safenet/safenet.go:311.26,313.6 1 1
github.com/nexushunter-ai/nexushunter-ai/backend/internal/safenet/safenet.go:317.4,317.20 1 0
github.com/nexushunter-ai/nexushunter-ai/backend/internal/safenet/safenet.go:317.20,319.55 2 0
github.com/nexushunter-ai/nexushunter-ai/backend/internal/safenet/safenet.go:319.55,323.6 3 0
github.com/nexushunter-ai/nexushunter-ai/backend/internal/safenet/safenet.go:326.4,326.14 1 0
github.com/nexushunter-ai/nexushunter-ai/backend/internal/safenet/safenet.go:330.2,330.15 1 1
github.com/nexushunter-ai/nexushunter-ai/backend/internal/scope/sanitizer.go:64.54,66.2 1 1
github.com/nexushunter-ai/nexushunter-ai/backend/internal/scope/sanitizer.go:69.43,71.2 1 0
github.com/nexushunter-ai/nexushunter-ai/backend/internal/scope/sanitizer.go:73.37,77.2 3 1
github.com/nexushunter-ai/nexushunter-ai/backend/internal/scope/sanitizer.go:80.55,83.20 3 1
github.com/nexushunter-ai/nexushunter-ai/backend/internal/scope/sanitizer.go:83.20,85.3 1 0
github.com/nexushunter-ai/nexushunter-ai/backend/internal/scope/sanitizer.go:86.2,87.20 2 1
github.com/nexushunter-ai/nexushunter-ai/backend/internal/scope/sanitizer.go:87.20,89.3 1 0
github.com/nexushunter-ai/nexushunter-ai/backend/internal/scope/sanitizer.go:90.2,90.21 1 1
github.com/nexushunter-ai/nexushunter-ai/backend/internal/scope/sanitizer.go:90.21,92.42 2 1
github.com/nexushunter-ai/nexushunter-ai/backend/internal/scope/sanitizer.go:92.42,94.4 1 1
github.com/nexushunter-ai/nexushunter-ai/backend/internal/scope/sanitizer.go:96.2,96.56 1 1
github.com/nexushunter-ai/nexushunter-ai/backend/internal/scope/sanitizer.go:100.114,101.19 1 1
github.com/nexushunter-ai/nexushunter-ai/backend/internal/scope/sanitizer.go:101.19,103.3 1 0
github.com/nexushunter-ai/nexushunter-ai/backend/internal/scope/sanitizer.go:106.2,107.53 2 1
github.com/nexushunter-ai/nexushunter-ai/backend/internal/scope/sanitizer.go:107.53,109.3 1 0
github.com/nexushunter-ai/nexushunter-ai/backend/internal/scope/sanitizer.go:112.2,114.16 3 1
github.com/nexushunter-ai/nexushunter-ai/backend/internal/scope/sanitizer.go:114.16,116.3 1 1
github.com/nexushunter-ai/nexushunter-ai/backend/internal/scope/sanitizer.go:119.2,120.16 2 1
github.com/nexushunter-ai/nexushunter-ai/backend/internal/scope/sanitizer.go:120.16,122.3 1 1
github.com/nexushunter-ai/nexushunter-ai/backend/internal/scope/sanitizer.go:125.2,126.30 2 1
github.com/nexushunter-ai/nexushunter-ai/backend/internal/scope/sanitizer.go:126.30,128.3 1 0
github.com/nexushunter-ai/nexushunter-ai/backend/internal/scope/sanitizer.go:135.2,135.32 1 1
github.com/nexushunter-ai/nexushunter-ai/backend/internal/scope/sanitizer.go:135.32,137.3 1 1
github.com/nexushunter-ai/nexushunter-ai/backend/internal/scope/sanitizer.go:138.2,143.35 4 1
github.com/nexushunter-ai/nexushunter-ai/backend/internal/scope/sanitizer.go:143.35,145.3 1 1
github.com/nexushunter-ai/nexushunter-ai/backend/internal/scope/sanitizer.go:146.2,147.32 2 1
github.com/nexushunter-ai/nexushunter-ai/backend/internal/scope/sanitizer.go:147.32,149.3 1 1
github.com/nexushunter-ai/nexushunter-ai/backend/internal/scope/sanitizer.go:150.2,157.49 5 1
github.com/nexushunter-ai/nexushunter-ai/backend/internal/scope/sanitizer.go:157.49,158.79 1 1
github.com/nexushunter-ai/nexushunter-ai/backend/internal/scope/sanitizer.go:158.79,160.4 1 1
github.com/nexushunter-ai/nexushunter-ai/backend/internal/scope/sanitizer.go:161.3,161.69 1 0
github.com/nexushunter-ai/nexushunter-ai/backend/internal/scope/sanitizer.go:163.2,163.49 1 1
github.com/nexushunter-ai/nexushunter-ai/backend/internal/scope/sanitizer.go:163.49,164.57 1 1
github.com/nexushunter-ai/nexushunter-ai/backend/internal/scope/sanitizer.go:164.57,166.4 1 1
github.com/nexushunter-ai/nexushunter-ai/backend/internal/scope/sanitizer.go:167.3,167.65 1 1
github.com/nexushunter-ai/nexushunter-ai/backend/internal/scope/sanitizer.go:169.2,173.35 4 1
github.com/nexushunter-ai/nexushunter-ai/backend/internal/scope/sanitizer.go:173.35,174.58 1 1
github.com/nexushunter-ai/nexushunter-ai/backend/internal/scope/sanitizer.go:174.58,176.4 1 1
github.com/nexushunter-ai/nexushunter-ai/backend/internal/scope/sanitizer.go:178.2,178.35 1 1
github.com/nexushunter-ai/nexushunter-ai/backend/internal/scope/sanitizer.go:178.35,179.30 1 1
github.com/nexushunter-ai/nexushunter-ai/backend/internal/scope/sanitizer.go:179.30,181.4 1 0
github.com/nexushunter-ai/nexushunter-ai/backend/internal/scope/sanitizer.go:185.2,189.16 4 1
github.com/nexushunter-ai/nexushunter-ai/backend/internal/scope/sanitizer.go:189.16,191.3 1 0
github.com/nexushunter-ai/nexushunter-ai/backend/internal/scope/sanitizer.go:192.2,196.16 4 1
github.com/nexushunter-ai/nexushunter-ai/backend/internal/scope/sanitizer.go:196.16,198.3 1 0
github.com/nexushunter-ai/nexushunter-ai/backend/internal/scope/sanitizer.go:199.2,223.20 4 1
github.com/nexushunter-ai/nexushunter-ai/backend/internal/scope/sanitizer.go:227.77,228.55 1 1
github.com/nexushunter-ai/nexushunter-ai/backend/internal/scope/sanitizer.go:228.55,229.23 1 1
github.com/nexushunter-ai/nexushunter-ai/backend/internal/scope/sanitizer.go:229.23,231.4 1 1
github.com/nexushunter-ai/nexushunter-ai/backend/internal/scope/sanitizer.go:232.3,232.23 1 0
github.com/nexushunter-ai/nexushunter-ai/backend/internal/scope/sanitizer.go:232.23,234.4 1 0
github.com/nexushunter-ai/nexushunter-ai/backend/internal/scope/sanitizer.go:235.3,235.31 1 0
github.com/nexushunter-ai/nexushunter-ai/backend/internal/scope/sanitizer.go:235.31,237.4 1 0
github.com/nexushunter-ai/nexushunter-ai/backend/internal/scope/sanitizer.go:238.3,238.25 1 0
github.com/nexushunter-ai/nexushunter-ai/backend/internal/scope/sanitizer.go:241.2,241.49 1 1
github.com/nexushunter-ai/nexushunter-ai/backend/internal/scope/sanitizer.go:241.49,243.3 1 1
github.com/nexushunter-ai/nexushunter-ai/backend/internal/scope/sanitizer.go:244.2,244.49 1 1
github.com/nexushunter-ai/nexushunter-ai/backend/internal/scope/sanitizer.go:244.49,246.3 1 1
github.com/nexushunter-ai/nexushunter-ai/backend/internal/scope/sanitizer.go:247.2,247.48 1 1
github.com/nexushunter-ai/nexushunter-ai/backend/internal/scope/sanitizer.go:247.48,249.3 1 0
github.com/nexushunter-ai/nexushunter-ai/backend/internal/scope/sanitizer.go:250.2,250.48 1 1
github.com/nexushunter-ai/nexushunter-ai/backend/internal/scope/sanitizer.go:250.48,252.3 1 0
github.com/nexushunter-ai/nexushunter-ai/backend/internal/scope/sanitizer.go:253.2,253.46 1 1
github.com/nexushunter-ai/nexushunter-ai/backend/internal/scope/sanitizer.go:253.46,254.49 1 0
github.com/nexushunter-ai/nexushunter-ai/backend/internal/scope/sanitizer.go:254.49,256.4 1 0
github.com/nexushunter-ai/nexushunter-ai/backend/internal/scope/sanitizer.go:257.3,257.61 1 0
github.com/nexushunter-ai/nexushunter-ai/backend/internal/scope/sanitizer.go:263.145,264.26 1 1
github.com/nexushunter-ai/nexushunter-ai/backend/internal/scope/sanitizer.go:265.22,271.20 4 1
github.com/nexushunter-ai/nexushunter-ai/backend/internal/scope/sanitizer.go:271.20,273.4 1 1
github.com/nexushunter-ai/nexushunter-ai/backend/internal/scope/sanitizer.go:274.3,276.26 2 1
github.com/nexushunter-ai/nexushunter-ai/backend/internal/scope/sanitizer.go:276.26,279.91 3 1
github.com/nexushunter-ai/nexushunter-ai/backend/internal/scope/sanitizer.go:279.91,282.5 1 1
github.com/nexushunter-ai/nexushunter-ai/backend/internal/scope/sanitizer.go:283.4,285.23 2 1
github.com/nexushunter-ai/nexushunter-ai/backend/internal/scope/sanitizer.go:285.23,294.5 1 1
github.com/nexushunter-ai/nexushunter-ai/backend/internal/scope/sanitizer.go:295.4,296.25 2 1
github.com/nexushunter-ai/nexushunter-ai/backend/internal/scope/sanitizer.go:296.25,298.5 1 1
github.com/nexushunter-ai/nexushunter-ai/backend/internal/scope/sanitizer.go:299.4,300.18 2 1
github.com/nexushunter-ai/nexushunter-ai/backend/internal/scope/sanitizer.go:300.18,302.5 1 1
github.com/nexushunter-ai/nexushunter-ai/backend/internal/scope/sanitizer.go:303.4,303.32 1 1
github.com/nexushunter-ai/nexushunter-ai/backend/internal/scope/sanitizer.go:305.3,305.25 1 1
github.com/nexushunter-ai/nexushunter-ai/backend/internal/scope/sanitizer.go:306.13,308.26 2 1
github.com/nexushunter-ai/nexushunter-ai/backend/internal/scope/sanitizer.go:308.26,311.18 3 1
github.com/nexushunter-ai/nexushunter-ai/backend/internal/scope/sanitizer.go:311.18,313.5 1 1
github.com/nexushunter-ai/nexushunter-ai/backend/internal/scope/sanitizer.go:314.4,314.25 1 1
github.com/nexushunter-ai/nexushunter-ai/backend/internal/scope/sanitizer.go:316.3,316.27 1 1
github.com/nexushunter-ai/nexushunter-ai/backend/internal/scope/sanitizer.go:317.14,318.16 1 1
github.com/nexushunter-ai/nexushunter-ai/backend/internal/scope/sanitizer.go:319.10,320.16 1 1
github.com/nexushunter-ai/nexushunter-ai/backend/internal/scope/sanitizer.go:326.143,328.25 2 1
github.com/nexushunter-ai/nexushunter-ai/backend/internal/scope/sanitizer.go:328.25,337.3 1 1
github.com/nexushunter-ai/nexushunter-ai/backend/internal/scope/sanitizer.go:339.2,339.19 1 1
github.com/nexushunter-ai/nexushunter-ai/backend/internal/scope/sanitizer.go:339.19,341.3 1 0
github.com/nexushunter-ai/nexushunter-ai/backend/internal/scope/sanitizer.go:344.2,344.51 1 1
github.com/nexushunter-ai/nexushunter-ai/backend/internal/scope/sanitizer.go:344.51,345.37 1 1
github.com/nexushunter-ai/nexushunter-ai/backend/internal/scope/sanitizer.go:345.37,347.4 1 0
github.com/nexushunter-ai/nexushunter-ai/backend/internal/scope/sanitizer.go:352.2,353.82 2 1
github.com/nexushunter-ai/nexushunter-ai/backend/internal/scope/sanitizer.go:353.82,367.3 6 1
github.com/nexushunter-ai/nexushunter-ai/backend/internal/scope/sanitizer.go:370.2,370.51 1 1
github.com/nexushunter-ai/nexushunter-ai/backend/internal/scope/sanitizer.go:370.51,372.3 1 0
github.com/nexushunter-ai/nexushunter-ai/backend/internal/scope/sanitizer.go:374.2,374.21 1 1
github.com/nexushunter-ai/nexushunter-ai/backend/internal/scope/sanitizer.go:378.156,390.46 2 1
github.com/nexushunter-ai/nexushunter-ai/backend/internal/scope/sanitizer.go:390.46,391.76 1 1
github.com/nexushunter-ai/nexushunter-ai/backend/internal/scope/sanitizer.go:391.76,392.75 1 1
github.com/nexushunter-ai/nexushunter-ai/backend/internal/scope/sanitizer.go:392.75,394.81 2 1
github.com/nexushunter-ai/nexushunter-ai/backend/internal/scope/sanitizer.go:394.81,396.6 1 1
github.com/nexushunter-ai/nexushunter-ai/backend/internal/scope/sanitizer.go:397.5,397.26 1 1
github.com/nexushunter-ai/nexushunter-ai/backend/internal/scope/sanitizer.go:402.3,402.54 1 1
github.com/nexushunter-ai/nexushunter-ai/backend/internal/scope/sanitizer.go:402.54,404.79 2 0
github.com/nexushunter-ai/nexushunter-ai/backend/internal/scope/sanitizer.go:404.79,406.5 1 0
github.com/nexushunter-ai/nexushunter-ai/backend/internal/scope/sanitizer.go:407.4,407.25 1 0
github.com/nexushunter-ai/nexushunter-ai/backend/internal/scope/sanitizer.go:411.3,411.62 1 1
github.com/nexushunter-ai/nexushunter-ai/backend/internal/scope/sanitizer.go:411.62,413.81 2 1
github.com/nexushunter-ai/nexushunter-ai/backend/internal/scope/sanitizer.go:413.81,415.5 1 0
github.com/nexushunter-ai/nexushunter-ai/backend/internal/scope/sanitizer.go:416.4,416.25 1 1
github.com/nexushunter-ai/nexushunter-ai/backend/internal/scope/sanitizer.go:420.2,420.61 1 0
github.com/nexushunter-ai/nexushunter-ai/backend/internal/scope/sanitizer.go:423.157,424.60 1 1
github.com/nexushunter-ai/nexushunter-ai/backend/internal/scope/sanitizer.go:424.60,425.30 1 1
github.com/nexushunter-ai/nexushunter-ai/backend/internal/scope/sanitizer.go:425.30,427.11 2 1
github.com/nexushunter-ai/nexushunter-ai/backend/internal/scope/sanitizer.go:427.11,428.13 1 0
github.com/nexushunter-ai/nexushunter-ai/backend/internal/scope/sanitizer.go:431.4,432.47 2 1
github.com/nexushunter-ai/nexushunter-ai/backend/internal/scope/sanitizer.go:432.47,433.33 1 1
github.com/nexushunter-ai/nexushunter-ai/backend/internal/scope/sanitizer.go:433.33,435.6 1 1
github.com/nexushunter-ai/nexushunter-ai/backend/internal/scope/sanitizer.go:438.4,439.52 2 1
github.com/nexushunter-ai/nexushunter-ai/backend/internal/scope/sanitizer.go:439.52,442.5 1 1
github.com/nexushunter-ai/nexushunter-ai/backend/internal/scope/sanitizer.go:444.4,445.18 2 1
github.com/nexushunter-ai/nexushunter-ai/backend/internal/scope/sanitizer.go:445.18,455.5 2 0
github.com/nexushunter-ai/nexushunter-ai/backend/internal/scope/sanitizer.go:457.4,458.22 2 1
github.com/nexushunter-ai/nexushunter-ai/backend/internal/scope/sanitizer.go:458.22,460.5 1 1
github.com/nexushunter-ai/nexushunter-ai/backend/internal/scope/sanitizer.go:461.4,472.18 4 1
github.com/nexushunter-ai/nexushunter-ai/backend/internal/scope/sanitizer.go:472.18,478.5 1 0
github.com/nexushunter-ai/nexushunter-ai/backend/internal/scope/sanitizer.go:480.4,480.17 1 1
github.com/nexushunter-ai/nexushunter-ai/backend/internal/scope/sanitizer.go:480.17,482.5 1 1
github.com/nexushunter-ai/nexushunter-ai/backend/internal/scope/sanitizer.go:482.10,484.5 1 1
github.com/nexushunter-ai/nexushunter-ai/backend/internal/scope/sanitizer.go:486.3,486.13 1 1
github.com/nexushunter-ai/nexushunter-ai/backend/internal/scope/sanitizer.go:489.2,489.48 1 1
github.com/nexushunter-ai/nexushunter-ai/backend/internal/scope/sanitizer.go:489.48,490.51 1 1
github.com/nexushunter-ai/nexushunter-ai/backend/internal/scope/sanitizer.go:490.51,492.4 1 1
github.com/nexushunter-ai/nexushunter-ai/backend/internal/scope/sanitizer.go:494.2,494.48 1 1
github.com/nexushunter-ai/nexushunter-ai/backend/internal/scope/sanitizer.go:494.48,495.52 1 1
github.com/nexushunter-ai/nexushunter-ai/backend/internal/scope/sanitizer.go:495.52,497.4 1 0
github.com/nexushunter-ai/nexushunter-ai/backend/internal/scope/sanitizer.go:499.2,500.12 2 1
github.com/nexushunter-ai/nexushunter-ai/backend/internal/scope/sanitizer.go:503.145,504.29 1 1
github.com/nexushunter-ai/nexushunter-ai/backend/internal/scope/sanitizer.go:504.29,506.10 2 1
github.com/nexushunter-ai/nexushunter-ai/backend/internal/scope/sanitizer.go:506.10,507.12 1 0
github.com/nexushunter-ai/nexushunter-ai/backend/internal/scope/sanitizer.go:509.3,511.33 3 1
github.com/nexushunter-ai/nexushunter-ai/backend/internal/scope/sanitizer.go:511.33,513.4 1 0
github.com/nexushunter-ai/nexushunter-ai/backend/internal/scope/sanitizer.go:515.3,516.59 2 1
github.com/nexushunter-ai/nexushunter-ai/backend/internal/scope/sanitizer.go:516.59,518.4 1 1
github.com/nexushunter-ai/nexushunter-ai/backend/internal/scope/sanitizer.go:521.3,522.39 2 1
github.com/nexushunter-ai/nexushunter-ai/backend/internal/scope/sanitizer.go:522.39,525.4 2 1
github.com/nexushunter-ai/nexushunter-ai/backend/internal/scope/sanitizer.go:525.9,525.93 1 0
github.com/nexushunter-ai/nexushunter-ai/backend/internal/scope/sanitizer.go:525.93,526.48 1 0
github.com/nexushunter-ai/nexushunter-ai/backend/internal/scope/sanitizer.go:526.48,528.38 2 0
github.com/nexushunter-ai/nexushunter-ai/backend/internal/scope/sanitizer.go:528.38,534.6 1 0
github.com/nexushunter-ai/nexushunter-ai/backend/internal/scope/sanitizer.go:536.9,536.80 1 0
github.com/nexushunter-ai/nexushunter-ai/backend/internal/scope/sanitizer.go:536.80,538.4 1 0
github.com/nexushunter-ai/nexushunter-ai/backend/internal/scope/sanitizer.go:540.3,541.17 2 1
github.com/nexushunter-ai/nexushunter-ai/backend/internal/scope/sanitizer.go:541.17,543.4 1 0
github.com/nexushunter-ai/nexushunter-ai/backend/internal/scope/sanitizer.go:545.3,551.15 2 1
github.com/nexushunter-ai/nexushunter-ai/backend/internal/scope/sanitizer.go:551.15,553.4 1 1
github.com/nexushunter-ai/nexushunter-ai/backend/internal/scope/sanitizer.go:553.9,555.4 1 1
github.com/nexushunter-ai/nexushunter-ai/backend/internal/scope/sanitizer.go:557.2,558.12 2 1
github.com/nexushunter-ai/nexushunter-ai/backend/internal/scope/sanitizer.go:563.132,566.46 2 1
github.com/nexushunter-ai/nexushunter-ai/backend/internal/scope/sanitizer.go:566.46,575.19 8 1
github.com/nexushunter-ai/nexushunter-ai/backend/internal/scope/sanitizer.go:575.19,577.25 2 0
github.com/nexushunter-ai/nexushunter-ai/backend/internal/scope/sanitizer.go:577.25,579.5 1 0
github.com/nexushunter-ai/nexushunter-ai/backend/internal/scope/sanitizer.go:582.3,582.46 1 1
github.com/nexushunter-ai/nexushunter-ai/backend/internal/scope/sanitizer.go:582.46,583.48 1 1
github.com/nexushunter-ai/nexushunter-ai/backend/internal/scope/sanitizer.go:583.48,594.5 1 1
github.com/nexushunter-ai/nexushunter-ai/backend/internal/scope/sanitizer.go:598.2,599.31 2 1
github.com/nexushunter-ai/nexushunter-ai/backend/internal/scope/sanitizer.go:599.31,601.3 1 1
github.com/nexushunter-ai/nexushunter-ai/backend/internal/scope/sanitizer.go:604.2,604.39 1 1
github.com/nexushunter-ai/nexushunter-ai/backend/internal/scope/sanitizer.go:604.39,606.3 1 1
github.com/nexushunter-ai/nexushunter-ai/backend/internal/scope/sanitizer.go:608.2,608.13 1 1
github.com/nexushunter-ai/nexushunter-ai/backend/internal/scope/scope.go:50.32,52.2 1 1
github.com/nexushunter-ai/nexushunter-ai/backend/internal/scope/scope.go:58.80,59.20 1 1
github.com/nexushunter-ai/nexushunter-ai/backend/internal/scope/scope.go:59.20,61.3 1 0
github.com/nexushunter-ai/nexushunter-ai/backend/internal/scope/scope.go:64.2,74.130 3 1
github.com/nexushunter-ai/nexushunter-ai/backend/internal/scope/scope.go:74.130,80.3 1 1
github.com/nexushunter-ai/nexushunter-ai/backend/internal/scope/scope.go:83.2,84.110 2 0
github.com/nexushunter-ai/nexushunter-ai/backend/internal/scope/scope.go:84.110,86.3 1 0
github.com/nexushunter-ai/nexushunter-ai/backend/internal/scope/scope.go:89.2,98.71 4 0
github.com/nexushunter-ai/nexushunter-ai/backend/internal/scope/scope.go:98.71,100.33 2 0
github.com/nexushunter-ai/nexushunter-ai/backend/internal/scope/scope.go:100.33,102.21 2 0
github.com/nexushunter-ai/nexushunter-ai/backend/internal/scope/scope.go:102.21,103.13 1 0
github.com/nexushunter-ai/nexushunter-ai/backend/internal/scope/scope.go:106.4,107.40 2 0
github.com/nexushunter-ai/nexushunter-ai/backend/internal/scope/scope.go:107.40,110.5 2 0
github.com/nexushunter-ai/nexushunter-ai/backend/internal/scope/scope.go:110.10,110.81 1 0
github.com/nexushunter-ai/nexushunter-ai/backend/internal/scope/scope.go:110.81,112.5 1 0
github.com/nexushunter-ai/nexushunter-ai/backend/internal/scope/scope.go:114.4,119.30 2 0
github.com/nexushunter-ai/nexushunter-ai/backend/internal/scope/scope.go:119.30,121.5 1 0
github.com/nexushunter-ai/nexushunter-ai/backend/internal/scope/scope.go:121.10,123.5 1 0
github.com/nexushunter-ai/nexushunter-ai/backend/internal/scope/scope.go:125.3,125.18 1 0
github.com/nexushunter-ai/nexushunter-ai/backend/internal/scope/scope.go:128.2,128.58 1 0
github.com/nexushunter-ai/nexushunter-ai/backend/internal/scope/scope.go:132.65,133.19 1 1
github.com/nexushunter-ai/nexushunter-ai/backend/internal/scope/scope.go:133.19,135.3 1 0
github.com/nexushunter-ai/nexushunter-ai/backend/internal/scope/scope.go:136.2,136.42 1 1
github.com/nexushunter-ai/nexushunter-ai/backend/internal/scope/scope.go:136.42,138.3 1 1
github.com/nexushunter-ai/nexushunter-ai/backend/internal/scope/scope.go:139.2,140.87 2 1
github.com/nexushunter-ai/nexushunter-ai/backend/internal/scope/scope.go:140.87,142.3 1 0
github.com/nexushunter-ai/nexushunter-ai/backend/internal/scope/scope.go:143.2,143.42 1 1
github.com/nexushunter-ai/nexushunter-ai/backend/internal/scope/scope.go:143.42,145.3 1 0
github.com/nexushunter-ai/nexushunter-ai/backend/internal/scope/scope.go:148.2,148.47 1 1
github.com/nexushunter-ai/nexushunter-ai/backend/internal/scope/scope.go:148.47,150.14 2 1
github.com/nexushunter-ai/nexushunter-ai/backend/internal/scope/scope.go:150.14,151.12 1 0
github.com/nexushunter-ai/nexushunter-ai/backend/internal/scope/scope.go:153.3,153.57 1 1
github.com/nexushunter-ai/nexushunter-ai/backend/internal/scope/scope.go:153.57,155.4 1 1
github.com/nexushunter-ai/nexushunter-ai/backend/internal/scope/scope.go:156.3,156.33 1 1
github.com/nexushunter-ai/nexushunter-ai/backend/internal/scope/scope.go:156.33,158.30 2 1
github.com/nexushunter-ai/nexushunter-ai/backend/internal/scope/scope.go:158.30,160.5 1 0
github.com/nexushunter-ai/nexushunter-ai/backend/internal/scope/scope.go:161.9,161.33 1 1
github.com/nexushunter-ai/nexushunter-ai/backend/internal/scope/scope.go:161.33,163.4 1 0
github.com/nexushunter-ai/nexushunter-ai/backend/internal/scope/scope.go:167.2,167.31 1 1
github.com/nexushunter-ai/nexushunter-ai/backend/internal/scope/scope.go:167.31,168.50 1 0
github.com/nexushunter-ai/nexushunter-ai/backend/internal/scope/scope.go:168.50,169.22 1 0
github.com/nexushunter-ai/nexushunter-ai/backend/internal/scope/scope.go:169.22,170.55 1 0
github.com/nexushunter-ai/nexushunter-ai/backend/internal/scope/scope.go:170.55,172.6 1 0
github.com/nexushunter-ai/nexushunter-ai/backend/internal/scope/scope.go:175.3,175.50 1 0
github.com/nexushunter-ai/nexushunter-ai/backend/internal/scope/scope.go:175.50,176.22 1 0
github.com/nexushunter-ai/nexushunter-ai/backend/internal/scope/scope.go:176.22,177.55 1 0
github.com/nexushunter-ai/nexushunter-ai/backend/internal/scope/scope.go:177.55,179.6 1 0
github.com/nexushunter-ai/nexushunter-ai/backend/internal/scope/scope.go:184.2,184.12 1 1
github.com/nexushunter-ai/nexushunter-ai/backend/internal/scope/scope.go:188.100,190.23 2 1
github.com/nexushunter-ai/nexushunter-ai/backend/internal/scope/scope.go:190.23,192.3 1 1
github.com/nexushunter-ai/nexushunter-ai/backend/internal/scope/scope.go:193.2,193.18 1 1
github.com/nexushunter-ai/nexushunter-ai/backend/internal/scope/scope.go:199.99,201.19 1 1
github.com/nexushunter-ai/nexushunter-ai/backend/internal/scope/scope.go:201.19,203.3 1 1
github.com/nexushunter-ai/nexushunter-ai/backend/internal/scope/scope.go:206.2,206.71 1 1
github.com/nexushunter-ai/nexushunter-ai/backend/internal/scope/scope.go:206.71,208.3 1 1
github.com/nexushunter-ai/nexushunter-ai/backend/internal/scope/scope.go:211.2,219.18 6 1
github.com/nexushunter-ai/nexushunter-ai/backend/internal/scope/scope.go:219.18,221.17 2 1
github.com/nexushunter-ai/nexushunter-ai/backend/internal/scope/scope.go:221.17,223.4 1 0
github.com/nexushunter-ai/nexushunter-ai/backend/internal/scope/scope.go:224.3,224.48 1 1
github.com/nexushunter-ai/nexushunter-ai/backend/internal/scope/scope.go:224.48,226.4 1 1
github.com/nexushunter-ai/nexushunter-ai/backend/internal/scope/scope.go:227.3,229.20 3 1
github.com/nexushunter-ai/nexushunter-ai/backend/internal/scope/scope.go:229.20,231.4 1 0
github.com/nexushunter-ai/nexushunter-ai/backend/internal/scope/scope.go:233.3,233.53 1 1
github.com/nexushunter-ai/nexushunter-ai/backend/internal/scope/scope.go:233.53,235.4 1 0
github.com/nexushunter-ai/nexushunter-ai/backend/internal/scope/scope.go:236.3,236.17 1 1
github.com/nexushunter-ai/nexushunter-ai/backend/internal/scope/scope.go:236.17,238.4 1 1
github.com/nexushunter-ai/nexushunter-ai/backend/internal/scope/scope.go:239.3,240.17 2 1
github.com/nexushunter-ai/nexushunter-ai/backend/internal/scope/scope.go:240.17,241.27 1 1
github.com/nexushunter-ai/nexushunter-ai/backend/internal/scope/scope.go:241.27,243.5 1 1
github.com/nexushunter-ai/nexushunter-ai/backend/internal/scope/scope.go:243.10,243.33 1 0
github.com/nexushunter-ai/nexushunter-ai/backend/internal/scope/scope.go:243.33,245.5 1 0
github.com/nexushunter-ai/nexushunter-ai/backend/internal/scope/scope.go:247.3,248.17 2 1
github.com/nexushunter-ai/nexushunter-ai/backend/internal/scope/scope.go:248.17,250.4 1 1
github.com/nexushunter-ai/nexushunter-ai/backend/internal/scope/scope.go:251.3,251.16 1 1
github.com/nexushunter-ai/nexushunter-ai/backend/internal/scope/scope.go:255.2,255.16 1 1
github.com/nexushunter-ai/nexushunter-ai/backend/internal/scope/scope.go:255.16,257.3 1 1
github.com/nexushunter-ai/nexushunter-ai/backend/internal/scope/scope.go:258.2,258.28 1 1
github.com/nexushunter-ai/nexushunter-ai/backend/internal/scope/scope.go:258.28,260.3 1 1
github.com/nexushunter-ai/nexushunter-ai/backend/internal/scope/scope.go:269.2,269.51 1 1
github.com/nexushunter-ai/nexushunter-ai/backend/internal/scope/scope.go:269.51,271.15 2 1
github.com/nexushunter-ai/nexushunter-ai/backend/internal/scope/scope.go:271.15,272.12 1 0
github.com/nexushunter-ai/nexushunter-ai/backend/internal/scope/scope.go:275.3,275.31 1 1
github.com/nexushunter-ai/nexushunter-ai/backend/internal/scope/scope.go:275.31,277.4 1 1
github.com/nexushunter-ai/nexushunter-ai/backend/internal/scope/scope.go:279.3,279.116 1 1
github.com/nexushunter-ai/nexushunter-ai/backend/internal/scope/scope.go:279.116,281.4 1 1
github.com/nexushunter-ai/nexushunter-ai/backend/internal/scope/scope.go:285.2,285.31 1 1
github.com/nexushunter-ai/nexushunter-ai/backend/internal/scope/scope.go:285.31,286.51 1 1
github.com/nexushunter-ai/nexushunter-ai/backend/internal/scope/scope.go:286.51,287.21 1 1
github.com/nexushunter-ai/nexushunter-ai/backend/internal/scope/scope.go:287.21,288.13 1 0
github.com/nexushunter-ai/nexushunter-ai/backend/internal/scope/scope.go:290.4,290.59 1 1
github.com/nexushunter-ai/nexushunter-ai/backend/internal/scope/scope.go:290.59,295.5 1 1
github.com/nexushunter-ai/nexushunter-ai/backend/internal/scope/scope.go:303.2,309.22 5 1
github.com/nexushunter-ai/nexushunter-ai/backend/internal/scope/scope.go:309.22,311.3 1 1
github.com/nexushunter-ai/nexushunter-ai/backend/internal/scope/scope.go:312.2,312.43 1 1
github.com/nexushunter-ai/nexushunter-ai/backend/internal/scope/scope.go:312.43,314.18 2 1
github.com/nexushunter-ai/nexushunter-ai/backend/internal/scope/scope.go:314.18,316.4 1 1
github.com/nexushunter-ai/nexushunter-ai/backend/internal/scope/scope.go:319.2,319.35 1 1
github.com/nexushunter-ai/nexushunter-ai/backend/internal/scope/scope.go:319.35,320.36 1 1
github.com/nexushunter-ai/nexushunter-ai/backend/internal/scope/scope.go:320.36,322.57 2 1
github.com/nexushunter-ai/nexushunter-ai/backend/internal/scope/scope.go:322.57,325.10 3 1
github.com/nexushunter-ai/nexushunter-ai/backend/internal/scope/scope.go:327.9,328.20 1 1
github.com/nexushunter-ai/nexushunter-ai/backend/internal/scope/scope.go:328.20,331.10 3 1
github.com/nexushunter-ai/nexushunter-ai/backend/internal/scope/scope.go:337.2,337.50 1 1
github.com/nexushunter-ai/nexushunter-ai/backend/internal/scope/scope.go:337.50,338.51 1 1
github.com/nexushunter-ai/nexushunter-ai/backend/internal/scope/scope.go:338.51,339.21 1 1
github.com/nexushunter-ai/nexushunter-ai/backend/internal/scope/scope.go:339.21,340.13 1 0
github.com/nexushunter-ai/nexushunter-ai/backend/internal/scope/scope.go:342.4,342.59 1 1
github.com/nexushunter-ai/nexushunter-ai/backend/internal/scope/scope.go:342.59,345.10 3 1
github.com/nexushunter-ai/nexushunter-ai/backend/internal/scope/scope.go:350.2,350.21 1 1
github.com/nexushunter-ai/nexushunter-ai/backend/internal/scope/scope.go:350.21,352.3 1 1
github.com/nexushunter-ai/nexushunter-ai/backend/internal/scope/scope.go:357.2,357.40 1 1
github.com/nexushunter-ai/nexushunter-ai/backend/internal/scope/scope.go:357.40,358.23 1 1
github.com/nexushunter-ai/nexushunter-ai/backend/internal/scope/scope.go:358.23,360.4 1 1
github.com/nexushunter-ai/nexushunter-ai/backend/internal/scope/scope.go:362.3,363.53 2 1
github.com/nexushunter-ai/nexushunter-ai/backend/internal/scope/scope.go:363.53,365.15 2 1
github.com/nexushunter-ai/nexushunter-ai/backend/internal/scope/scope.go:365.15,366.13 1 0
github.com/nexushunter-ai/nexushunter-ai/backend/internal/scope/scope.go:368.4,368.35 1 1
github.com/nexushunter-ai/nexushunter-ai/backend/internal/scope/scope.go:368.35,371.10 3 1
github.com/nexushunter-ai/nexushunter-ai/backend/internal/scope/scope.go:375.3,375.22 1 1
github.com/nexushunter-ai/nexushunter-ai/backend/internal/scope/scope.go:375.22,377.4 1 1
github.com/nexushunter-ai/nexushunter-ai/backend/internal/scope/scope.go:380.2,384.3 1 1
github.com/nexushunter-ai/nexushunter-ai/backend/internal/scope/scope.go:388.95,390.21 1 1
github.com/nexushunter-ai/nexushunter-ai/backend/internal/scope/scope.go:390.21,392.42 2 1
github.com/nexushunter-ai/nexushunter-ai/backend/internal/scope/scope.go:392.42,394.4 1 1
github.com/nexushunter-ai/nexushunter-ai/backend/internal/scope/scope.go:398.2,398.78 1 1
github.com/nexushunter-ai/nexushunter-ai/backend/internal/scope/scope.go:398.78,399.66 1 0
github.com/nexushunter-ai/nexushunter-ai/backend/internal/scope/scope.go:399.66,402.47 2 0
github.com/nexushunter-ai/nexushunter-ai/backend/internal/scope/scope.go:402.47,404.5 1 0
github.com/nexushunter-ai/nexushunter-ai/backend/internal/scope/scope.go:409.2,409.58 1 1
github.com/nexushunter-ai/nexushunter-ai/backend/internal/scope/scope.go:409.58,411.42 2 0
github.com/nexushunter-ai/nexushunter-ai/backend/internal/scope/scope.go:411.42,413.4 1 0
github.com/nexushunter-ai/nexushunter-ai/backend/internal/scope/scope.go:417.2,417.68 1 1
github.com/nexushunter-ai/nexushunter-ai/backend/internal/scope/scope.go:417.68,419.42 2 0
github.com/nexushunter-ai/nexushunter-ai/backend/internal/scope/scope.go:419.42,421.4 1 0
github.com/nexushunter-ai/nexushunter-ai/backend/internal/scope/scope.go:424.2,424.13 1 1
github.com/nexushunter-ai/nexushunter-ai/backend/internal/scope/scope.go:427.37,430.33 2 1
github.com/nexushunter-ai/nexushunter-ai/backend/internal/scope/scope.go:430.33,432.3 1 0
github.com/nexushunter-ai/nexushunter-ai/backend/internal/scope/scope.go:434.2,434.37 1 1
github.com/nexushunter-ai/nexushunter-ai/backend/internal/scope/scope.go:434.37,436.3 1 0
github.com/nexushunter-ai/nexushunter-ai/backend/internal/scope/scope.go:437.2,437.37 1 1
github.com/nexushunter-ai/nexushunter-ai/backend/internal/scope/scope.go:440.57,443.23 3 1
github.com/nexushunter-ai/nexushunter-ai/backend/internal/scope/scope.go:443.23,445.3 1 1
github.com/nexushunter-ai/nexushunter-ai/backend/internal/scope/scope.go:446.2,446.38 1 1
github.com/nexushunter-ai/nexushunter-ai/backend/internal/scope/scope.go:446.38,449.3 2 1
github.com/nexushunter-ai/nexushunter-ai/backend/internal/scope/scope.go:450.2,450.14 1 1
github.com/nexushunter-ai/nexushunter-ai/backend/internal/scope/scope.go:453.59,454.39 1 1
github.com/nexushunter-ai/nexushunter-ai/backend/internal/scope/scope.go:454.39,456.3 1 0
github.com/nexushunter-ai/nexushunter-ai/backend/internal/scope/scope.go:457.2,457.38 1 1
github.com/nexushunter-ai/nexushunter-ai/backend/internal/scope/scope.go:457.38,460.3 2 1
github.com/nexushunter-ai/nexushunter-ai/backend/internal/scope/scope.go:461.2,461.37 1 1
github.com/nexushunter-ai/nexushunter-ai/backend/internal/scope/scope.go:461.37,464.3 2 0
github.com/nexushunter-ai/nexushunter-ai/backend/internal/scope/scope.go:465.2,465.41 1 1
github.com/nexushunter-ai/nexushunter-ai/backend/internal/storage/helpers.go:9.74,10.46 1 1
github.com/nexushunter-ai/nexushunter-ai/backend/internal/storage/helpers.go:10.46,12.3 1 1
github.com/nexushunter-ai/nexushunter-ai/backend/internal/storage/helpers.go:13.2,13.48 1 1
github.com/nexushunter-ai/nexushunter-ai/backend/internal/storage/helpers.go:13.48,15.3 1 1
github.com/nexushunter-ai/nexushunter-ai/backend/internal/storage/helpers.go:16.2,16.12 1 0
github.com/nexushunter-ai/nexushunter-ai/backend/internal/storage/memory.go:87.40,141.2 1 1
github.com/nexushunter-ai/nexushunter-ai/backend/internal/storage/memory.go:144.82,148.47 3 1
github.com/nexushunter-ai/nexushunter-ai/backend/internal/storage/memory.go:148.47,150.3 1 0
github.com/nexushunter-ai/nexushunter-ai/backend/internal/storage/memory.go:151.2,153.12 3 1
github.com/nexushunter-ai/nexushunter-ai/backend/internal/storage/memory.go:156.89,161.13 4 0
github.com/nexushunter-ai/nexushunter-ai/backend/internal/storage/memory.go:161.13,163.3 1 0
github.com/nexushunter-ai/nexushunter-ai/backend/internal/storage/memory.go:164.2,165.17 2 0
github.com/nexushunter-ai/nexushunter-ai/backend/internal/storage/memory.go:168.77,173.30 4 0
github.com/nexushunter-ai/nexushunter-ai/backend/internal/storage/memory.go:173.30,176.3 2 0
github.com/nexushunter-ai/nexushunter-ai/backend/internal/storage/memory.go:177.2,177.20 1 0
github.com/nexushunter-ai/nexushunter-ai/backend/internal/storage/memory.go:180.82,184.48 3 0
github.com/nexushunter-ai/nexushunter-ai/backend/internal/storage/memory.go:184.48,186.3 1 0
github.com/nexushunter-ai/nexushunter-ai/backend/internal/storage/memory.go:187.2,189.12 3 0
github.com/nexushunter-ai/nexushunter-ai/backend/internal/storage/memory.go:192.70,196.41 3 0
github.com/nexushunter-ai/nexushunter-ai/backend/internal/storage/memory.go:196.41,198.3 1 0
github.com/nexushunter-ai/nexushunter-ai/backend/internal/storage/memory.go:199.2,200.12 2 0
github.com/nexushunter-ai/nexushunter-ai/backend/internal/storage/memory.go:204.59,205.16 1 1
github.com/nexushunter-ai/nexushunter-ai/backend/internal/storage/memory.go:205.16,207.3 1 0
github.com/nexushunter-ai/nexushunter-ai/backend/internal/storage/memory.go:208.2,209.26 2 1
github.com/nexushunter-ai/nexushunter-ai/backend/internal/storage/memory.go:209.26,212.3 2 1
github.com/nexushunter-ai/nexushunter-ai/backend/internal/storage/memory.go:213.2,213.28 1 1
github.com/nexushunter-ai/nexushunter-ai/backend/internal/storage/memory.go:213.28,216.3 2 1
github.com/nexushunter-ai/nexushunter-ai/backend/internal/storage/memory.go:217.2,218.12 2 1
github.com/nexushunter-ai/nexushunter-ai/backend/internal/storage/memory.go:221.67,222.14 1 1
github.com/nexushunter-ai/nexushunter-ai/backend/internal/storage/memory.go:222.14,224.3 1 1
github.com/nexushunter-ai/nexushunter-ai/backend/internal/storage/memory.go:225.2,226.22 2 1
github.com/nexushunter-ai/nexushunter-ai/backend/internal/storage/memory.go:226.22,228.3 1 1
github.com/nexushunter-ai/nexushunter-ai/backend/internal/storage/memory.go:229.2,229.12 1 1
github.com/nexushunter-ai/nexushunter-ai/backend/internal/storage/memory.go:232.47,233.14 1 1
github.com/nexushunter-ai/nexushunter-ai/backend/internal/storage/memory.go:233.14,235.3 1 0
github.com/nexushunter-ai/nexushunter-ai/backend/internal/storage/memory.go:236.2,236.25 1 1
github.com/nexushunter-ai/nexushunter-ai/backend/internal/storage/memory.go:237.30,238.26 1 1
github.com/nexushunter-ai/nexushunter-ai/backend/internal/storage/memory.go:239.21,241.28 2 1
github.com/nexushunter-ai/nexushunter-ai/backend/internal/storage/memory.go:241.28,243.4 1 1
github.com/nexushunter-ai/nexushunter-ai/backend/internal/storage/memory.go:244.3,244.13 1 1
github.com/nexushunter-ai/nexushunter-ai/backend/internal/storage/memory.go:245.16,248.13 3 0
github.com/nexushunter-ai/nexushunter-ai/backend/internal/storage/memory.go:249.13,252.13 3 0
github.com/nexushunter-ai/nexushunter-ai/backend/internal/storage/memory.go:253.10,254.13 1 1
github.com/nexushunter-ai/nexushunter-ai/backend/internal/storage/memory.go:259.83,265.2 4 1
github.com/nexushunter-ai/nexushunter-ai/backend/internal/storage/memory.go:267.93,272.13 4 1
github.com/nexushunter-ai/nexushunter-ai/backend/internal/storage/memory.go:272.13,274.3 1 0
github.com/nexushunter-ai/nexushunter-ai/backend/internal/storage/memory.go:275.2,275.32 1 1
github.com/nexushunter-ai/nexushunter-ai/backend/internal/storage/memory.go:278.99,283.27 4 1
github.com/nexushunter-ai/nexushunter-ai/backend/internal/storage/memory.go:283.27,284.47 1 1
github.com/nexushunter-ai/nexushunter-ai/backend/internal/storage/memory.go:284.47,286.4 1 1
github.com/nexushunter-ai/nexushunter-ai/backend/internal/storage/memory.go:289.2,289.41 1 1
github.com/nexushunter-ai/nexushunter-ai/backend/internal/storage/memory.go:289.41,290.53 1 1
github.com/nexushunter-ai/nexushunter-ai/backend/internal/storage/memory.go:290.53,292.4 1 1
github.com/nexushunter-ai/nexushunter-ai/backend/internal/storage/memory.go:293.3,293.56 1 1
github.com/nexushunter-ai/nexushunter-ai/backend/internal/storage/memory.go:295.2,295.20 1 1
github.com/nexushunter-ai/nexushunter-ai/backend/internal/storage/memory.go:298.83,300.2 1 0
github.com/nexushunter-ai/nexushunter-ai/backend/internal/storage/memory.go:302.73,306.38 3 0
github.com/nexushunter-ai/nexushunter-ai/backend/internal/storage/memory.go:306.38,308.3 1 0
github.com/nexushunter-ai/nexushunter-ai/backend/internal/storage/memory.go:309.2,310.12 2 0
github.com/nexushunter-ai/nexushunter-ai/backend/internal/storage/memory.go:314.118,320.18 4 0
github.com/nexushunter-ai/nexushunter-ai/backend/internal/storage/memory.go:320.18,322.3 1 0
github.com/nexushunter-ai/nexushunter-ai/backend/internal/storage/memory.go:323.2,323.12 1 0
github.com/nexushunter-ai/nexushunter-ai/backend/internal/storage/memory.go:327.118,329.47 2 0
github.com/nexushunter-ai/nexushunter-ai/backend/internal/storage/memory.go:329.47,331.3 1 0
github.com/nexushunter-ai/nexushunter-ai/backend/internal/storage/memory.go:332.2,332.65 1 0
github.com/nexushunter-ai/nexushunter-ai/backend/internal/storage/memory.go:336.160,341.13 4 1
github.com/nexushunter-ai/nexushunter-ai/backend/internal/storage/memory.go:341.13,343.3 1 0
github.com/nexushunter-ai/nexushunter-ai/backend/internal/storage/memory.go:345.2,345.32 1 1
github.com/nexushunter-ai/nexushunter-ai/backend/internal/storage/memory.go:345.32,347.39 2 1
github.com/nexushunter-ai/nexushunter-ai/backend/internal/storage/memory.go:347.39,348.24 1 1
github.com/nexushunter-ai/nexushunter-ai/backend/internal/storage/memory.go:348.24,350.10 2 1
github.com/nexushunter-ai/nexushunter-ai/backend/internal/storage/memory.go:353.3,353.15 1 1
github.com/nexushunter-ai/nexushunter-ai/backend/internal/storage/memory.go:353.15,355.4 1 1
github.com/nexushunter-ai/nexushunter-ai/backend/internal/storage/memory.go:358.2,360.18 2 1
github.com/nexushunter-ai/nexushunter-ai/backend/internal/storage/memory.go:360.18,362.3 1 1
github.com/nexushunter-ai/nexushunter-ai/backend/internal/storage/memory.go:363.2,363.12 1 1
github.com/nexushunter-ai/nexushunter-ai/backend/internal/storage/memory.go:366.77,367.20 1 1
github.com/nexushunter-ai/nexushunter-ai/backend/internal/storage/memory.go:367.20,369.3 1 1
github.com/nexushunter-ai/nexushunter-ai/backend/internal/storage/memory.go:370.2,373.28 3 0
github.com/nexushunter-ai/nexushunter-ai/backend/internal/storage/memory.go:373.28,376.37 3 0
github.com/nexushunter-ai/nexushunter-ai/backend/internal/storage/memory.go:376.37,377.36 1 0
github.com/nexushunter-ai/nexushunter-ai/backend/internal/storage/memory.go:377.36,379.10 2 0
github.com/nexushunter-ai/nexushunter-ai/backend/internal/storage/memory.go:382.3,382.15 1 0
github.com/nexushunter-ai/nexushunter-ai/backend/internal/storage/memory.go:382.15,384.4 1 0
github.com/nexushunter-ai/nexushunter-ai/backend/internal/storage/memory.go:384.9,386.4 1 0
github.com/nexushunter-ai/nexushunter-ai/backend/internal/storage/memory.go:388.2,388.16 1 0
github.com/nexushunter-ai/nexushunter-ai/backend/internal/storage/memory.go:391.64,392.18 1 1
github.com/nexushunter-ai/nexushunter-ai/backend/internal/storage/memory.go:392.18,394.3 1 0
github.com/nexushunter-ai/nexushunter-ai/backend/internal/storage/memory.go:396.2,396.25 1 1
github.com/nexushunter-ai/nexushunter-ai/backend/internal/storage/memory.go:396.25,397.30 1 1
github.com/nexushunter-ai/nexushunter-ai/backend/internal/storage/memory.go:397.30,398.34 1 1
github.com/nexushunter-ai/nexushunter-ai/backend/internal/storage/memory.go:398.34,400.5 1 0
github.com/nexushunter-ai/nexushunter-ai/backend/internal/storage/memory.go:402.8,404.3 1 0
github.com/nexushunter-ai/nexushunter-ai/backend/internal/storage/memory.go:405.2,405.30 1 1
github.com/nexushunter-ai/nexushunter-ai/backend/internal/storage/memory.go:405.30,407.3 1 0
github.com/nexushunter-ai/nexushunter-ai/backend/internal/storage/memory.go:408.2,408.30 1 1
github.com/nexushunter-ai/nexushunter-ai/backend/internal/storage/memory.go:408.30,410.3 1 1
github.com/nexushunter-ai/nexushunter-ai/backend/internal/storage/memory.go:412.2,415.34 4 1
github.com/nexushunter-ai/nexushunter-ai/backend/internal/storage/memory.go:419.80,425.2 4 0
github.com/nexushunter-ai/nexushunter-ai/backend/internal/storage/memory.go:427.84,431.29 3 0
github.com/nexushunter-ai/nexushunter-ai/backend/internal/storage/memory.go:431.29,432.22 1 0
github.com/nexushunter-ai/nexushunter-ai/backend/internal/storage/memory.go:432.22,435.4 2 0
github.com/nexushunter-ai/nexushunter-ai/backend/internal/storage/memory.go:437.2,437.25 1 0
github.com/nexushunter-ai/nexushunter-ai/backend/internal/storage/memory.go:440.93,444.41 3 0
github.com/nexushunter-ai/nexushunter-ai/backend/internal/storage/memory.go:444.41,446.3 1 0
github.com/nexushunter-ai/nexushunter-ai/backend/internal/storage/memory.go:448.2,450.29 3 0
github.com/nexushunter-ai/nexushunter-ai/backend/internal/storage/memory.go:450.29,453.3 2 0
github.com/nexushunter-ai/nexushunter-ai/backend/internal/storage/memory.go:454.2,454.20 1 0
github.com/nexushunter-ai/nexushunter-ai/backend/internal/storage/memory.go:457.101,462.29 4 0
github.com/nexushunter-ai/nexushunter-ai/backend/internal/storage/memory.go:462.29,463.29 1 0
github.com/nexushunter-ai/nexushunter-ai/backend/internal/storage/memory.go:463.29,466.4 2 0
github.com/nexushunter-ai/nexushunter-ai/backend/internal/storage/memory.go:468.2,468.20 1 0
github.com/nexushunter-ai/nexushunter-ai/backend/internal/storage/memory.go:471.95,476.29 4 0
github.com/nexushunter-ai/nexushunter-ai/backend/internal/storage/memory.go:476.29,477.23 1 0
github.com/nexushunter-ai/nexushunter-ai/backend/internal/storage/memory.go:477.23,480.4 2 0
github.com/nexushunter-ai/nexushunter-ai/backend/internal/storage/memory.go:482.2,482.20 1 0
github.com/nexushunter-ai/nexushunter-ai/backend/internal/storage/memory.go:485.112,490.29 4 0
github.com/nexushunter-ai/nexushunter-ai/backend/internal/storage/memory.go:490.29,491.39 1 0
github.com/nexushunter-ai/nexushunter-ai/backend/internal/storage/memory.go:491.39,494.4 2 0
github.com/nexushunter-ai/nexushunter-ai/backend/internal/storage/memory.go:496.2,496.20 1 0
github.com/nexushunter-ai/nexushunter-ai/backend/internal/storage/memory.go:500.83,505.55 4 0
github.com/nexushunter-ai/nexushunter-ai/backend/internal/storage/memory.go:505.55,507.47 1 0
github.com/nexushunter-ai/nexushunter-ai/backend/internal/storage/memory.go:507.47,509.26 2 0
github.com/nexushunter-ai/nexushunter-ai/backend/internal/storage/memory.go:509.26,511.5 1 0
github.com/nexushunter-ai/nexushunter-ai/backend/internal/storage/memory.go:512.4,512.14 1 0
github.com/nexushunter-ai/nexushunter-ai/backend/internal/storage/memory.go:516.2,519.12 4 0
github.com/nexushunter-ai/nexushunter-ai/backend/internal/storage/memory.go:522.115,528.13 5 0
github.com/nexushunter-ai/nexushunter-ai/backend/internal/storage/memory.go:528.13,530.3 1 0
github.com/nexushunter-ai/nexushunter-ai/backend/internal/storage/memory.go:531.2,532.13 2 0
github.com/nexushunter-ai/nexushunter-ai/backend/internal/storage/memory.go:532.13,534.3 1 0
github.com/nexushunter-ai/nexushunter-ai/backend/internal/storage/memory.go:535.2,536.17 2 0
github.com/nexushunter-ai/nexushunter-ai/backend/internal/storage/memory.go:539.99,544.29 4 0
github.com/nexushunter-ai/nexushunter-ai/backend/internal/storage/memory.go:544.29,545.47 1 0
github.com/nexushunter-ai/nexushunter-ai/backend/internal/storage/memory.go:545.47,548.4 2 0
github.com/nexushunter-ai/nexushunter-ai/backend/internal/storage/memory.go:550.2,550.20 1 0
github.com/nexushunter-ai/nexushunter-ai/backend/internal/storage/memory.go:553.96,558.13 4 0
github.com/nexushunter-ai/nexushunter-ai/backend/internal/storage/memory.go:558.13,560.3 1 0
github.com/nexushunter-ai/nexushunter-ai/backend/internal/storage/memory.go:561.2,562.12 2 0
github.com/nexushunter-ai/nexushunter-ai/backend/internal/storage/memory.go:565.92,570.32 4 0
github.com/nexushunter-ai/nexushunter-ai/backend/internal/storage/memory.go:570.32,571.81 1 0
github.com/nexushunter-ai/nexushunter-ai/backend/internal/storage/memory.go:571.81,574.4 2 0
github.com/nexushunter-ai/nexushunter-ai/backend/internal/storage/memory.go:576.2,578.12 3 0
github.com/nexushunter-ai/nexushunter-ai/backend/internal/storage/memory.go:581.106,587.25 5 0
github.com/nexushunter-ai/nexushunter-ai/backend/internal/storage/memory.go:587.25,590.3 2 0
github.com/nexushunter-ai/nexushunter-ai/backend/internal/storage/memory.go:591.2,591.20 1 0
github.com/nexushunter-ai/nexushunter-ai/backend/internal/storage/memory.go:594.93,599.32 4 0
github.com/nexushunter-ai/nexushunter-ai/backend/internal/storage/memory.go:599.32,600.30 1 0
github.com/nexushunter-ai/nexushunter-ai/backend/internal/storage/memory.go:600.30,609.4 8 0
github.com/nexushunter-ai/nexushunter-ai/backend/internal/storage/memory.go:611.2,613.12 3 0
github.com/nexushunter-ai/nexushunter-ai/backend/internal/storage/memory.go:616.111,621.44 4 0
github.com/nexushunter-ai/nexushunter-ai/backend/internal/storage/memory.go:621.44,622.21 1 0
github.com/nexushunter-ai/nexushunter-ai/backend/internal/storage/memory.go:622.21,624.41 2 0
github.com/nexushunter-ai/nexushunter-ai/backend/internal/storage/memory.go:624.41,625.13 1 0
github.com/nexushunter-ai/nexushunter-ai/backend/internal/storage/memory.go:628.3,628.26 1 0
github.com/nexushunter-ai/nexushunter-ai/backend/internal/storage/memory.go:628.26,631.4 2 0
github.com/nexushunter-ai/nexushunter-ai/backend/internal/storage/memory.go:633.2,633.20 1 0
github.com/nexushunter-ai/nexushunter-ai/backend/internal/storage/memory.go:636.81,641.32 4 0
github.com/nexushunter-ai/nexushunter-ai/backend/internal/storage/memory.go:641.32,642.28 1 0
github.com/nexushunter-ai/nexushunter-ai/backend/internal/storage/memory.go:642.28,645.4 2 0
github.com/nexushunter-ai/nexushunter-ai/backend/internal/storage/memory.go:647.2,649.12 3 0
github.com/nexushunter-ai/nexushunter-ai/backend/internal/storage/memory.go:652.101,657.36 4 0
github.com/nexushunter-ai/nexushunter-ai/backend/internal/storage/memory.go:657.36,658.21 1 0
github.com/nexushunter-ai/nexushunter-ai/backend/internal/storage/memory.go:658.21,660.41 2 0
github.com/nexushunter-ai/nexushunter-ai/backend/internal/storage/memory.go:660.41,661.13 1 0
github.com/nexushunter-ai/nexushunter-ai/backend/internal/storage/memory.go:664.3,664.26 1 0
github.com/nexushunter-ai/nexushunter-ai/backend/internal/storage/memory.go:664.26,667.4 2 0
github.com/nexushunter-ai/nexushunter-ai/backend/internal/storage/memory.go:669.2,669.20 1 0
github.com/nexushunter-ai/nexushunter-ai/backend/internal/storage/memory.go:672.87,679.2 5 0
github.com/nexushunter-ai/nexushunter-ai/backend/internal/storage/memory.go:681.105,686.13 4 0
github.com/nexushunter-ai/nexushunter-ai/backend/internal/storage/memory.go:686.13,688.3 1 0
github.com/nexushunter-ai/nexushunter-ai/backend/internal/storage/memory.go:689.2,690.17 2 0
github.com/nexushunter-ai/nexushunter-ai/backend/internal/storage/memory.go:693.89,697.50 3 0
github.com/nexushunter-ai/nexushunter-ai/backend/internal/storage/memory.go:697.50,699.3 1 0
github.com/nexushunter-ai/nexushunter-ai/backend/internal/storage/memory.go:700.2,702.12 3 0
github.com/nexushunter-ai/nexushunter-ai/backend/internal/storage/memory.go:709.113,714.32 4 0
github.com/nexushunter-ai/nexushunter-ai/backend/internal/storage/memory.go:714.32,717.98 2 0
github.com/nexushunter-ai/nexushunter-ai/backend/internal/storage/memory.go:717.98,720.47 2 0
github.com/nexushunter-ai/nexushunter-ai/backend/internal/storage/memory.go:720.47,722.5 1 0
github.com/nexushunter-ai/nexushunter-ai/backend/internal/storage/memory.go:723.4,724.14 2 0
github.com/nexushunter-ai/nexushunter-ai/backend/internal/storage/memory.go:728.2,729.27 2 0
github.com/nexushunter-ai/nexushunter-ai/backend/internal/storage/memory.go:729.27,731.3 1 0
github.com/nexushunter-ai/nexushunter-ai/backend/internal/storage/memory.go:732.2,732.26 1 0
github.com/nexushunter-ai/nexushunter-ai/backend/internal/storage/memory.go:732.26,734.3 1 0
github.com/nexushunter-ai/nexushunter-ai/backend/internal/storage/memory.go:735.2,736.12 2 0
github.com/nexushunter-ai/nexushunter-ai/backend/internal/storage/memory.go:739.151,746.27 5 0
github.com/nexushunter-ai/nexushunter-ai/backend/internal/storage/memory.go:746.27,747.61 1 0
github.com/nexushunter-ai/nexushunter-ai/backend/internal/storage/memory.go:747.61,748.12 1 0
github.com/nexushunter-ai/nexushunter-ai/backend/internal/storage/memory.go:750.3,750.82 1 0
github.com/nexushunter-ai/nexushunter-ai/backend/internal/storage/memory.go:750.82,751.12 1 0
github.com/nexushunter-ai/nexushunter-ai/backend/internal/storage/memory.go:753.3,753.70 1 0
github.com/nexushunter-ai/nexushunter-ai/backend/internal/storage/memory.go:753.70,754.12 1 0
github.com/nexushunter-ai/nexushunter-ai/backend/internal/storage/memory.go:756.3,756.113 1 0
github.com/nexushunter-ai/nexushunter-ai/backend/internal/storage/memory.go:756.113,757.12 1 0
github.com/nexushunter-ai/nexushunter-ai/backend/internal/storage/memory.go:759.3,760.33 2 0
github.com/nexushunter-ai/nexushunter-ai/backend/internal/storage/memory.go:763.2,765.31 3 0
github.com/nexushunter-ai/nexushunter-ai/backend/internal/storage/memory.go:765.31,767.3 1 0
github.com/nexushunter-ai/nexushunter-ai/backend/internal/storage/memory.go:768.2,769.16 2 0
github.com/nexushunter-ai/nexushunter-ai/backend/internal/storage/memory.go:769.16,771.3 1 0
github.com/nexushunter-ai/nexushunter-ai/backend/internal/storage/memory.go:772.2,772.21 1 0
github.com/nexushunter-ai/nexushunter-ai/backend/internal/storage/memory.go:772.21,774.3 1 0
github.com/nexushunter-ai/nexushunter-ai/backend/internal/storage/memory.go:775.2,776.17 2 0
github.com/nexushunter-ai/nexushunter-ai/backend/internal/storage/memory.go:776.17,778.3 1 0
github.com/nexushunter-ai/nexushunter-ai/backend/internal/storage/memory.go:780.2,780.40 1 0
github.com/nexushunter-ai/nexushunter-ai/backend/internal/storage/memory.go:783.107,788.32 4 0
github.com/nexushunter-ai/nexushunter-ai/backend/internal/storage/memory.go:788.32,789.89 1 0
github.com/nexushunter-ai/nexushunter-ai/backend/internal/storage/memory.go:789.89,800.4 10 0
github.com/nexushunter-ai/nexushunter-ai/backend/internal/storage/memory.go:803.2,804.27 2 0
github.com/nexushunter-ai/nexushunter-ai/backend/internal/storage/memory.go:804.27,806.3 1 0
github.com/nexushunter-ai/nexushunter-ai/backend/internal/storage/memory.go:807.2,807.26 1 0
github.com/nexushunter-ai/nexushunter-ai/backend/internal/storage/memory.go:807.26,809.3 1 0
github.com/nexushunter-ai/nexushunter-ai/backend/internal/storage/memory.go:810.2,811.12 2 0
github.com/nexushunter-ai/nexushunter-ai/backend/internal/storage/memory.go:814.142,821.27 5 0
github.com/nexushunter-ai/nexushunter-ai/backend/internal/storage/memory.go:821.27,822.61 1 0
github.com/nexushunter-ai/nexushunter-ai/backend/internal/storage/memory.go:822.61,823.12 1 0
github.com/nexushunter-ai/nexushunter-ai/backend/internal/storage/memory.go:825.3,825.76 1 0
github.com/nexushunter-ai/nexushunter-ai/backend/internal/storage/memory.go:825.76,826.12 1 0
github.com/nexushunter-ai/nexushunter-ai/backend/internal/storage/memory.go:828.3,828.50 1 0
github.com/nexushunter-ai/nexushunter-ai/backend/internal/storage/memory.go:828.50,829.12 1 0
github.com/nexushunter-ai/nexushunter-ai/backend/internal/storage/memory.go:831.3,831.68 1 0
github.com/nexushunter-ai/nexushunter-ai/backend/internal/storage/memory.go:831.68,832.12 1 0
github.com/nexushunter-ai/nexushunter-ai/backend/internal/storage/memory.go:834.3,835.33 2 0
github.com/nexushunter-ai/nexushunter-ai/backend/internal/storage/memory.go:838.2,840.31 3 0
github.com/nexushunter-ai/nexushunter-ai/backend/internal/storage/memory.go:840.31,842.3 1 0
github.com/nexushunter-ai/nexushunter-ai/backend/internal/storage/memory.go:843.2,844.16 2 0
github.com/nexushunter-ai/nexushunter-ai/backend/internal/storage/memory.go:844.16,846.3 1 0
github.com/nexushunter-ai/nexushunter-ai/backend/internal/storage/memory.go:847.2,847.21 1 0
github.com/nexushunter-ai/nexushunter-ai/backend/internal/storage/memory.go:847.21,849.3 1 0
github.com/nexushunter-ai/nexushunter-ai/backend/internal/storage/memory.go:850.2,851.17 2 0
github.com/nexushunter-ai/nexushunter-ai/backend/internal/storage/memory.go:851.17,853.3 1 0
github.com/nexushunter-ai/nexushunter-ai/backend/internal/storage/memory.go:855.2,855.40 1 0
github.com/nexushunter-ai/nexushunter-ai/backend/internal/storage/memory.go:858.109,863.32 4 0
github.com/nexushunter-ai/nexushunter-ai/backend/internal/storage/memory.go:863.32,864.48 1 0
github.com/nexushunter-ai/nexushunter-ai/backend/internal/storage/memory.go:864.48,870.4 5 0
github.com/nexushunter-ai/nexushunter-ai/backend/internal/storage/memory.go:873.2,874.28 2 0
github.com/nexushunter-ai/nexushunter-ai/backend/internal/storage/memory.go:874.28,876.3 1 0
github.com/nexushunter-ai/nexushunter-ai/backend/internal/storage/memory.go:877.2,878.12 2 0
github.com/nexushunter-ai/nexushunter-ai/backend/internal/storage/memory.go:881.136,885.19 3 0
github.com/nexushunter-ai/nexushunter-ai/backend/internal/storage/memory.go:885.19,888.28 3 0
github.com/nexushunter-ai/nexushunter-ai/backend/internal/storage/memory.go:888.28,891.4 2 0
github.com/nexushunter-ai/nexushunter-ai/backend/internal/storage/memory.go:892.3,892.18 1 0
github.com/nexushunter-ai/nexushunter-ai/backend/internal/storage/memory.go:895.2,896.35 2 0
github.com/nexushunter-ai/nexushunter-ai/backend/internal/storage/memory.go:896.35,897.32 1 0
github.com/nexushunter-ai/nexushunter-ai/backend/internal/storage/memory.go:897.32,898.33 1 0
github.com/nexushunter-ai/nexushunter-ai/backend/internal/storage/memory.go:898.33,901.5 2 0
github.com/nexushunter-ai/nexushunter-ai/backend/internal/storage/memory.go:904.2,904.17 1 0
github.com/nexushunter-ai/nexushunter-ai/backend/internal/storage/memory.go:907.86,912.32 4 0
github.com/nexushunter-ai/nexushunter-ai/backend/internal/storage/memory.go:912.32,913.47 1 0
github.com/nexushunter-ai/nexushunter-ai/backend/internal/storage/memory.go:913.47,915.4 1 0
github.com/nexushunter-ai/nexushunter-ai/backend/internal/storage/memory.go:918.2,919.27 2 0
github.com/nexushunter-ai/nexushunter-ai/backend/internal/storage/memory.go:919.27,921.3 1 0
github.com/nexushunter-ai/nexushunter-ai/backend/internal/storage/memory.go:922.2,923.12 2 0
github.com/nexushunter-ai/nexushunter-ai/backend/internal/storage/memory.go:926.88,933.32 6 0
github.com/nexushunter-ai/nexushunter-ai/backend/internal/storage/memory.go:933.32,934.43 1 0
github.com/nexushunter-ai/nexushunter-ai/backend/internal/storage/memory.go:934.43,936.12 2 0
github.com/nexushunter-ai/nexushunter-ai/backend/internal/storage/memory.go:938.3,938.38 1 0
github.com/nexushunter-ai/nexushunter-ai/backend/internal/storage/memory.go:940.2,940.12 1 0
github.com/nexushunter-ai/nexushunter-ai/backend/internal/storage/memory.go:940.12,942.3 1 0
github.com/nexushunter-ai/nexushunter-ai/backend/internal/storage/memory.go:943.2,944.12 2 0
github.com/nexushunter-ai/nexushunter-ai/backend/internal/storage/memory.go:947.104,953.24 5 0
github.com/nexushunter-ai/nexushunter-ai/backend/internal/storage/memory.go:953.24,956.3 2 0
github.com/nexushunter-ai/nexushunter-ai/backend/internal/storage/memory.go:957.2,957.17 1 0
github.com/nexushunter-ai/nexushunter-ai/backend/internal/storage/memory.go:960.109,965.33 4 0
github.com/nexushunter-ai/nexushunter-ai/backend/internal/storage/memory.go:965.33,966.29 1 0
github.com/nexushunter-ai/nexushunter-ai/backend/internal/storage/memory.go:966.29,967.30 1 0
github.com/nexushunter-ai/nexushunter-ai/backend/internal/storage/memory.go:967.30,970.5 2 0
github.com/nexushunter-ai/nexushunter-ai/backend/internal/storage/memory.go:973.2,973.17 1 0
github.com/nexushunter-ai/nexushunter-ai/backend/internal/storage/memory.go:976.98,981.28 4 0
github.com/nexushunter-ai/nexushunter-ai/backend/internal/storage/memory.go:981.28,983.3 1 0
github.com/nexushunter-ai/nexushunter-ai/backend/internal/storage/memory.go:984.2,985.12 2 0
github.com/nexushunter-ai/nexushunter-ai/backend/internal/storage/memory.go:988.127,995.27 5 0
github.com/nexushunter-ai/nexushunter-ai/backend/internal/storage/memory.go:995.27,996.61 1 0
github.com/nexushunter-ai/nexushunter-ai/backend/internal/storage/memory.go:996.61,997.12 1 0
github.com/nexushunter-ai/nexushunter-ai/backend/internal/storage/memory.go:999.3,999.70 1 0
github.com/nexushunter-ai/nexushunter-ai/backend/internal/storage/memory.go:999.70,1000.12 1 0
github.com/nexushunter-ai/nexushunter-ai/backend/internal/storage/memory.go:1002.3,1002.88 1 0
github.com/nexushunter-ai/nexushunter-ai/backend/internal/storage/memory.go:1002.88,1003.12 1 0
github.com/nexushunter-ai/nexushunter-ai/backend/internal/storage/memory.go:1005.3,1006.33 2 0
github.com/nexushunter-ai/nexushunter-ai/backend/internal/storage/memory.go:1010.2,1010.42 1 0
github.com/nexushunter-ai/nexushunter-ai/backend/internal/storage/memory.go:1010.42,1012.3 1 0
github.com/nexushunter-ai/nexushunter-ai/backend/internal/storage/memory.go:1014.2,1016.31 3 0
github.com/nexushunter-ai/nexushunter-ai/backend/internal/storage/memory.go:1016.31,1018.3 1 0
github.com/nexushunter-ai/nexushunter-ai/backend/internal/storage/memory.go:1019.2,1020.16 2 0
github.com/nexushunter-ai/nexushunter-ai/backend/internal/storage/memory.go:1020.16,1022.3 1 0
github.com/nexushunter-ai/nexushunter-ai/backend/internal/storage/memory.go:1023.2,1023.21 1 0
github.com/nexushunter-ai/nexushunter-ai/backend/internal/storage/memory.go:1023.21,1025.3 1 0
github.com/nexushunter-ai/nexushunter-ai/backend/internal/storage/memory.go:1026.2,1027.17 2 0
github.com/nexushunter-ai/nexushunter-ai/backend/internal/storage/memory.go:1027.17,1029.3 1 0
github.com/nexushunter-ai/nexushunter-ai/backend/internal/storage/memory.go:1031.2,1031.40 1 0
github.com/nexushunter-ai/nexushunter-ai/backend/internal/storage/memory.go:1034.88,1039.32 4 0
github.com/nexushunter-ai/nexushunter-ai/backend/internal/storage/memory.go:1039.32,1040.29 1 0
github.com/nexushunter-ai/nexushunter-ai/backend/internal/storage/memory.go:1040.29,1043.4 2 0
github.com/nexushunter-ai/nexushunter-ai/backend/internal/storage/memory.go:1046.2,1047.27 2 0
github.com/nexushunter-ai/nexushunter-ai/backend/internal/storage/memory.go:1047.27,1049.3 1 0
github.com/nexushunter-ai/nexushunter-ai/backend/internal/storage/memory.go:1050.2,1050.26 1 0
github.com/nexushunter-ai/nexushunter-ai/backend/internal/storage/memory.go:1050.26,1052.3 1 0
github.com/nexushunter-ai/nexushunter-ai/backend/internal/storage/memory.go:1053.2,1054.12 2 0
github.com/nexushunter-ai/nexushunter-ai/backend/internal/storage/memory.go:1057.106,1063.25 5 0
github.com/nexushunter-ai/nexushunter-ai/backend/internal/storage/memory.go:1063.25,1066.3 2 0
github.com/nexushunter-ai/nexushunter-ai/backend/internal/storage/memory.go:1067.2,1067.17 1 0
github.com/nexushunter-ai/nexushunter-ai/backend/internal/storage/memory.go:1070.128,1077.27 6 0
github.com/nexushunter-ai/nexushunter-ai/backend/internal/storage/memory.go:1077.27,1078.51 1 0
github.com/nexushunter-ai/nexushunter-ai/backend/internal/storage/memory.go:1078.51,1080.4 1 0
github.com/nexushunter-ai/nexushunter-ai/backend/internal/storage/memory.go:1083.2,1089.26 6 0
github.com/nexushunter-ai/nexushunter-ai/backend/internal/storage/memory.go:1089.26,1092.3 2 0
github.com/nexushunter-ai/nexushunter-ai/backend/internal/storage/memory.go:1094.2,1095.27 2 0
github.com/nexushunter-ai/nexushunter-ai/backend/internal/storage/memory.go:1095.27,1096.37 1 0
github.com/nexushunter-ai/nexushunter-ai/backend/internal/storage/memory.go:1096.37,1097.20 1 0
github.com/nexushunter-ai/nexushunter-ai/backend/internal/storage/memory.go:1097.20,1099.5 1 0
github.com/nexushunter-ai/nexushunter-ai/backend/internal/storage/memory.go:1099.10,1101.5 1 0
github.com/nexushunter-ai/nexushunter-ai/backend/internal/storage/memory.go:1105.2,1106.27 2 0
github.com/nexushunter-ai/nexushunter-ai/backend/internal/storage/memory.go:1106.27,1107.36 1 0
github.com/nexushunter-ai/nexushunter-ai/backend/internal/storage/memory.go:1107.36,1108.22 1 0
github.com/nexushunter-ai/nexushunter-ai/backend/internal/storage/memory.go:1108.22,1110.5 1 0
github.com/nexushunter-ai/nexushunter-ai/backend/internal/storage/memory.go:1115.2,1117.16 3 0
github.com/nexushunter-ai/nexushunter-ai/backend/internal/storage/memory.go:1117.16,1119.3 1 0
github.com/nexushunter-ai/nexushunter-ai/backend/internal/storage/memory.go:1120.2,1120.71 1 0
github.com/nexushunter-ai/nexushunter-ai/backend/internal/storage/memory.go:1120.71,1123.3 2 0
github.com/nexushunter-ai/nexushunter-ai/backend/internal/storage/memory.go:1125.2,1140.8 2 0
github.com/nexushunter-ai/nexushunter-ai/backend/internal/storage/memory.go:1143.116,1148.43 4 0
github.com/nexushunter-ai/nexushunter-ai/backend/internal/storage/memory.go:1148.43,1150.3 1 0
github.com/nexushunter-ai/nexushunter-ai/backend/internal/storage/memory.go:1151.2,1155.24 4 0
github.com/nexushunter-ai/nexushunter-ai/backend/internal/storage/memory.go:1155.24,1158.3 2 0
github.com/nexushunter-ai/nexushunter-ai/backend/internal/storage/memory.go:1160.2,1161.43 2 0
github.com/nexushunter-ai/nexushunter-ai/backend/internal/storage/memory.go:1161.43,1162.27 1 0
github.com/nexushunter-ai/nexushunter-ai/backend/internal/storage/memory.go:1162.27,1165.4 2 0
github.com/nexushunter-ai/nexushunter-ai/backend/internal/storage/memory.go:1168.2,1169.40 2 0
github.com/nexushunter-ai/nexushunter-ai/backend/internal/storage/memory.go:1169.40,1170.27 1 0
github.com/nexushunter-ai/nexushunter-ai/backend/internal/storage/memory.go:1170.27,1173.4 2 0
github.com/nexushunter-ai/nexushunter-ai/backend/internal/storage/memory.go:1176.2,1178.24 3 0
github.com/nexushunter-ai/nexushunter-ai/backend/internal/storage/memory.go:1178.24,1181.3 2 0
github.com/nexushunter-ai/nexushunter-ai/backend/internal/storage/memory.go:1183.2,1185.25 3 0
github.com/nexushunter-ai/nexushunter-ai/backend/internal/storage/memory.go:1185.25,1188.3 2 0
github.com/nexushunter-ai/nexushunter-ai/backend/internal/storage/memory.go:1190.2,1192.31 3 0
github.com/nexushunter-ai/nexushunter-ai/backend/internal/storage/memory.go:1192.31,1195.3 2 0
github.com/nexushunter-ai/nexushunter-ai/backend/internal/storage/memory.go:1197.2,1198.37 2 0
github.com/nexushunter-ai/nexushunter-ai/backend/internal/storage/memory.go:1198.37,1199.27 1 0
github.com/nexushunter-ai/nexushunter-ai/backend/internal/storage/memory.go:1199.27,1202.4 2 0
github.com/nexushunter-ai/nexushunter-ai/backend/internal/storage/memory.go:1205.2,1206.40 2 0
github.com/nexushunter-ai/nexushunter-ai/backend/internal/storage/memory.go:1206.40,1207.27 1 0
github.com/nexushunter-ai/nexushunter-ai/backend/internal/storage/memory.go:1207.27,1210.4 2 0
github.com/nexushunter-ai/nexushunter-ai/backend/internal/storage/memory.go:1213.2,1223.8 1 0
github.com/nexushunter-ai/nexushunter-ai/backend/internal/storage/memory.go:1226.122,1233.24 5 0
github.com/nexushunter-ai/nexushunter-ai/backend/internal/storage/memory.go:1233.24,1234.112 1 0
github.com/nexushunter-ai/nexushunter-ai/backend/internal/storage/memory.go:1234.112,1235.12 1 0
github.com/nexushunter-ai/nexushunter-ai/backend/internal/storage/memory.go:1237.3,1237.73 1 0
github.com/nexushunter-ai/nexushunter-ai/backend/internal/storage/memory.go:1237.73,1238.12 1 0
github.com/nexushunter-ai/nexushunter-ai/backend/internal/storage/memory.go:1240.3,1240.23 1 0
github.com/nexushunter-ai/nexushunter-ai/backend/internal/storage/memory.go:1240.23,1242.35 2 0
github.com/nexushunter-ai/nexushunter-ai/backend/internal/storage/memory.go:1242.35,1243.45 1 0
github.com/nexushunter-ai/nexushunter-ai/backend/internal/storage/memory.go:1243.45,1245.11 2 0
github.com/nexushunter-ai/nexushunter-ai/backend/internal/storage/memory.go:1248.4,1248.15 1 0
github.com/nexushunter-ai/nexushunter-ai/backend/internal/storage/memory.go:1248.15,1249.13 1 0
github.com/nexushunter-ai/nexushunter-ai/backend/internal/storage/memory.go:1252.3,1253.33 2 0
github.com/nexushunter-ai/nexushunter-ai/backend/internal/storage/memory.go:1256.2,1258.31 3 0
github.com/nexushunter-ai/nexushunter-ai/backend/internal/storage/memory.go:1258.31,1260.3 1 0
github.com/nexushunter-ai/nexushunter-ai/backend/internal/storage/memory.go:1261.2,1262.16 2 0
github.com/nexushunter-ai/nexushunter-ai/backend/internal/storage/memory.go:1262.16,1264.3 1 0
github.com/nexushunter-ai/nexushunter-ai/backend/internal/storage/memory.go:1265.2,1265.21 1 0
github.com/nexushunter-ai/nexushunter-ai/backend/internal/storage/memory.go:1265.21,1267.3 1 0
github.com/nexushunter-ai/nexushunter-ai/backend/internal/storage/memory.go:1268.2,1269.17 2 0
github.com/nexushunter-ai/nexushunter-ai/backend/internal/storage/memory.go:1269.17,1271.3 1 0
github.com/nexushunter-ai/nexushunter-ai/backend/internal/storage/memory.go:1273.2,1273.40 1 0
github.com/nexushunter-ai/nexushunter-ai/backend/internal/storage/memory.go:1276.86,1278.29 2 0
github.com/nexushunter-ai/nexushunter-ai/backend/internal/storage/memory.go:1278.29,1279.29 1 0
github.com/nexushunter-ai/nexushunter-ai/backend/internal/storage/memory.go:1279.29,1282.4 2 0
github.com/nexushunter-ai/nexushunter-ai/backend/internal/storage/memory.go:1284.2,1284.20 1 0
github.com/nexushunter-ai/nexushunter-ai/backend/internal/storage/memory.go:1289.93,1295.2 5 0
github.com/nexushunter-ai/nexushunter-ai/backend/internal/storage/memory.go:1297.101,1301.13 4 0
github.com/nexushunter-ai/nexushunter-ai/backend/internal/storage/memory.go:1301.13,1303.3 1 0
github.com/nexushunter-ai/nexushunter-ai/backend/internal/storage/memory.go:1304.2,1305.17 2 0
github.com/nexushunter-ai/nexushunter-ai/backend/internal/storage/memory.go:1308.111,1312.35 4 0
github.com/nexushunter-ai/nexushunter-ai/backend/internal/storage/memory.go:1312.35,1313.47 1 0
github.com/nexushunter-ai/nexushunter-ai/backend/internal/storage/memory.go:1313.47,1316.4 2 0
github.com/nexushunter-ai/nexushunter-ai/backend/internal/storage/memory.go:1318.2,1318.42 1 0
github.com/nexushunter-ai/nexushunter-ai/backend/internal/storage/memory.go:1318.42,1320.3 1 0
github.com/nexushunter-ai/nexushunter-ai/backend/internal/storage/memory.go:1321.2,1321.21 1 0
github.com/nexushunter-ai/nexushunter-ai/backend/internal/storage/memory.go:1324.95,1327.50 3 0
github.com/nexushunter-ai/nexushunter-ai/backend/internal/storage/memory.go:1327.50,1329.3 1 0
github.com/nexushunter-ai/nexushunter-ai/backend/internal/storage/memory.go:1330.2,1332.12 3 0
github.com/nexushunter-ai/nexushunter-ai/backend/internal/storage/memory.go:1335.102,1341.2 5 0
github.com/nexushunter-ai/nexushunter-ai/backend/internal/storage/memory.go:1343.126,1347.42 4 0
github.com/nexushunter-ai/nexushunter-ai/backend/internal/storage/memory.go:1347.42,1348.46 1 0
github.com/nexushunter-ai/nexushunter-ai/backend/internal/storage/memory.go:1348.46,1351.4 2 0
github.com/nexushunter-ai/nexushunter-ai/backend/internal/storage/memory.go:1353.2,1353.42 1 0
github.com/nexushunter-ai/nexushunter-ai/backend/internal/storage/memory.go:1353.42,1355.3 1 0
github.com/nexushunter-ai/nexushunter-ai/backend/internal/storage/memory.go:1356.2,1356.21 1 0
github.com/nexushunter-ai/nexushunter-ai/backend/internal/storage/memory.go:1359.109,1365.2 5 0
github.com/nexushunter-ai/nexushunter-ai/backend/internal/storage/memory.go:1367.111,1371.13 4 0
github.com/nexushunter-ai/nexushunter-ai/backend/internal/storage/memory.go:1371.13,1373.3 1 0
github.com/nexushunter-ai/nexushunter-ai/backend/internal/storage/memory.go:1374.2,1377.17 3 0
github.com/nexushunter-ai/nexushunter-ai/backend/internal/storage/memory.go:1380.140,1384.33 4 0
github.com/nexushunter-ai/nexushunter-ai/backend/internal/storage/memory.go:1384.33,1385.61 1 0
github.com/nexushunter-ai/nexushunter-ai/backend/internal/storage/memory.go:1385.61,1386.12 1 0
github.com/nexushunter-ai/nexushunter-ai/backend/internal/storage/memory.go:1388.3,1388.58 1 0
github.com/nexushunter-ai/nexushunter-ai/backend/internal/storage/memory.go:1388.58,1389.12 1 0
github.com/nexushunter-ai/nexushunter-ai/backend/internal/storage/memory.go:1391.3,1391.79 1 0
github.com/nexushunter-ai/nexushunter-ai/backend/internal/storage/memory.go:1391.79,1392.12 1 0
github.com/nexushunter-ai/nexushunter-ai/backend/internal/storage/memory.go:1394.3,1394.52 1 0
github.com/nexushunter-ai/nexushunter-ai/backend/internal/storage/memory.go:1394.52,1395.12 1 0
github.com/nexushunter-ai/nexushunter-ai/backend/internal/storage/memory.go:1397.3,1397.26 1 0
github.com/nexushunter-ai/nexushunter-ai/backend/internal/storage/memory.go:1397.26,1401.56 2 0
github.com/nexushunter-ai/nexushunter-ai/backend/internal/storage/memory.go:1401.56,1402.13 1 0
github.com/nexushunter-ai/nexushunter-ai/backend/internal/storage/memory.go:1405.3,1407.33 3 0
github.com/nexushunter-ai/nexushunter-ai/backend/internal/storage/memory.go:1410.2,1410.42 1 0
github.com/nexushunter-ai/nexushunter-ai/backend/internal/storage/memory.go:1410.42,1411.63 1 0
github.com/nexushunter-ai/nexushunter-ai/backend/internal/storage/memory.go:1411.63,1413.4 1 0
github.com/nexushunter-ai/nexushunter-ai/backend/internal/storage/memory.go:1414.3,1414.58 1 0
github.com/nexushunter-ai/nexushunter-ai/backend/internal/storage/memory.go:1417.2,1419.31 3 0
github.com/nexushunter-ai/nexushunter-ai/backend/internal/storage/memory.go:1419.31,1421.3 1 0
github.com/nexushunter-ai/nexushunter-ai/backend/internal/storage/memory.go:1422.2,1423.16 2 0
github.com/nexushunter-ai/nexushunter-ai/backend/internal/storage/memory.go:1423.16,1425.3 1 0
github.com/nexushunter-ai/nexushunter-ai/backend/internal/storage/memory.go:1426.2,1426.21 1 0
github.com/nexushunter-ai/nexushunter-ai/backend/internal/storage/memory.go:1426.21,1428.3 1 0
github.com/nexushunter-ai/nexushunter-ai/backend/internal/storage/memory.go:1429.2,1430.17 2 0
github.com/nexushunter-ai/nexushunter-ai/backend/internal/storage/memory.go:1430.17,1432.3 1 0
github.com/nexushunter-ai/nexushunter-ai/backend/internal/storage/memory.go:1434.2,1434.40 1 0
github.com/nexushunter-ai/nexushunter-ai/backend/internal/storage/memory.go:1437.131,1441.13 4 0
github.com/nexushunter-ai/nexushunter-ai/backend/internal/storage/memory.go:1441.13,1443.3 1 0
github.com/nexushunter-ai/nexushunter-ai/backend/internal/storage/memory.go:1444.2,1446.18 3 0
github.com/nexushunter-ai/nexushunter-ai/backend/internal/storage/memory.go:1446.18,1448.3 1 0
github.com/nexushunter-ai/nexushunter-ai/backend/internal/storage/memory.go:1449.2,1449.12 1 0
github.com/nexushunter-ai/nexushunter-ai/backend/internal/storage/memory.go:1452.110,1458.2 5 0
github.com/nexushunter-ai/nexushunter-ai/backend/internal/storage/memory.go:1460.125,1465.29 5 0
github.com/nexushunter-ai/nexushunter-ai/backend/internal/storage/memory.go:1465.29,1468.3 2 0
github.com/nexushunter-ai/nexushunter-ai/backend/internal/storage/memory.go:1469.2,1469.21 1 0
github.com/nexushunter-ai/nexushunter-ai/backend/internal/storage/memory.go:1474.90,1480.2 5 0
github.com/nexushunter-ai/nexushunter-ai/backend/internal/storage/memory.go:1482.90,1488.2 5 0
github.com/nexushunter-ai/nexushunter-ai/backend/internal/storage/memory.go:1490.105,1495.33 4 0
github.com/nexushunter-ai/nexushunter-ai/backend/internal/storage/memory.go:1495.33,1496.29 1 0
github.com/nexushunter-ai/nexushunter-ai/backend/internal/storage/memory.go:1496.29,1499.4 2 0
github.com/nexushunter-ai/nexushunter-ai/backend/internal/storage/memory.go:1502.2,1503.33 2 0
github.com/nexushunter-ai/nexushunter-ai/backend/internal/storage/memory.go:1503.33,1504.29 1 0
github.com/nexushunter-ai/nexushunter-ai/backend/internal/storage/memory.go:1504.29,1507.4 2 0
github.com/nexushunter-ai/nexushunter-ai/backend/internal/storage/memory.go:1510.2,1511.26 2 0
github.com/nexushunter-ai/nexushunter-ai/backend/internal/storage/memory.go:1511.26,1513.3 1 0
github.com/nexushunter-ai/nexushunter-ai/backend/internal/storage/memory.go:1515.2,1522.8 1 0
github.com/nexushunter-ai/nexushunter-ai/backend/internal/storage/memory.go:1525.110,1531.2 5 0
github.com/nexushunter-ai/nexushunter-ai/backend/internal/storage/memory.go:1533.134,1537.37 4 0
github.com/nexushunter-ai/nexushunter-ai/backend/internal/storage/memory.go:1537.37,1539.3 1 0
github.com/nexushunter-ai/nexushunter-ai/backend/internal/storage/memory.go:1540.2,1541.29 2 0
github.com/nexushunter-ai/nexushunter-ai/backend/internal/storage/memory.go:1541.29,1544.3 2 0
github.com/nexushunter-ai/nexushunter-ai/backend/internal/storage/memory.go:1545.2,1545.21 1 0
github.com/nexushunter-ai/nexushunter-ai/backend/internal/storage/memory.go:1548.103,1554.2 5 0
github.com/nexushunter-ai/nexushunter-ai/backend/internal/storage/memory.go:1556.119,1561.29 5 0
github.com/nexushunter-ai/nexushunter-ai/backend/internal/storage/memory.go:1561.29,1564.3 2 0
github.com/nexushunter-ai/nexushunter-ai/backend/internal/storage/memory.go:1565.2,1565.21 1 0
github.com/nexushunter-ai/nexushunter-ai/backend/internal/storage/memory.go:1568.110,1574.2 5 0
github.com/nexushunter-ai/nexushunter-ai/backend/internal/storage/memory.go:1576.125,1581.29 5 0
github.com/nexushunter-ai/nexushunter-ai/backend/internal/storage/memory.go:1581.29,1584.3 2 0
github.com/nexushunter-ai/nexushunter-ai/backend/internal/storage/memory.go:1585.2,1585.21 1 0
github.com/nexushunter-ai/nexushunter-ai/backend/internal/storage/memory.go:1588.115,1594.2 5 0
github.com/nexushunter-ai/nexushunter-ai/backend/internal/storage/memory.go:1596.119,1600.13 4 0
github.com/nexushunter-ai/nexushunter-ai/backend/internal/storage/memory.go:1600.13,1602.3 1 0
github.com/nexushunter-ai/nexushunter-ai/backend/internal/storage/memory.go:1603.2,1604.17 2 0
github.com/nexushunter-ai/nexushunter-ai/backend/internal/storage/memory.go:1607.129,1611.31 4 0
github.com/nexushunter-ai/nexushunter-ai/backend/internal/storage/memory.go:1611.31,1612.29 1 0
github.com/nexushunter-ai/nexushunter-ai/backend/internal/storage/memory.go:1612.29,1615.4 2 0
github.com/nexushunter-ai/nexushunter-ai/backend/internal/storage/memory.go:1617.2,1617.42 1 0
github.com/nexushunter-ai/nexushunter-ai/backend/internal/storage/memory.go:1617.42,1619.3 1 0
github.com/nexushunter-ai/nexushunter-ai/backend/internal/storage/memory.go:1620.2,1620.21 1 0
github.com/nexushunter-ai/nexushunter-ai/backend/internal/storage/memory.go:1623.112,1627.13 4 0
github.com/nexushunter-ai/nexushunter-ai/backend/internal/storage/memory.go:1627.13,1629.3 1 0
github.com/nexushunter-ai/nexushunter-ai/backend/internal/storage/memory.go:1630.2,1632.12 3 0
github.com/nexushunter-ai/nexushunter-ai/backend/internal/storage/memory.go:1635.113,1640.29 4 0
github.com/nexushunter-ai/nexushunter-ai/backend/internal/storage/memory.go:1640.29,1641.29 1 0
github.com/nexushunter-ai/nexushunter-ai/backend/internal/storage/memory.go:1641.29,1643.4 1 0
github.com/nexushunter-ai/nexushunter-ai/backend/internal/storage/memory.go:1646.2,1647.38 2 0
github.com/nexushunter-ai/nexushunter-ai/backend/internal/storage/memory.go:1647.38,1649.3 1 0
github.com/nexushunter-ai/nexushunter-ai/backend/internal/storage/memory.go:1651.2,1655.31 4 0
github.com/nexushunter-ai/nexushunter-ai/backend/internal/storage/memory.go:1655.31,1656.122 1 0
github.com/nexushunter-ai/nexushunter-ai/backend/internal/storage/memory.go:1656.122,1659.4 2 0
github.com/nexushunter-ai/nexushunter-ai/backend/internal/storage/memory.go:1662.2,1663.36 2 0
github.com/nexushunter-ai/nexushunter-ai/backend/internal/storage/memory.go:1663.36,1664.32 1 0
github.com/nexushunter-ai/nexushunter-ai/backend/internal/storage/memory.go:1664.32,1665.146 1 0
github.com/nexushunter-ai/nexushunter-ai/backend/internal/storage/memory.go:1665.146,1667.5 1 0
github.com/nexushunter-ai/nexushunter-ai/backend/internal/storage/memory.go:1667.10,1667.106 1 0
github.com/nexushunter-ai/nexushunter-ai/backend/internal/storage/memory.go:1667.106,1669.5 1 0
github.com/nexushunter-ai/nexushunter-ai/backend/internal/storage/memory.go:1673.2,1674.22 2 0
github.com/nexushunter-ai/nexushunter-ai/backend/internal/storage/memory.go:1674.22,1676.3 1 0
github.com/nexushunter-ai/nexushunter-ai/backend/internal/storage/memory.go:1678.2,1690.8 1 0
github.com/nexushunter-ai/nexushunter-ai/backend/internal/storage/memory.go:1693.118,1698.15 5 0
github.com/nexushunter-ai/nexushunter-ai/backend/internal/storage/memory.go:1698.15,1700.3 1 0
github.com/nexushunter-ai/nexushunter-ai/backend/internal/storage/memory.go:1701.2,1702.12 2 0
github.com/nexushunter-ai/nexushunter-ai/backend/internal/storage/memory.go:1707.86,1713.2 5 0
github.com/nexushunter-ai/nexushunter-ai/backend/internal/storage/memory.go:1715.95,1719.9 4 0
github.com/nexushunter-ai/nexushunter-ai/backend/internal/storage/memory.go:1719.9,1721.3 1 0
github.com/nexushunter-ai/nexushunter-ai/backend/internal/storage/memory.go:1722.2,1723.17 2 0
github.com/nexushunter-ai/nexushunter-ai/backend/internal/storage/memory.go:1726.112,1730.39 4 0
github.com/nexushunter-ai/nexushunter-ai/backend/internal/storage/memory.go:1730.39,1731.30 1 0
github.com/nexushunter-ai/nexushunter-ai/backend/internal/storage/memory.go:1731.30,1734.4 2 0
github.com/nexushunter-ai/nexushunter-ai/backend/internal/storage/memory.go:1736.2,1736.17 1 0
github.com/nexushunter-ai/nexushunter-ai/backend/internal/storage/memory.go:1739.110,1743.39 4 0
github.com/nexushunter-ai/nexushunter-ai/backend/internal/storage/memory.go:1743.39,1744.28 1 0
github.com/nexushunter-ai/nexushunter-ai/backend/internal/storage/memory.go:1744.28,1747.4 2 0
github.com/nexushunter-ai/nexushunter-ai/backend/internal/storage/memory.go:1749.2,1749.17 1 0
github.com/nexushunter-ai/nexushunter-ai/backend/internal/storage/memory.go:1752.114,1756.39 4 0
github.com/nexushunter-ai/nexushunter-ai/backend/internal/storage/memory.go:1756.39,1757.32 1 0
github.com/nexushunter-ai/nexushunter-ai/backend/internal/storage/memory.go:1757.32,1760.4 2 0
github.com/nexushunter-ai/nexushunter-ai/backend/internal/storage/memory.go:1762.2,1762.17 1 0
github.com/nexushunter-ai/nexushunter-ai/backend/internal/storage/memory.go:1765.96,1771.2 5 0
github.com/nexushunter-ai/nexushunter-ai/backend/internal/storage/memory.go:1773.103,1777.9 4 0
github.com/nexushunter-ai/nexushunter-ai/backend/internal/storage/memory.go:1777.9,1779.3 1 0
github.com/nexushunter-ai/nexushunter-ai/backend/internal/storage/memory.go:1780.2,1781.17 2 0
github.com/nexushunter-ai/nexushunter-ai/backend/internal/storage/memory.go:1784.113,1788.39 4 0
github.com/nexushunter-ai/nexushunter-ai/backend/internal/storage/memory.go:1788.39,1789.32 1 0
github.com/nexushunter-ai/nexushunter-ai/backend/internal/storage/memory.go:1789.32,1792.4 2 0
github.com/nexushunter-ai/nexushunter-ai/backend/internal/storage/memory.go:1794.2,1794.17 1 0
github.com/nexushunter-ai/nexushunter-ai/backend/internal/storage/memory.go:1797.109,1803.2 5 0
github.com/nexushunter-ai/nexushunter-ai/backend/internal/storage/memory.go:1805.136,1809.55 4 0
github.com/nexushunter-ai/nexushunter-ai/backend/internal/storage/memory.go:1809.55,1810.46 1 0
github.com/nexushunter-ai/nexushunter-ai/backend/internal/storage/memory.go:1810.46,1813.4 2 0
github.com/nexushunter-ai/nexushunter-ai/backend/internal/storage/memory.go:1815.2,1815.17 1 0
github.com/nexushunter-ai/nexushunter-ai/backend/internal/storage/memory.go:1818.113,1824.2 5 0
github.com/nexushunter-ai/nexushunter-ai/backend/internal/storage/memory.go:1826.121,1830.9 4 0
github.com/nexushunter-ai/nexushunter-ai/backend/internal/storage/memory.go:1830.9,1832.3 1 0
github.com/nexushunter-ai/nexushunter-ai/backend/internal/storage/memory.go:1833.2,1834.17 2 0
github.com/nexushunter-ai/nexushunter-ai/backend/internal/storage/memory.go:1837.140,1841.39 4 0
github.com/nexushunter-ai/nexushunter-ai/backend/internal/storage/memory.go:1841.39,1842.31 1 0
github.com/nexushunter-ai/nexushunter-ai/backend/internal/storage/memory.go:1842.31,1843.47 1 0
github.com/nexushunter-ai/nexushunter-ai/backend/internal/storage/memory.go:1843.47,1846.5 2 0
github.com/nexushunter-ai/nexushunter-ai/backend/internal/storage/memory.go:1849.2,1849.17 1 0
github.com/nexushunter-ai/nexushunter-ai/backend/internal/storage/memory.go:1852.101,1858.2 5 0
github.com/nexushunter-ai/nexushunter-ai/backend/internal/storage/memory.go:1860.128,1864.43 4 0
github.com/nexushunter-ai/nexushunter-ai/backend/internal/storage/memory.go:1864.43,1865.46 1 0
github.com/nexushunter-ai/nexushunter-ai/backend/internal/storage/memory.go:1865.46,1868.4 2 0
github.com/nexushunter-ai/nexushunter-ai/backend/internal/storage/memory.go:1870.2,1870.17 1 0
github.com/nexushunter-ai/nexushunter-ai/backend/internal/storage/memory.go:1873.106,1879.2 5 0
github.com/nexushunter-ai/nexushunter-ai/backend/internal/storage/memory.go:1881.143,1884.16 3 0
github.com/nexushunter-ai/nexushunter-ai/backend/internal/storage/memory.go:1884.16,1886.3 1 0
github.com/nexushunter-ai/nexushunter-ai/backend/internal/storage/memory.go:1887.2,1888.50 2 0
github.com/nexushunter-ai/nexushunter-ai/backend/internal/storage/memory.go:1888.50,1890.50 2 0
github.com/nexushunter-ai/nexushunter-ai/backend/internal/storage/memory.go:1890.50,1891.12 1 0
github.com/nexushunter-ai/nexushunter-ai/backend/internal/storage/memory.go:1893.3,1893.47 1 0
github.com/nexushunter-ai/nexushunter-ai/backend/internal/storage/memory.go:1893.47,1894.12 1 0
github.com/nexushunter-ai/nexushunter-ai/backend/internal/storage/memory.go:1896.3,1898.24 3 0
github.com/nexushunter-ai/nexushunter-ai/backend/internal/storage/memory.go:1898.24,1899.9 1 0
github.com/nexushunter-ai/nexushunter-ai/backend/internal/storage/memory.go:1902.2,1902.17 1 0
github.com/nexushunter-ai/nexushunter-ai/backend/internal/storage/memory.go:1907.101,1911.27 4 0
github.com/nexushunter-ai/nexushunter-ai/backend/internal/storage/memory.go:1911.27,1913.3 1 0
github.com/nexushunter-ai/nexushunter-ai/backend/internal/storage/memory.go:1914.2,1916.12 3 0
github.com/nexushunter-ai/nexushunter-ai/backend/internal/storage/memory.go:1919.109,1923.13 4 0
github.com/nexushunter-ai/nexushunter-ai/backend/internal/storage/memory.go:1923.13,1925.3 1 0
github.com/nexushunter-ai/nexushunter-ai/backend/internal/storage/memory.go:1926.2,1927.17 2 0
github.com/nexushunter-ai/nexushunter-ai/backend/internal/storage/memory.go:1930.128,1934.41 4 0
github.com/nexushunter-ai/nexushunter-ai/backend/internal/storage/memory.go:1934.41,1935.49 1 0
github.com/nexushunter-ai/nexushunter-ai/backend/internal/storage/memory.go:1935.49,1936.12 1 0
github.com/nexushunter-ai/nexushunter-ai/backend/internal/storage/memory.go:1938.3,1938.46 1 0
github.com/nexushunter-ai/nexushunter-ai/backend/internal/storage/memory.go:1938.46,1939.12 1 0
github.com/nexushunter-ai/nexushunter-ai/backend/internal/storage/memory.go:1941.3,1942.25 2 0
github.com/nexushunter-ai/nexushunter-ai/backend/internal/storage/memory.go:1944.2,1944.38 1 0
github.com/nexushunter-ai/nexushunter-ai/backend/internal/storage/memory.go:1944.38,1946.3 1 0
github.com/nexushunter-ai/nexushunter-ai/backend/internal/storage/memory.go:1947.2,1947.17 1 0
github.com/nexushunter-ai/nexushunter-ai/backend/internal/storage/memory.go:1950.110,1954.13 4 0
github.com/nexushunter-ai/nexushunter-ai/backend/internal/storage/memory.go:1954.13,1956.3 1 0
github.com/nexushunter-ai/nexushunter-ai/backend/internal/storage/memory.go:1957.2,1959.12 3 0
github.com/nexushunter-ai/nexushunter-ai/backend/internal/storage/memory.go:1962.103,1966.27 4 0
github.com/nexushunter-ai/nexushunter-ai/backend/internal/storage/memory.go:1966.27,1968.3 1 0
github.com/nexushunter-ai/nexushunter-ai/backend/internal/storage/memory.go:1969.2,1971.12 3 0
github.com/nexushunter-ai/nexushunter-ai/backend/internal/storage/memory.go:1974.109,1978.13 4 0
github.com/nexushunter-ai/nexushunter-ai/backend/internal/storage/memory.go:1978.13,1980.3 1 0
github.com/nexushunter-ai/nexushunter-ai/backend/internal/storage/memory.go:1981.2,1983.35 2 0
github.com/nexushunter-ai/nexushunter-ai/backend/internal/storage/memory.go:1983.35,1984.27 1 0
github.com/nexushunter-ai/nexushunter-ai/backend/internal/storage/memory.go:1984.27,1989.4 4 0
github.com/nexushunter-ai/nexushunter-ai/backend/internal/storage/memory.go:1991.2,1991.17 1 0
github.com/nexushunter-ai/nexushunter-ai/backend/internal/storage/memory.go:1994.119,1998.41 4 0
github.com/nexushunter-ai/nexushunter-ai/backend/internal/storage/memory.go:1998.41,1999.49 1 0
github.com/nexushunter-ai/nexushunter-ai/backend/internal/storage/memory.go:1999.49,2000.12 1 0
github.com/nexushunter-ai/nexushunter-ai/backend/internal/storage/memory.go:2002.3,2003.36 2 0
github.com/nexushunter-ai/nexushunter-ai/backend/internal/storage/memory.go:2003.36,2004.28 1 0
github.com/nexushunter-ai/nexushunter-ai/backend/internal/storage/memory.go:2004.28,2009.5 4 0
github.com/nexushunter-ai/nexushunter-ai/backend/internal/storage/memory.go:2011.3,2011.25 1 0
github.com/nexushunter-ai/nexushunter-ai/backend/internal/storage/memory.go:2013.2,2013.38 1 0
github.com/nexushunter-ai/nexushunter-ai/backend/internal/storage/memory.go:2013.38,2015.3 1 0
github.com/nexushunter-ai/nexushunter-ai/backend/internal/storage/memory.go:2016.2,2016.17 1 0
github.com/nexushunter-ai/nexushunter-ai/backend/internal/storage/memory.go:2019.91,2023.27 4 0
github.com/nexushunter-ai/nexushunter-ai/backend/internal/storage/memory.go:2023.27,2025.3 1 0
github.com/nexushunter-ai/nexushunter-ai/backend/internal/storage/memory.go:2026.2,2030.42 3 0
github.com/nexushunter-ai/nexushunter-ai/backend/internal/storage/memory.go:2030.42,2031.49 1 0
github.com/nexushunter-ai/nexushunter-ai/backend/internal/storage/memory.go:2031.49,2034.4 2 0
github.com/nexushunter-ai/nexushunter-ai/backend/internal/storage/memory.go:2036.2,2036.34 1 0
github.com/nexushunter-ai/nexushunter-ai/backend/internal/storage/memory.go:2036.34,2037.43 1 0
github.com/nexushunter-ai/nexushunter-ai/backend/internal/storage/memory.go:2037.43,2040.4 2 0
github.com/nexushunter-ai/nexushunter-ai/backend/internal/storage/memory.go:2042.2,2042.12 1 0
github.com/nexushunter-ai/nexushunter-ai/backend/internal/storage/memory.go:2045.99,2049.13 4 0
github.com/nexushunter-ai/nexushunter-ai/backend/internal/storage/memory.go:2049.13,2051.3 1 0
github.com/nexushunter-ai/nexushunter-ai/backend/internal/storage/memory.go:2052.2,2055.17 4 0
github.com/nexushunter-ai/nexushunter-ai/backend/internal/storage/memory.go:2058.108,2062.35 4 0
github.com/nexushunter-ai/nexushunter-ai/backend/internal/storage/memory.go:2062.35,2063.49 1 0
github.com/nexushunter-ai/nexushunter-ai/backend/internal/storage/memory.go:2063.49,2064.12 1 0
github.com/nexushunter-ai/nexushunter-ai/backend/internal/storage/memory.go:2066.3,2069.25 4 0
github.com/nexushunter-ai/nexushunter-ai/backend/internal/storage/memory.go:2071.2,2071.38 1 0
github.com/nexushunter-ai/nexushunter-ai/backend/internal/storage/memory.go:2071.38,2073.3 1 0
github.com/nexushunter-ai/nexushunter-ai/backend/internal/storage/memory.go:2074.2,2074.17 1 0
github.com/nexushunter-ai/nexushunter-ai/backend/internal/storage/memory.go:2077.114,2081.35 4 0
github.com/nexushunter-ai/nexushunter-ai/backend/internal/storage/memory.go:2081.35,2082.29 1 0
github.com/nexushunter-ai/nexushunter-ai/backend/internal/storage/memory.go:2082.29,2083.12 1 0
github.com/nexushunter-ai/nexushunter-ai/backend/internal/storage/memory.go:2085.3,2088.25 4 0
github.com/nexushunter-ai/nexushunter-ai/backend/internal/storage/memory.go:2090.2,2090.17 1 0
github.com/nexushunter-ai/nexushunter-ai/backend/internal/storage/memory.go:2093.118,2097.13 4 0
github.com/nexushunter-ai/nexushunter-ai/backend/internal/storage/memory.go:2097.13,2099.3 1 0
github.com/nexushunter-ai/nexushunter-ai/backend/internal/storage/memory.go:2100.2,2102.12 3 0
github.com/nexushunter-ai/nexushunter-ai/backend/internal/storage/memory.go:2105.170,2109.13 4 0
github.com/nexushunter-ai/nexushunter-ai/backend/internal/storage/memory.go:2109.13,2111.3 1 0
github.com/nexushunter-ai/nexushunter-ai/backend/internal/storage/memory.go:2112.2,2112.34 1 0
github.com/nexushunter-ai/nexushunter-ai/backend/internal/storage/memory.go:2112.34,2114.3 1 0
github.com/nexushunter-ai/nexushunter-ai/backend/internal/storage/memory.go:2115.2,2117.12 3 0
github.com/nexushunter-ai/nexushunter-ai/backend/internal/storage/memory.go:2120.116,2126.2 5 0
github.com/nexushunter-ai/nexushunter-ai/backend/internal/storage/memory.go:2128.137,2132.54 4 0
github.com/nexushunter-ai/nexushunter-ai/backend/internal/storage/memory.go:2132.54,2135.3 2 0
github.com/nexushunter-ai/nexushunter-ai/backend/internal/storage/memory.go:2136.2,2136.17 1 0
github.com/nexushunter-ai/nexushunter-ai/backend/internal/storage/memory.go:2139.109,2143.27 4 0
github.com/nexushunter-ai/nexushunter-ai/backend/internal/storage/memory.go:2143.27,2145.3 1 0
github.com/nexushunter-ai/nexushunter-ai/backend/internal/storage/memory.go:2146.2,2147.12 2 0
github.com/nexushunter-ai/nexushunter-ai/backend/internal/storage/memory.go:2150.131,2154.60 4 0
github.com/nexushunter-ai/nexushunter-ai/backend/internal/storage/memory.go:2154.60,2157.3 2 0
github.com/nexushunter-ai/nexushunter-ai/backend/internal/storage/memory.go:2158.2,2158.17 1 0
github.com/nexushunter-ai/nexushunter-ai/backend/internal/storage/memory.go:2161.149,2164.46 3 0
github.com/nexushunter-ai/nexushunter-ai/backend/internal/storage/memory.go:2164.46,2165.28 1 0
github.com/nexushunter-ai/nexushunter-ai/backend/internal/storage/memory.go:2165.28,2166.20 1 0
github.com/nexushunter-ai/nexushunter-ai/backend/internal/storage/memory.go:2166.20,2168.27 2 0
github.com/nexushunter-ai/nexushunter-ai/backend/internal/storage/memory.go:2168.27,2170.6 1 0
github.com/nexushunter-ai/nexushunter-ai/backend/internal/storage/memory.go:2171.5,2171.15 1 0
github.com/nexushunter-ai/nexushunter-ai/backend/internal/storage/memory.go:2175.2,2175.20 1 0
github.com/nexushunter-ai/nexushunter-ai/backend/internal/storage/memory.go:2178.97,2182.27 4 0
github.com/nexushunter-ai/nexushunter-ai/backend/internal/storage/memory.go:2182.27,2184.3 1 0
github.com/nexushunter-ai/nexushunter-ai/backend/internal/storage/memory.go:2185.2,2186.12 2 0
github.com/nexushunter-ai/nexushunter-ai/backend/internal/storage/memory.go:2189.105,2193.13 4 0
github.com/nexushunter-ai/nexushunter-ai/backend/internal/storage/memory.go:2193.13,2195.3 1 0
github.com/nexushunter-ai/nexushunter-ai/backend/internal/storage/memory.go:2196.2,2197.17 2 0
github.com/nexushunter-ai/nexushunter-ai/backend/internal/storage/memory.go:2200.115,2204.39 4 0
github.com/nexushunter-ai/nexushunter-ai/backend/internal/storage/memory.go:2204.39,2205.49 1 0
github.com/nexushunter-ai/nexushunter-ai/backend/internal/storage/memory.go:2205.49,2206.12 1 0
github.com/nexushunter-ai/nexushunter-ai/backend/internal/storage/memory.go:2208.3,2209.25 2 0
github.com/nexushunter-ai/nexushunter-ai/backend/internal/storage/memory.go:2211.2,2211.38 1 0
github.com/nexushunter-ai/nexushunter-ai/backend/internal/storage/memory.go:2211.38,2213.3 1 0
github.com/nexushunter-ai/nexushunter-ai/backend/internal/storage/memory.go:2214.2,2214.17 1 0
github.com/nexushunter-ai/nexushunter-ai/backend/internal/storage/memory.go:2217.139,2221.13 4 0
github.com/nexushunter-ai/nexushunter-ai/backend/internal/storage/memory.go:2221.13,2223.3 1 0
github.com/nexushunter-ai/nexushunter-ai/backend/internal/storage/memory.go:2224.2,2225.18 2 0
github.com/nexushunter-ai/nexushunter-ai/backend/internal/storage/memory.go:2225.18,2227.3 1 0
github.com/nexushunter-ai/nexushunter-ai/backend/internal/storage/memory.go:2228.2,2228.116 1 0
github.com/nexushunter-ai/nexushunter-ai/backend/internal/storage/memory.go:2228.116,2231.3 2 0
github.com/nexushunter-ai/nexushunter-ai/backend/internal/storage/memory.go:2232.2,2232.12 1 0
github.com/nexushunter-ai/nexushunter-ai/backend/internal/storage/memory.go:2235.96,2239.27 4 0
github.com/nexushunter-ai/nexushunter-ai/backend/internal/storage/memory.go:2239.27,2241.3 1 0
github.com/nexushunter-ai/nexushunter-ai/backend/internal/storage/memory.go:2242.2,2243.12 2 0
github.com/nexushunter-ai/nexushunter-ai/backend/internal/storage/memory.go:2246.125,2250.49 4 0
github.com/nexushunter-ai/nexushunter-ai/backend/internal/storage/memory.go:2250.49,2251.45 1 0
github.com/nexushunter-ai/nexushunter-ai/backend/internal/storage/memory.go:2251.45,2252.12 1 0
github.com/nexushunter-ai/nexushunter-ai/backend/internal/storage/memory.go:2254.3,2255.25 2 0
github.com/nexushunter-ai/nexushunter-ai/backend/internal/storage/memory.go:2257.2,2257.17 1 0
github.com/nexushunter-ai/nexushunter-ai/backend/internal/storage/memory.go:2260.92,2264.27 4 0
github.com/nexushunter-ai/nexushunter-ai/backend/internal/storage/memory.go:2264.27,2266.3 1 0
github.com/nexushunter-ai/nexushunter-ai/backend/internal/storage/memory.go:2267.2,2268.12 2 0
github.com/nexushunter-ai/nexushunter-ai/backend/internal/storage/memory.go:2271.111,2275.46 4 0
github.com/nexushunter-ai/nexushunter-ai/backend/internal/storage/memory.go:2275.46,2278.3 2 0
github.com/nexushunter-ai/nexushunter-ai/backend/internal/storage/memory.go:2279.2,2279.17 1 0
github.com/nexushunter-ai/nexushunter-ai/backend/internal/storage/memory.go:2282.115,2286.28 4 0
github.com/nexushunter-ai/nexushunter-ai/backend/internal/storage/memory.go:2286.28,2288.3 1 0
github.com/nexushunter-ai/nexushunter-ai/backend/internal/storage/memory.go:2289.2,2290.12 2 0
github.com/nexushunter-ai/nexushunter-ai/backend/internal/storage/memory.go:2293.134,2297.53 4 0
github.com/nexushunter-ai/nexushunter-ai/backend/internal/storage/memory.go:2297.53,2298.48 1 0
github.com/nexushunter-ai/nexushunter-ai/backend/internal/storage/memory.go:2298.48,2299.12 1 0
github.com/nexushunter-ai/nexushunter-ai/backend/internal/storage/memory.go:2301.3,2302.25 2 0
github.com/nexushunter-ai/nexushunter-ai/backend/internal/storage/memory.go:2304.2,2304.17 1 0
github.com/nexushunter-ai/nexushunter-ai/backend/internal/storage/memory.go:2307.106,2311.29 4 0
github.com/nexushunter-ai/nexushunter-ai/backend/internal/storage/memory.go:2311.29,2313.3 1 0
github.com/nexushunter-ai/nexushunter-ai/backend/internal/storage/memory.go:2314.2,2315.12 2 0
github.com/nexushunter-ai/nexushunter-ai/backend/internal/storage/memory.go:2318.134,2322.50 4 0
github.com/nexushunter-ai/nexushunter-ai/backend/internal/storage/memory.go:2322.50,2323.45 1 0
github.com/nexushunter-ai/nexushunter-ai/backend/internal/storage/memory.go:2323.45,2324.12 1 0
github.com/nexushunter-ai/nexushunter-ai/backend/internal/storage/memory.go:2326.3,2327.25 2 0
github.com/nexushunter-ai/nexushunter-ai/backend/internal/storage/memory.go:2329.2,2329.17 1 0
github.com/nexushunter-ai/nexushunter-ai/backend/internal/storage/memory.go:2332.97,2336.27 4 0
github.com/nexushunter-ai/nexushunter-ai/backend/internal/storage/memory.go:2336.27,2338.3 1 0
github.com/nexushunter-ai/nexushunter-ai/backend/internal/storage/memory.go:2339.2,2340.12 2 0
github.com/nexushunter-ai/nexushunter-ai/backend/internal/storage/memory.go:2343.91,2345.48 2 0
github.com/nexushunter-ai/nexushunter-ai/backend/internal/storage/memory.go:2345.48,2347.3 1 0
github.com/nexushunter-ai/nexushunter-ai/backend/internal/storage/memory.go:2348.2,2348.12 1 0
github.com/nexushunter-ai/nexushunter-ai/backend/internal/storage/memory.go:2351.86,2353.54 2 0
github.com/nexushunter-ai/nexushunter-ai/backend/internal/storage/memory.go:2353.54,2355.3 1 0
github.com/nexushunter-ai/nexushunter-ai/backend/internal/storage/memory.go:2356.2,2356.12 1 0
github.com/nexushunter-ai/nexushunter-ai/backend/internal/storage/memory.go:2363.103,2369.2 5 1
github.com/nexushunter-ai/nexushunter-ai/backend/internal/storage/memory.go:2371.108,2375.13 4 1
github.com/nexushunter-ai/nexushunter-ai/backend/internal/storage/memory.go:2375.13,2377.3 1 0
github.com/nexushunter-ai/nexushunter-ai/backend/internal/storage/memory.go:2378.2,2379.17 2 1
github.com/nexushunter-ai/nexushunter-ai/backend/internal/storage/memory.go:2382.101,2386.37 4 0
github.com/nexushunter-ai/nexushunter-ai/backend/internal/storage/memory.go:2386.37,2389.3 2 0
github.com/nexushunter-ai/nexushunter-ai/backend/internal/storage/memory.go:2390.2,2390.38 1 0
github.com/nexushunter-ai/nexushunter-ai/backend/internal/storage/memory.go:2390.38,2392.3 1 0
github.com/nexushunter-ai/nexushunter-ai/backend/internal/storage/memory.go:2393.2,2393.17 1 0
github.com/nexushunter-ai/nexushunter-ai/backend/internal/storage/memory.go:2396.127,2398.2 1 0
github.com/nexushunter-ai/nexushunter-ai/backend/internal/storage/memory.go:2400.157,2403.42 3 0
github.com/nexushunter-ai/nexushunter-ai/backend/internal/storage/memory.go:2403.42,2405.3 1 0
github.com/nexushunter-ai/nexushunter-ai/backend/internal/storage/memory.go:2406.2,2407.13 2 0
github.com/nexushunter-ai/nexushunter-ai/backend/internal/storage/memory.go:2407.13,2409.3 1 0
github.com/nexushunter-ai/nexushunter-ai/backend/internal/storage/memory.go:2410.2,2410.31 1 0
github.com/nexushunter-ai/nexushunter-ai/backend/internal/storage/memory.go:2410.31,2412.3 1 0
github.com/nexushunter-ai/nexushunter-ai/backend/internal/storage/memory.go:2413.2,2419.12 7 0
github.com/nexushunter-ai/nexushunter-ai/backend/internal/storage/memory.go:2432.54,2437.13 4 1
github.com/nexushunter-ai/nexushunter-ai/backend/internal/storage/memory.go:2437.13,2439.3 1 0
github.com/nexushunter-ai/nexushunter-ai/backend/internal/storage/memory.go:2440.2,2440.31 1 1
github.com/nexushunter-ai/nexushunter-ai/backend/internal/storage/memory.go:2440.31,2442.3 1 1
github.com/nexushunter-ai/nexushunter-ai/backend/internal/storage/memory.go:2443.2,2443.30 1 1
github.com/nexushunter-ai/nexushunter-ai/backend/internal/storage/memory.go:2443.30,2445.3 1 0
github.com/nexushunter-ai/nexushunter-ai/backend/internal/storage/memory.go:2447.2,2447.77 1 1
github.com/nexushunter-ai/nexushunter-ai/backend/internal/storage/memory.go:2447.77,2449.3 1 0
github.com/nexushunter-ai/nexushunter-ai/backend/internal/storage/memory.go:2450.2,2450.63 1 1
github.com/nexushunter-ai/nexushunter-ai/backend/internal/storage/memory.go:2450.63,2452.3 1 0
github.com/nexushunter-ai/nexushunter-ai/backend/internal/storage/memory.go:2455.2,2456.39 2 1
github.com/nexushunter-ai/nexushunter-ai/backend/internal/storage/memory.go:2456.39,2457.50 1 1
github.com/nexushunter-ai/nexushunter-ai/backend/internal/storage/memory.go:2457.50,2459.9 2 1
github.com/nexushunter-ai/nexushunter-ai/backend/internal/storage/memory.go:2462.2,2462.21 1 1
github.com/nexushunter-ai/nexushunter-ai/backend/internal/storage/memory.go:2462.21,2464.3 1 1
github.com/nexushunter-ai/nexushunter-ai/backend/internal/storage/memory.go:2466.2,2466.19 1 1
github.com/nexushunter-ai/nexushunter-ai/backend/internal/storage/memory.go:2466.19,2468.3 1 0
github.com/nexushunter-ai/nexushunter-ai/backend/internal/storage/memory.go:2471.2,2471.47 1 1
github.com/nexushunter-ai/nexushunter-ai/backend/internal/storage/memory.go:2471.47,2473.3 1 0
github.com/nexushunter-ai/nexushunter-ai/backend/internal/storage/memory.go:2475.2,2506.31 24 1
github.com/nexushunter-ai/nexushunter-ai/backend/internal/storage/memory.go:2506.31,2508.3 1 1
github.com/nexushunter-ai/nexushunter-ai/backend/internal/storage/memory.go:2510.2,2511.35 2 1
github.com/nexushunter-ai/nexushunter-ai/backend/internal/storage/memory.go:2518.87,2524.2 5 0
github.com/nexushunter-ai/nexushunter-ai/backend/internal/storage/memory.go:2526.93,2530.13 4 0
github.com/nexushunter-ai/nexushunter-ai/backend/internal/storage/memory.go:2530.13,2532.3 1 0
github.com/nexushunter-ai/nexushunter-ai/backend/internal/storage/memory.go:2533.2,2534.17 2 0
github.com/nexushunter-ai/nexushunter-ai/backend/internal/storage/memory.go:2537.112,2541.31 4 0
github.com/nexushunter-ai/nexushunter-ai/backend/internal/storage/memory.go:2541.31,2542.29 1 0
github.com/nexushunter-ai/nexushunter-ai/backend/internal/storage/memory.go:2542.29,2543.45 1 0
github.com/nexushunter-ai/nexushunter-ai/backend/internal/storage/memory.go:2543.45,2546.5 2 0
github.com/nexushunter-ai/nexushunter-ai/backend/internal/storage/memory.go:2549.2,2549.38 1 0
github.com/nexushunter-ai/nexushunter-ai/backend/internal/storage/memory.go:2549.38,2551.3 1 0
github.com/nexushunter-ai/nexushunter-ai/backend/internal/storage/memory.go:2552.2,2552.17 1 0
github.com/nexushunter-ai/nexushunter-ai/backend/internal/storage/memory.go:2555.93,2561.2 5 0
github.com/nexushunter-ai/nexushunter-ai/backend/internal/storage/memory.go:2563.122,2567.47 4 0
github.com/nexushunter-ai/nexushunter-ai/backend/internal/storage/memory.go:2567.47,2568.52 1 0
github.com/nexushunter-ai/nexushunter-ai/backend/internal/storage/memory.go:2568.52,2571.4 2 0
github.com/nexushunter-ai/nexushunter-ai/backend/internal/storage/memory.go:2573.2,2573.38 1 0
github.com/nexushunter-ai/nexushunter-ai/backend/internal/storage/memory.go:2573.38,2575.3 1 0
github.com/nexushunter-ai/nexushunter-ai/backend/internal/storage/memory.go:2576.2,2576.17 1 0
github.com/nexushunter-ai/nexushunter-ai/backend/internal/storage/memory.go:2579.103,2585.2 5 0
github.com/nexushunter-ai/nexushunter-ai/backend/internal/storage/memory.go:2587.130,2591.44 4 0
github.com/nexushunter-ai/nexushunter-ai/backend/internal/storage/memory.go:2591.44,2592.46 1 0
github.com/nexushunter-ai/nexushunter-ai/backend/internal/storage/memory.go:2592.46,2595.4 2 0
github.com/nexushunter-ai/nexushunter-ai/backend/internal/storage/memory.go:2597.2,2597.38 1 0
github.com/nexushunter-ai/nexushunter-ai/backend/internal/storage/memory.go:2597.38,2599.3 1 0
github.com/nexushunter-ai/nexushunter-ai/backend/internal/storage/memory.go:2600.2,2600.17 1 0
github.com/nexushunter-ai/nexushunter-ai/backend/internal/storage/memory.go:2607.99,2613.2 5 0
github.com/nexushunter-ai/nexushunter-ai/backend/internal/storage/memory.go:2615.107,2618.41 3 0
github.com/nexushunter-ai/nexushunter-ai/backend/internal/storage/memory.go:2618.41,2619.26 1 0
github.com/nexushunter-ai/nexushunter-ai/backend/internal/storage/memory.go:2619.26,2620.18 1 0
github.com/nexushunter-ai/nexushunter-ai/backend/internal/storage/memory.go:2620.18,2623.5 2 0
github.com/nexushunter-ai/nexushunter-ai/backend/internal/storage/memory.go:2626.2,2626.25 1 0
github.com/nexushunter-ai/nexushunter-ai/backend/internal/storage/memory.go:2629.126,2633.50 4 0
github.com/nexushunter-ai/nexushunter-ai/backend/internal/storage/memory.go:2633.50,2634.46 1 0
github.com/nexushunter-ai/nexushunter-ai/backend/internal/storage/memory.go:2634.46,2637.4 2 0
github.com/nexushunter-ai/nexushunter-ai/backend/internal/storage/memory.go:2639.2,2639.38 1 0
github.com/nexushunter-ai/nexushunter-ai/backend/internal/storage/memory.go:2639.38,2641.3 1 0
github.com/nexushunter-ai/nexushunter-ai/backend/internal/storage/memory.go:2642.2,2642.17 1 0
github.com/nexushunter-ai/nexushunter-ai/backend/internal/storage/memory.go:2645.139,2648.41 3 0
github.com/nexushunter-ai/nexushunter-ai/backend/internal/storage/memory.go:2648.41,2649.26 1 0
github.com/nexushunter-ai/nexushunter-ai/backend/internal/storage/memory.go:2649.26,2650.18 1 0
github.com/nexushunter-ai/nexushunter-ai/backend/internal/storage/memory.go:2650.18,2655.5 4 0
github.com/nexushunter-ai/nexushunter-ai/backend/internal/storage/memory.go:2658.2,2658.20 1 0
github.com/nexushunter-ai/nexushunter-ai/backend/internal/storage/memory.go:2665.99,2672.2 6 0
github.com/nexushunter-ai/nexushunter-ai/backend/internal/storage/memory.go:2674.122,2679.13 5 0
github.com/nexushunter-ai/nexushunter-ai/backend/internal/storage/memory.go:2679.13,2681.3 1 0
github.com/nexushunter-ai/nexushunter-ai/backend/internal/storage/memory.go:2682.2,2683.17 2 0
github.com/nexushunter-ai/nexushunter-ai/backend/internal/storage/memory.go:2686.117,2690.40 4 0
github.com/nexushunter-ai/nexushunter-ai/backend/internal/storage/memory.go:2690.40,2691.31 1 0
github.com/nexushunter-ai/nexushunter-ai/backend/internal/storage/memory.go:2691.31,2694.4 2 0
github.com/nexushunter-ai/nexushunter-ai/backend/internal/storage/memory.go:2696.2,2696.38 1 0
github.com/nexushunter-ai/nexushunter-ai/backend/internal/storage/memory.go:2696.38,2698.3 1 0
github.com/nexushunter-ai/nexushunter-ai/backend/internal/storage/memory.go:2699.2,2699.17 1 0
github.com/nexushunter-ai/nexushunter-ai/backend/internal/storage/memory.go:2706.106,2712.2 5 0
github.com/nexushunter-ai/nexushunter-ai/backend/internal/storage/memory.go:2714.113,2718.13 4 0
github.com/nexushunter-ai/nexushunter-ai/backend/internal/storage/memory.go:2718.13,2720.3 1 0
github.com/nexushunter-ai/nexushunter-ai/backend/internal/storage/memory.go:2721.2,2722.17 2 0
github.com/nexushunter-ai/nexushunter-ai/backend/internal/storage/memory.go:2725.132,2729.41 4 0
github.com/nexushunter-ai/nexushunter-ai/backend/internal/storage/memory.go:2729.41,2730.29 1 0
github.com/nexushunter-ai/nexushunter-ai/backend/internal/storage/memory.go:2730.29,2731.45 1 0
github.com/nexushunter-ai/nexushunter-ai/backend/internal/storage/memory.go:2731.45,2734.5 2 0
github.com/nexushunter-ai/nexushunter-ai/backend/internal/storage/memory.go:2737.2,2737.38 1 0
github.com/nexushunter-ai/nexushunter-ai/backend/internal/storage/memory.go:2737.38,2739.3 1 0
github.com/nexushunter-ai/nexushunter-ai/backend/internal/storage/memory.go:2740.2,2740.17 1 0
github.com/nexushunter-ai/nexushunter-ai/backend/internal/storage/memory.go:2743.99,2747.13 4 0
github.com/nexushunter-ai/nexushunter-ai/backend/internal/storage/memory.go:2747.13,2749.3 1 0
github.com/nexushunter-ai/nexushunter-ai/backend/internal/storage/memory.go:2750.2,2750.28 1 0
github.com/nexushunter-ai/nexushunter-ai/backend/internal/storage/memory.go:2750.28,2751.45 1 0
github.com/nexushunter-ai/nexushunter-ai/backend/internal/storage/memory.go:2751.45,2759.4 7 0
github.com/nexushunter-ai/nexushunter-ai/backend/internal/storage/memory.go:2761.2,2761.20 1 0
github.com/nexushunter-ai/nexushunter-ai/backend/internal/storage/memory.go:2764.99,2768.13 4 0
github.com/nexushunter-ai/nexushunter-ai/backend/internal/storage/memory.go:2768.13,2770.3 1 0
github.com/nexushunter-ai/nexushunter-ai/backend/internal/storage/memory.go:2771.2,2773.12 3 0
github.com/nexushunter-ai/nexushunter-ai/backend/internal/storage/postgres.go:22.54,24.2 1 0
github.com/nexushunter-ai/nexushunter-ai/backend/internal/storage/postgres.go:27.84,29.25 2 0
github.com/nexushunter-ai/nexushunter-ai/backend/internal/storage/postgres.go:29.25,31.3 1 0
github.com/nexushunter-ai/nexushunter-ai/backend/internal/storage/postgres.go:32.2,33.23 2 0
github.com/nexushunter-ai/nexushunter-ai/backend/internal/storage/postgres.go:33.23,35.3 1 0
github.com/nexushunter-ai/nexushunter-ai/backend/internal/storage/postgres.go:37.2,38.27 2 0
github.com/nexushunter-ai/nexushunter-ai/backend/internal/storage/postgres.go:38.27,40.3 1 0
github.com/nexushunter-ai/nexushunter-ai/backend/internal/storage/postgres.go:41.2,42.24 2 0
github.com/nexushunter-ai/nexushunter-ai/backend/internal/storage/postgres.go:42.24,44.3 1 0
github.com/nexushunter-ai/nexushunter-ai/backend/internal/storage/postgres.go:45.2,46.29 2 0
github.com/nexushunter-ai/nexushunter-ai/backend/internal/storage/postgres.go:46.29,48.3 1 0
github.com/nexushunter-ai/nexushunter-ai/backend/internal/storage/postgres.go:50.2,76.16 3 0
github.com/nexushunter-ai/nexushunter-ai/backend/internal/storage/postgres.go:76.16,78.3 1 0
github.com/nexushunter-ai/nexushunter-ai/backend/internal/storage/postgres.go:79.2,79.12 1 0
github.com/nexushunter-ai/nexushunter-ai/backend/internal/storage/postgres.go:83.91,102.35 6 0
github.com/nexushunter-ai/nexushunter-ai/backend/internal/storage/postgres.go:102.35,104.3 1 0
github.com/nexushunter-ai/nexushunter-ai/backend/internal/storage/postgres.go:104.8,104.23 1 0
github.com/nexushunter-ai/nexushunter-ai/backend/internal/storage/postgres.go:104.23,106.3 1 0
github.com/nexushunter-ai/nexushunter-ai/backend/internal/storage/postgres.go:108.2,114.16 6 0
github.com/nexushunter-ai/nexushunter-ai/backend/internal/storage/postgres.go:118.79,127.16 3 0
github.com/nexushunter-ai/nexushunter-ai/backend/internal/storage/postgres.go:127.16,129.3 1 0
github.com/nexushunter-ai/nexushunter-ai/backend/internal/storage/postgres.go:130.2,133.18 3 0
github.com/nexushunter-ai/nexushunter-ai/backend/internal/storage/postgres.go:133.18,142.17 3 0
github.com/nexushunter-ai/nexushunter-ai/backend/internal/storage/postgres.go:142.17,144.4 1 0
github.com/nexushunter-ai/nexushunter-ai/backend/internal/storage/postgres.go:145.3,150.32 6 0
github.com/nexushunter-ai/nexushunter-ai/backend/internal/storage/postgres.go:152.2,152.35 1 0
github.com/nexushunter-ai/nexushunter-ai/backend/internal/storage/postgres.go:152.35,154.3 1 0
github.com/nexushunter-ai/nexushunter-ai/backend/internal/storage/postgres.go:155.2,155.21 1 0
github.com/nexushunter-ai/nexushunter-ai/backend/internal/storage/postgres.go:159.72,161.16 2 0
github.com/nexushunter-ai/nexushunter-ai/backend/internal/storage/postgres.go:161.16,163.3 1 0
github.com/nexushunter-ai/nexushunter-ai/backend/internal/storage/postgres.go:164.2,165.16 2 0
github.com/nexushunter-ai/nexushunter-ai/backend/internal/storage/postgres.go:165.16,167.3 1 0
github.com/nexushunter-ai/nexushunter-ai/backend/internal/storage/postgres.go:168.2,168.15 1 0
github.com/nexushunter-ai/nexushunter-ai/backend/internal/storage/postgres.go:168.15,170.3 1 0
github.com/nexushunter-ai/nexushunter-ai/backend/internal/storage/postgres.go:171.2,171.12 1 0
github.com/nexushunter-ai/nexushunter-ai/backend/internal/storage/postgres.go:175.84,191.16 3 0
github.com/nexushunter-ai/nexushunter-ai/backend/internal/storage/postgres.go:191.16,193.3 1 0
github.com/nexushunter-ai/nexushunter-ai/backend/internal/storage/postgres.go:194.2,195.16 2 0
github.com/nexushunter-ai/nexushunter-ai/backend/internal/storage/postgres.go:195.16,197.3 1 0
github.com/nexushunter-ai/nexushunter-ai/backend/internal/storage/postgres.go:198.2,198.15 1 0
github.com/nexushunter-ai/nexushunter-ai/backend/internal/storage/postgres.go:198.15,200.3 1 0
github.com/nexushunter-ai/nexushunter-ai/backend/internal/storage/postgres.go:201.2,201.12 1 0
github.com/nexushunter-ai/nexushunter-ai/backend/internal/storage/postgres.go:205.85,207.16 2 0
github.com/nexushunter-ai/nexushunter-ai/backend/internal/storage/postgres.go:207.16,209.3 1 0
github.com/nexushunter-ai/nexushunter-ai/backend/internal/storage/postgres.go:211.2,226.12 3 0
github.com/nexushunter-ai/nexushunter-ai/backend/internal/storage/postgres.go:230.120,232.16 2 0
github.com/nexushunter-ai/nexushunter-ai/backend/internal/storage/postgres.go:232.16,234.3 1 0
github.com/nexushunter-ai/nexushunter-ai/backend/internal/storage/postgres.go:236.2,237.16 2 0
github.com/nexushunter-ai/nexushunter-ai/backend/internal/storage/postgres.go:237.16,239.3 1 0
github.com/nexushunter-ai/nexushunter-ai/backend/internal/storage/postgres.go:240.2,257.16 4 0
github.com/nexushunter-ai/nexushunter-ai/backend/internal/storage/postgres.go:257.16,259.3 1 0
github.com/nexushunter-ai/nexushunter-ai/backend/internal/storage/postgres.go:261.2,261.18 1 0
github.com/nexushunter-ai/nexushunter-ai/backend/internal/storage/postgres.go:261.18,262.57 1 0
github.com/nexushunter-ai/nexushunter-ai/backend/internal/storage/postgres.go:262.57,264.4 1 0
github.com/nexushunter-ai/nexushunter-ai/backend/internal/storage/postgres.go:267.2,267.20 1 0
github.com/nexushunter-ai/nexushunter-ai/backend/internal/storage/postgres.go:271.95,283.16 7 0
github.com/nexushunter-ai/nexushunter-ai/backend/internal/storage/postgres.go:283.16,284.36 1 0
github.com/nexushunter-ai/nexushunter-ai/backend/internal/storage/postgres.go:284.36,286.4 1 0
github.com/nexushunter-ai/nexushunter-ai/backend/internal/storage/postgres.go:287.3,287.18 1 0
github.com/nexushunter-ai/nexushunter-ai/backend/internal/storage/postgres.go:289.2,290.23 2 0
github.com/nexushunter-ai/nexushunter-ai/backend/internal/storage/postgres.go:290.23,291.63 1 0
github.com/nexushunter-ai/nexushunter-ai/backend/internal/storage/postgres.go:291.63,293.4 1 0
github.com/nexushunter-ai/nexushunter-ai/backend/internal/storage/postgres.go:295.2,295.16 1 0
github.com/nexushunter-ai/nexushunter-ai/backend/internal/storage/postgres.go:299.101,307.16 3 0
github.com/nexushunter-ai/nexushunter-ai/backend/internal/storage/postgres.go:307.16,309.3 1 0
github.com/nexushunter-ai/nexushunter-ai/backend/internal/storage/postgres.go:310.2,313.18 3 0
github.com/nexushunter-ai/nexushunter-ai/backend/internal/storage/postgres.go:313.18,320.17 5 0
github.com/nexushunter-ai/nexushunter-ai/backend/internal/storage/postgres.go:320.17,322.4 1 0
github.com/nexushunter-ai/nexushunter-ai/backend/internal/storage/postgres.go:323.3,324.24 2 0
github.com/nexushunter-ai/nexushunter-ai/backend/internal/storage/postgres.go:324.24,325.64 1 0
github.com/nexushunter-ai/nexushunter-ai/backend/internal/storage/postgres.go:325.64,327.5 1 0
github.com/nexushunter-ai/nexushunter-ai/backend/internal/storage/postgres.go:329.3,329.30 1 0
github.com/nexushunter-ai/nexushunter-ai/backend/internal/storage/postgres.go:331.2,331.35 1 0
github.com/nexushunter-ai/nexushunter-ai/backend/internal/storage/postgres.go:331.35,333.3 1 0
github.com/nexushunter-ai/nexushunter-ai/backend/internal/storage/postgres.go:334.2,334.20 1 0
github.com/nexushunter-ai/nexushunter-ai/backend/internal/storage/postgres.go:339.162,341.16 2 0
github.com/nexushunter-ai/nexushunter-ai/backend/internal/storage/postgres.go:341.16,343.3 1 0
github.com/nexushunter-ai/nexushunter-ai/backend/internal/storage/postgres.go:345.2,346.16 2 0
github.com/nexushunter-ai/nexushunter-ai/backend/internal/storage/postgres.go:346.16,348.3 1 0
github.com/nexushunter-ai/nexushunter-ai/backend/internal/storage/postgres.go:349.2,352.33 3 0
github.com/nexushunter-ai/nexushunter-ai/backend/internal/storage/postgres.go:352.33,367.3 2 0
github.com/nexushunter-ai/nexushunter-ai/backend/internal/storage/postgres.go:367.8,367.39 1 0
github.com/nexushunter-ai/nexushunter-ai/backend/internal/storage/postgres.go:367.39,369.39 2 0
github.com/nexushunter-ai/nexushunter-ai/backend/internal/storage/postgres.go:369.39,371.4 1 0
github.com/nexushunter-ai/nexushunter-ai/backend/internal/storage/postgres.go:372.3,385.4 2 0
github.com/nexushunter-ai/nexushunter-ai/backend/internal/storage/postgres.go:386.8,400.3 2 0
github.com/nexushunter-ai/nexushunter-ai/backend/internal/storage/postgres.go:401.2,401.16 1 0
github.com/nexushunter-ai/nexushunter-ai/backend/internal/storage/postgres.go:401.16,403.3 1 0
github.com/nexushunter-ai/nexushunter-ai/backend/internal/storage/postgres.go:405.2,406.16 2 0
github.com/nexushunter-ai/nexushunter-ai/backend/internal/storage/postgres.go:406.16,408.3 1 0
github.com/nexushunter-ai/nexushunter-ai/backend/internal/storage/postgres.go:409.2,409.15 1 0
github.com/nexushunter-ai/nexushunter-ai/backend/internal/storage/postgres.go:409.15,412.41 3 0
github.com/nexushunter-ai/nexushunter-ai/backend/internal/storage/postgres.go:412.41,414.4 1 0
github.com/nexushunter-ai/nexushunter-ai/backend/internal/storage/postgres.go:415.3,415.133 1 0
github.com/nexushunter-ai/nexushunter-ai/backend/internal/storage/postgres.go:418.2,418.18 1 0
github.com/nexushunter-ai/nexushunter-ai/backend/internal/storage/postgres.go:418.18,419.57 1 0
github.com/nexushunter-ai/nexushunter-ai/backend/internal/storage/postgres.go:419.57,421.4 1 0
github.com/nexushunter-ai/nexushunter-ai/backend/internal/storage/postgres.go:424.2,424.20 1 0
github.com/nexushunter-ai/nexushunter-ai/backend/internal/storage/postgres.go:428.85,430.2 1 0
github.com/nexushunter-ai/nexushunter-ai/backend/internal/storage/postgres.go:433.120,435.47 2 0
github.com/nexushunter-ai/nexushunter-ai/backend/internal/storage/postgres.go:435.47,437.3 1 0
github.com/nexushunter-ai/nexushunter-ai/backend/internal/storage/postgres.go:438.2,438.65 1 0
github.com/nexushunter-ai/nexushunter-ai/backend/internal/storage/postgres.go:442.75,445.16 3 0
github.com/nexushunter-ai/nexushunter-ai/backend/internal/storage/postgres.go:445.16,447.3 1 0
github.com/nexushunter-ai/nexushunter-ai/backend/internal/storage/postgres.go:448.2,449.16 2 0
github.com/nexushunter-ai/nexushunter-ai/backend/internal/storage/postgres.go:449.16,451.3 1 0
github.com/nexushunter-ai/nexushunter-ai/backend/internal/storage/postgres.go:452.2,452.15 1 0
github.com/nexushunter-ai/nexushunter-ai/backend/internal/storage/postgres.go:452.15,454.3 1 0
github.com/nexushunter-ai/nexushunter-ai/backend/internal/storage/postgres.go:455.2,455.12 1 0
github.com/nexushunter-ai/nexushunter-ai/backend/internal/storage/postgres.go:462.101,463.18 1 0
github.com/nexushunter-ai/nexushunter-ai/backend/internal/storage/postgres.go:463.18,465.3 1 0
github.com/nexushunter-ai/nexushunter-ai/backend/internal/storage/postgres.go:466.2,466.25 1 0
github.com/nexushunter-ai/nexushunter-ai/backend/internal/storage/postgres.go:466.25,468.3 1 0
github.com/nexushunter-ai/nexushunter-ai/backend/internal/storage/postgres.go:469.2,469.30 1 0
github.com/nexushunter-ai/nexushunter-ai/backend/internal/storage/postgres.go:469.30,471.3 1 0
github.com/nexushunter-ai/nexushunter-ai/backend/internal/storage/postgres.go:472.2,472.30 1 0
github.com/nexushunter-ai/nexushunter-ai/backend/internal/storage/postgres.go:472.30,474.3 1 0
github.com/nexushunter-ai/nexushunter-ai/backend/internal/storage/postgres.go:476.2,478.16 3 0
github.com/nexushunter-ai/nexushunter-ai/backend/internal/storage/postgres.go:478.16,480.3 1 0
github.com/nexushunter-ai/nexushunter-ai/backend/internal/storage/postgres.go:482.2,502.12 3 0
github.com/nexushunter-ai/nexushunter-ai/backend/internal/storage/postgres.go:506.82,507.18 1 0
github.com/nexushunter-ai/nexushunter-ai/backend/internal/storage/postgres.go:507.18,509.3 1 0
github.com/nexushunter-ai/nexushunter-ai/backend/internal/storage/postgres.go:510.2,510.25 1 0
github.com/nexushunter-ai/nexushunter-ai/backend/internal/storage/postgres.go:510.25,512.3 1 0
github.com/nexushunter-ai/nexushunter-ai/backend/internal/storage/postgres.go:513.2,513.30 1 0
github.com/nexushunter-ai/nexushunter-ai/backend/internal/storage/postgres.go:513.30,515.3 1 0
github.com/nexushunter-ai/nexushunter-ai/backend/internal/storage/postgres.go:516.2,516.30 1 0
github.com/nexushunter-ai/nexushunter-ai/backend/internal/storage/postgres.go:516.30,518.3 1 0
github.com/nexushunter-ai/nexushunter-ai/backend/internal/storage/postgres.go:520.2,522.16 3 0
github.com/nexushunter-ai/nexushunter-ai/backend/internal/storage/postgres.go:522.16,524.3 1 0
github.com/nexushunter-ai/nexushunter-ai/backend/internal/storage/postgres.go:526.2,546.12 3 0
github.com/nexushunter-ai/nexushunter-ai/backend/internal/storage/postgres.go:550.86,565.16 6 0
github.com/nexushunter-ai/nexushunter-ai/backend/internal/storage/postgres.go:565.16,566.36 1 0
github.com/nexushunter-ai/nexushunter-ai/backend/internal/storage/postgres.go:566.36,568.4 1 0
github.com/nexushunter-ai/nexushunter-ai/backend/internal/storage/postgres.go:569.3,569.18 1 0
github.com/nexushunter-ai/nexushunter-ai/backend/internal/storage/postgres.go:571.2,571.27 1 0
github.com/nexushunter-ai/nexushunter-ai/backend/internal/storage/postgres.go:571.27,572.66 1 0
github.com/nexushunter-ai/nexushunter-ai/backend/internal/storage/postgres.go:572.66,574.4 1 0
github.com/nexushunter-ai/nexushunter-ai/backend/internal/storage/postgres.go:576.2,576.16 1 0
github.com/nexushunter-ai/nexushunter-ai/backend/internal/storage/postgres.go:580.95,581.16 1 0
github.com/nexushunter-ai/nexushunter-ai/backend/internal/storage/postgres.go:581.16,583.3 1 0
github.com/nexushunter-ai/nexushunter-ai/backend/internal/storage/postgres.go:584.2,593.16 3 0
github.com/nexushunter-ai/nexushunter-ai/backend/internal/storage/postgres.go:593.16,595.3 1 0
github.com/nexushunter-ai/nexushunter-ai/backend/internal/storage/postgres.go:596.2,599.18 3 0
github.com/nexushunter-ai/nexushunter-ai/backend/internal/storage/postgres.go:599.18,607.17 4 0
github.com/nexushunter-ai/nexushunter-ai/backend/internal/storage/postgres.go:607.17,609.4 1 0
github.com/nexushunter-ai/nexushunter-ai/backend/internal/storage/postgres.go:610.3,610.28 1 0
github.com/nexushunter-ai/nexushunter-ai/backend/internal/storage/postgres.go:610.28,611.67 1 0
github.com/nexushunter-ai/nexushunter-ai/backend/internal/storage/postgres.go:611.67,613.5 1 0
github.com/nexushunter-ai/nexushunter-ai/backend/internal/storage/postgres.go:615.3,615.30 1 0
github.com/nexushunter-ai/nexushunter-ai/backend/internal/storage/postgres.go:617.2,617.35 1 0
github.com/nexushunter-ai/nexushunter-ai/backend/internal/storage/postgres.go:617.35,619.3 1 0
github.com/nexushunter-ai/nexushunter-ai/backend/internal/storage/postgres.go:620.2,620.20 1 0
github.com/nexushunter-ai/nexushunter-ai/backend/internal/storage/postgres.go:624.103,634.16 3 0
github.com/nexushunter-ai/nexushunter-ai/backend/internal/storage/postgres.go:634.16,636.3 1 0
github.com/nexushunter-ai/nexushunter-ai/backend/internal/storage/postgres.go:637.2,640.18 3 0
github.com/nexushunter-ai/nexushunter-ai/backend/internal/storage/postgres.go:640.18,648.17 4 0
github.com/nexushunter-ai/nexushunter-ai/backend/internal/storage/postgres.go:648.17,650.4 1 0
github.com/nexushunter-ai/nexushunter-ai/backend/internal/storage/postgres.go:651.3,651.28 1 0
github.com/nexushunter-ai/nexushunter-ai/backend/internal/storage/postgres.go:651.28,652.67 1 0
github.com/nexushunter-ai/nexushunter-ai/backend/internal/storage/postgres.go:652.67,654.5 1 0
github.com/nexushunter-ai/nexushunter-ai/backend/internal/storage/postgres.go:656.3,656.30 1 0
github.com/nexushunter-ai/nexushunter-ai/backend/internal/storage/postgres.go:658.2,658.35 1 0
github.com/nexushunter-ai/nexushunter-ai/backend/internal/storage/postgres.go:658.35,660.3 1 0
github.com/nexushunter-ai/nexushunter-ai/backend/internal/storage/postgres.go:661.2,661.20 1 0
github.com/nexushunter-ai/nexushunter-ai/backend/internal/storage/postgres.go:665.97,675.16 3 0
github.com/nexushunter-ai/nexushunter-ai/backend/internal/storage/postgres.go:675.16,677.3 1 0
github.com/nexushunter-ai/nexushunter-ai/backend/internal/storage/postgres.go:678.2,681.18 3 0
github.com/nexushunter-ai/nexushunter-ai/backend/internal/storage/postgres.go:681.18,689.17 4 0
github.com/nexushunter-ai/nexushunter-ai/backend/internal/storage/postgres.go:689.17,691.4 1 0
github.com/nexushunter-ai/nexushunter-ai/backend/internal/storage/postgres.go:692.3,692.28 1 0
github.com/nexushunter-ai/nexushunter-ai/backend/internal/storage/postgres.go:692.28,693.67 1 0
github.com/nexushunter-ai/nexushunter-ai/backend/internal/storage/postgres.go:693.67,695.5 1 0
github.com/nexushunter-ai/nexushunter-ai/backend/internal/storage/postgres.go:697.3,697.30 1 0
github.com/nexushunter-ai/nexushunter-ai/backend/internal/storage/postgres.go:699.2,699.35 1 0
github.com/nexushunter-ai/nexushunter-ai/backend/internal/storage/postgres.go:699.35,701.3 1 0
github.com/nexushunter-ai/nexushunter-ai/backend/internal/storage/postgres.go:702.2,702.20 1 0
github.com/nexushunter-ai/nexushunter-ai/backend/internal/storage/postgres.go:706.114,716.16 3 0
github.com/nexushunter-ai/nexushunter-ai/backend/internal/storage/postgres.go:716.16,718.3 1 0
github.com/nexushunter-ai/nexushunter-ai/backend/internal/storage/postgres.go:719.2,722.18 3 0
github.com/nexushunter-ai/nexushunter-ai/backend/internal/storage/postgres.go:722.18,730.17 4 0
github.com/nexushunter-ai/nexushunter-ai/backend/internal/storage/postgres.go:730.17,732.4 1 0
github.com/nexushunter-ai/nexushunter-ai/backend/internal/storage/postgres.go:733.3,733.28 1 0
github.com/nexushunter-ai/nexushunter-ai/backend/internal/storage/postgres.go:733.28,734.67 1 0
github.com/nexushunter-ai/nexushunter-ai/backend/internal/storage/postgres.go:734.67,736.5 1 0
github.com/nexushunter-ai/nexushunter-ai/backend/internal/storage/postgres.go:738.3,738.30 1 0
github.com/nexushunter-ai/nexushunter-ai/backend/internal/storage/postgres.go:740.2,740.35 1 0
github.com/nexushunter-ai/nexushunter-ai/backend/internal/storage/postgres.go:740.35,742.3 1 0
github.com/nexushunter-ai/nexushunter-ai/backend/internal/storage/postgres.go:743.2,743.20 1 0
github.com/nexushunter-ai/nexushunter-ai/backend/internal/storage/postgres.go:746.39,747.13 1 0
github.com/nexushunter-ai/nexushunter-ai/backend/internal/storage/postgres.go:747.13,749.3 1 0
github.com/nexushunter-ai/nexushunter-ai/backend/internal/storage/postgres.go:750.2,754.26 5 0
github.com/nexushunter-ai/nexushunter-ai/backend/internal/storage/postgres.go:754.26,756.20 2 0
github.com/nexushunter-ai/nexushunter-ai/backend/internal/storage/postgres.go:756.20,758.4 1 0
github.com/nexushunter-ai/nexushunter-ai/backend/internal/storage/postgres.go:760.2,760.12 1 0
github.com/nexushunter-ai/nexushunter-ai/backend/internal/storage/postgres.go:764.85,773.2 3 0
github.com/nexushunter-ai/nexushunter-ai/backend/internal/storage/postgres.go:775.117,782.118 4 0
github.com/nexushunter-ai/nexushunter-ai/backend/internal/storage/postgres.go:782.118,783.36 1 0
github.com/nexushunter-ai/nexushunter-ai/backend/internal/storage/postgres.go:783.36,785.4 1 0
github.com/nexushunter-ai/nexushunter-ai/backend/internal/storage/postgres.go:786.3,786.18 1 0
github.com/nexushunter-ai/nexushunter-ai/backend/internal/storage/postgres.go:788.2,788.16 1 0
github.com/nexushunter-ai/nexushunter-ai/backend/internal/storage/postgres.go:791.101,798.16 3 0
github.com/nexushunter-ai/nexushunter-ai/backend/internal/storage/postgres.go:798.16,800.3 1 0
github.com/nexushunter-ai/nexushunter-ai/backend/internal/storage/postgres.go:801.2,804.18 3 0
github.com/nexushunter-ai/nexushunter-ai/backend/internal/storage/postgres.go:804.18,806.120 2 0
github.com/nexushunter-ai/nexushunter-ai/backend/internal/storage/postgres.go:806.120,808.4 1 0
github.com/nexushunter-ai/nexushunter-ai/backend/internal/storage/postgres.go:809.3,809.30 1 0
github.com/nexushunter-ai/nexushunter-ai/backend/internal/storage/postgres.go:811.2,811.35 1 0
github.com/nexushunter-ai/nexushunter-ai/backend/internal/storage/postgres.go:811.35,813.3 1 0
github.com/nexushunter-ai/nexushunter-ai/backend/internal/storage/postgres.go:814.2,814.20 1 0
github.com/nexushunter-ai/nexushunter-ai/backend/internal/storage/postgres.go:817.98,821.2 3 0
github.com/nexushunter-ai/nexushunter-ai/backend/internal/storage/postgres.go:823.94,832.2 3 0
github.com/nexushunter-ai/nexushunter-ai/backend/internal/storage/postgres.go:834.108,841.16 3 0
github.com/nexushunter-ai/nexushunter-ai/backend/internal/storage/postgres.go:841.16,843.3 1 0
github.com/nexushunter-ai/nexushunter-ai/backend/internal/storage/postgres.go:844.2,847.18 3 0
github.com/nexushunter-ai/nexushunter-ai/backend/internal/storage/postgres.go:847.18,849.106 2 0
github.com/nexushunter-ai/nexushunter-ai/backend/internal/storage/postgres.go:849.106,851.4 1 0
github.com/nexushunter-ai/nexushunter-ai/backend/internal/storage/postgres.go:852.3,852.30 1 0
github.com/nexushunter-ai/nexushunter-ai/backend/internal/storage/postgres.go:854.2,854.35 1 0
github.com/nexushunter-ai/nexushunter-ai/backend/internal/storage/postgres.go:854.35,856.3 1 0
github.com/nexushunter-ai/nexushunter-ai/backend/internal/storage/postgres.go:857.2,857.20 1 0
github.com/nexushunter-ai/nexushunter-ai/backend/internal/storage/postgres.go:860.95,869.2 3 0
github.com/nexushunter-ai/nexushunter-ai/backend/internal/storage/postgres.go:871.113,880.16 3 0
github.com/nexushunter-ai/nexushunter-ai/backend/internal/storage/postgres.go:880.16,882.3 1 0
github.com/nexushunter-ai/nexushunter-ai/backend/internal/storage/postgres.go:883.2,886.18 3 0
github.com/nexushunter-ai/nexushunter-ai/backend/internal/storage/postgres.go:886.18,889.141 3 0
github.com/nexushunter-ai/nexushunter-ai/backend/internal/storage/postgres.go:889.141,891.4 1 0
github.com/nexushunter-ai/nexushunter-ai/backend/internal/storage/postgres.go:892.3,896.30 5 0
github.com/nexushunter-ai/nexushunter-ai/backend/internal/storage/postgres.go:898.2,898.35 1 0
github.com/nexushunter-ai/nexushunter-ai/backend/internal/storage/postgres.go:898.35,900.3 1 0
github.com/nexushunter-ai/nexushunter-ai/backend/internal/storage/postgres.go:901.2,901.20 1 0
github.com/nexushunter-ai/nexushunter-ai/backend/internal/storage/postgres.go:904.83,913.2 3 0
github.com/nexushunter-ai/nexushunter-ai/backend/internal/storage/postgres.go:915.103,924.16 3 0
github.com/nexushunter-ai/nexushunter-ai/backend/internal/storage/postgres.go:924.16,926.3 1 0
github.com/nexushunter-ai/nexushunter-ai/backend/internal/storage/postgres.go:927.2,930.18 3 0
github.com/nexushunter-ai/nexushunter-ai/backend/internal/storage/postgres.go:930.18,932.110 2 0
github.com/nexushunter-ai/nexushunter-ai/backend/internal/storage/postgres.go:932.110,934.4 1 0
github.com/nexushunter-ai/nexushunter-ai/backend/internal/storage/postgres.go:935.3,935.30 1 0
github.com/nexushunter-ai/nexushunter-ai/backend/internal/storage/postgres.go:937.2,937.35 1 0
github.com/nexushunter-ai/nexushunter-ai/backend/internal/storage/postgres.go:937.35,939.3 1 0
github.com/nexushunter-ai/nexushunter-ai/backend/internal/storage/postgres.go:940.2,940.20 1 0
github.com/nexushunter-ai/nexushunter-ai/backend/internal/storage/postgres.go:943.89,950.2 3 0
github.com/nexushunter-ai/nexushunter-ai/backend/internal/storage/postgres.go:952.107,960.226 5 0
github.com/nexushunter-ai/nexushunter-ai/backend/internal/storage/postgres.go:960.226,961.36 1 0
github.com/nexushunter-ai/nexushunter-ai/backend/internal/storage/postgres.go:961.36,963.4 1 0
github.com/nexushunter-ai/nexushunter-ai/backend/internal/storage/postgres.go:964.3,964.18 1 0
github.com/nexushunter-ai/nexushunter-ai/backend/internal/storage/postgres.go:966.2,967.16 2 0
github.com/nexushunter-ai/nexushunter-ai/backend/internal/storage/postgres.go:970.91,978.2 3 0
github.com/nexushunter-ai/nexushunter-ai/backend/internal/storage/postgres.go:984.115,997.2 3 0
github.com/nexushunter-ai/nexushunter-ai/backend/internal/storage/postgres.go:999.153,1008.26 7 0
github.com/nexushunter-ai/nexushunter-ai/backend/internal/storage/postgres.go:1008.26,1012.3 3 0
github.com/nexushunter-ai/nexushunter-ai/backend/internal/storage/postgres.go:1013.2,1013.27 1 0
github.com/nexushunter-ai/nexushunter-ai/backend/internal/storage/postgres.go:1013.27,1017.3 3 0
github.com/nexushunter-ai/nexushunter-ai/backend/internal/storage/postgres.go:1018.2,1018.29 1 0
github.com/nexushunter-ai/nexushunter-ai/backend/internal/storage/postgres.go:1018.29,1022.3 3 0
github.com/nexushunter-ai/nexushunter-ai/backend/internal/storage/postgres.go:1023.2,1023.23 1 0
github.com/nexushunter-ai/nexushunter-ai/backend/internal/storage/postgres.go:1023.23,1027.3 3 0
github.com/nexushunter-ai/nexushunter-ai/backend/internal/storage/postgres.go:1029.2,1033.84 4 0
github.com/nexushunter-ai/nexushunter-ai/backend/internal/storage/postgres.go:1033.84,1035.3 1 0
github.com/nexushunter-ai/nexushunter-ai/backend/internal/storage/postgres.go:1037.2,1038.31 2 0
github.com/nexushunter-ai/nexushunter-ai/backend/internal/storage/postgres.go:1038.31,1040.3 1 0
github.com/nexushunter-ai/nexushunter-ai/backend/internal/storage/postgres.go:1041.2,1042.16 2 0
github.com/nexushunter-ai/nexushunter-ai/backend/internal/storage/postgres.go:1042.16,1044.3 1 0
github.com/nexushunter-ai/nexushunter-ai/backend/internal/storage/postgres.go:1046.2,1056.16 4 0
github.com/nexushunter-ai/nexushunter-ai/backend/internal/storage/postgres.go:1056.16,1058.3 1 0
github.com/nexushunter-ai/nexushunter-ai/backend/internal/storage/postgres.go:1059.2,1062.18 3 0
github.com/nexushunter-ai/nexushunter-ai/backend/internal/storage/postgres.go:1062.18,1066.178 4 0
github.com/nexushunter-ai/nexushunter-ai/backend/internal/storage/postgres.go:1066.178,1068.4 1 0
github.com/nexushunter-ai/nexushunter-ai/backend/internal/storage/postgres.go:1069.3,1069.16 1 0
github.com/nexushunter-ai/nexushunter-ai/backend/internal/storage/postgres.go:1069.16,1071.4 1 0
github.com/nexushunter-ai/nexushunter-ai/backend/internal/storage/postgres.go:1072.3,1072.16 1 0
github.com/nexushunter-ai/nexushunter-ai/backend/internal/storage/postgres.go:1072.16,1075.4 2 0
github.com/nexushunter-ai/nexushunter-ai/backend/internal/storage/postgres.go:1076.3,1077.32 2 0
github.com/nexushunter-ai/nexushunter-ai/backend/internal/storage/postgres.go:1079.2,1079.35 1 0
github.com/nexushunter-ai/nexushunter-ai/backend/internal/storage/postgres.go:1079.35,1081.3 1 0
github.com/nexushunter-ai/nexushunter-ai/backend/internal/storage/postgres.go:1082.2,1082.28 1 0
github.com/nexushunter-ai/nexushunter-ai/backend/internal/storage/postgres.go:1085.109,1099.2 4 0
github.com/nexushunter-ai/nexushunter-ai/backend/internal/storage/postgres.go:1101.144,1110.26 7 0
github.com/nexushunter-ai/nexushunter-ai/backend/internal/storage/postgres.go:1110.26,1114.3 3 0
github.com/nexushunter-ai/nexushunter-ai/backend/internal/storage/postgres.go:1115.2,1115.25 1 0
github.com/nexushunter-ai/nexushunter-ai/backend/internal/storage/postgres.go:1115.25,1119.3 3 0
github.com/nexushunter-ai/nexushunter-ai/backend/internal/storage/postgres.go:1120.2,1120.21 1 0
github.com/nexushunter-ai/nexushunter-ai/backend/internal/storage/postgres.go:1120.21,1124.3 3 0
github.com/nexushunter-ai/nexushunter-ai/backend/internal/storage/postgres.go:1125.2,1125.27 1 0
github.com/nexushunter-ai/nexushunter-ai/backend/internal/storage/postgres.go:1125.27,1129.3 3 0
github.com/nexushunter-ai/nexushunter-ai/backend/internal/storage/postgres.go:1131.2,1134.152 3 0
github.com/nexushunter-ai/nexushunter-ai/backend/internal/storage/postgres.go:1134.152,1136.3 1 0
github.com/nexushunter-ai/nexushunter-ai/backend/internal/storage/postgres.go:1138.2,1139.31 2 0
github.com/nexushunter-ai/nexushunter-ai/backend/internal/storage/postgres.go:1139.31,1141.3 1 0
github.com/nexushunter-ai/nexushunter-ai/backend/internal/storage/postgres.go:1142.2,1143.16 2 0
github.com/nexushunter-ai/nexushunter-ai/backend/internal/storage/postgres.go:1143.16,1145.3 1 0
github.com/nexushunter-ai/nexushunter-ai/backend/internal/storage/postgres.go:1147.2,1157.16 4 0
github.com/nexushunter-ai/nexushunter-ai/backend/internal/storage/postgres.go:1157.16,1159.3 1 0
github.com/nexushunter-ai/nexushunter-ai/backend/internal/storage/postgres.go:1160.2,1163.18 3 0
github.com/nexushunter-ai/nexushunter-ai/backend/internal/storage/postgres.go:1163.18,1167.246 4 0
github.com/nexushunter-ai/nexushunter-ai/backend/internal/storage/postgres.go:1167.246,1169.4 1 0
github.com/nexushunter-ai/nexushunter-ai/backend/internal/storage/postgres.go:1170.3,1170.22 1 0
github.com/nexushunter-ai/nexushunter-ai/backend/internal/storage/postgres.go:1170.22,1172.4 1 0
github.com/nexushunter-ai/nexushunter-ai/backend/internal/storage/postgres.go:1173.3,1173.22 1 0
github.com/nexushunter-ai/nexushunter-ai/backend/internal/storage/postgres.go:1173.22,1175.4 1 0
github.com/nexushunter-ai/nexushunter-ai/backend/internal/storage/postgres.go:1176.3,1176.24 1 0
github.com/nexushunter-ai/nexushunter-ai/backend/internal/storage/postgres.go:1176.24,1178.4 1 0
github.com/nexushunter-ai/nexushunter-ai/backend/internal/storage/postgres.go:1179.3,1179.19 1 0
github.com/nexushunter-ai/nexushunter-ai/backend/internal/storage/postgres.go:1179.19,1181.4 1 0
github.com/nexushunter-ai/nexushunter-ai/backend/internal/storage/postgres.go:1182.3,1182.94 1 0
github.com/nexushunter-ai/nexushunter-ai/backend/internal/storage/postgres.go:1182.94,1184.4 1 0
github.com/nexushunter-ai/nexushunter-ai/backend/internal/storage/postgres.go:1185.3,1185.32 1 0
github.com/nexushunter-ai/nexushunter-ai/backend/internal/storage/postgres.go:1187.2,1187.35 1 0
github.com/nexushunter-ai/nexushunter-ai/backend/internal/storage/postgres.go:1187.35,1189.3 1 0
github.com/nexushunter-ai/nexushunter-ai/backend/internal/storage/postgres.go:1190.2,1190.28 1 0
github.com/nexushunter-ai/nexushunter-ai/backend/internal/storage/postgres.go:1193.111,1204.2 3 0
github.com/nexushunter-ai/nexushunter-ai/backend/internal/storage/postgres.go:1206.138,1209.19 3 0
github.com/nexushunter-ai/nexushunter-ai/backend/internal/storage/postgres.go:1209.19,1213.3 2 0
github.com/nexushunter-ai/nexushunter-ai/backend/internal/storage/postgres.go:1213.8,1217.3 2 0
github.com/nexushunter-ai/nexushunter-ai/backend/internal/storage/postgres.go:1219.2,1220.16 2 0
github.com/nexushunter-ai/nexushunter-ai/backend/internal/storage/postgres.go:1220.16,1222.3 1 0
github.com/nexushunter-ai/nexushunter-ai/backend/internal/storage/postgres.go:1223.2,1226.18 3 0
github.com/nexushunter-ai/nexushunter-ai/backend/internal/storage/postgres.go:1226.18,1229.131 3 0
github.com/nexushunter-ai/nexushunter-ai/backend/internal/storage/postgres.go:1229.131,1231.4 1 0
github.com/nexushunter-ai/nexushunter-ai/backend/internal/storage/postgres.go:1232.3,1232.16 1 0
github.com/nexushunter-ai/nexushunter-ai/backend/internal/storage/postgres.go:1232.16,1234.4 1 0
github.com/nexushunter-ai/nexushunter-ai/backend/internal/storage/postgres.go:1235.3,1235.16 1 0
github.com/nexushunter-ai/nexushunter-ai/backend/internal/storage/postgres.go:1235.16,1237.4 1 0
github.com/nexushunter-ai/nexushunter-ai/backend/internal/storage/postgres.go:1238.3,1238.16 1 0
github.com/nexushunter-ai/nexushunter-ai/backend/internal/storage/postgres.go:1238.16,1240.4 1 0
github.com/nexushunter-ai/nexushunter-ai/backend/internal/storage/postgres.go:1241.3,1241.32 1 0
github.com/nexushunter-ai/nexushunter-ai/backend/internal/storage/postgres.go:1243.2,1243.35 1 0
github.com/nexushunter-ai/nexushunter-ai/backend/internal/storage/postgres.go:1243.35,1245.3 1 0
github.com/nexushunter-ai/nexushunter-ai/backend/internal/storage/postgres.go:1246.2,1246.21 1 0
github.com/nexushunter-ai/nexushunter-ai/backend/internal/storage/postgres.go:1249.88,1257.2 3 0
github.com/nexushunter-ai/nexushunter-ai/backend/internal/storage/postgres.go:1259.90,1262.16 3 0
github.com/nexushunter-ai/nexushunter-ai/backend/internal/storage/postgres.go:1262.16,1264.3 1 0
github.com/nexushunter-ai/nexushunter-ai/backend/internal/storage/postgres.go:1265.2,1266.12 2 0
github.com/nexushunter-ai/nexushunter-ai/backend/internal/storage/postgres.go:1266.12,1268.3 1 0
github.com/nexushunter-ai/nexushunter-ai/backend/internal/storage/postgres.go:1269.2,1269.12 1 0
github.com/nexushunter-ai/nexushunter-ai/backend/internal/storage/postgres.go:1272.106,1275.16 3 0
github.com/nexushunter-ai/nexushunter-ai/backend/internal/storage/postgres.go:1275.16,1277.3 1 0
github.com/nexushunter-ai/nexushunter-ai/backend/internal/storage/postgres.go:1278.2,1281.18 3 0
github.com/nexushunter-ai/nexushunter-ai/backend/internal/storage/postgres.go:1281.18,1283.118 2 0
github.com/nexushunter-ai/nexushunter-ai/backend/internal/storage/postgres.go:1283.118,1285.4 1 0
github.com/nexushunter-ai/nexushunter-ai/backend/internal/storage/postgres.go:1286.3,1286.32 1 0
github.com/nexushunter-ai/nexushunter-ai/backend/internal/storage/postgres.go:1288.2,1288.35 1 0
github.com/nexushunter-ai/nexushunter-ai/backend/internal/storage/postgres.go:1288.35,1290.3 1 0
github.com/nexushunter-ai/nexushunter-ai/backend/internal/storage/postgres.go:1291.2,1291.21 1 0
github.com/nexushunter-ai/nexushunter-ai/backend/internal/storage/postgres.go:1294.111,1297.16 3 0
github.com/nexushunter-ai/nexushunter-ai/backend/internal/storage/postgres.go:1297.16,1299.3 1 0
github.com/nexushunter-ai/nexushunter-ai/backend/internal/storage/postgres.go:1300.2,1303.18 3 0
github.com/nexushunter-ai/nexushunter-ai/backend/internal/storage/postgres.go:1303.18,1305.118 2 0
github.com/nexushunter-ai/nexushunter-ai/backend/internal/storage/postgres.go:1305.118,1307.4 1 0
github.com/nexushunter-ai/nexushunter-ai/backend/internal/storage/postgres.go:1308.3,1308.32 1 0
github.com/nexushunter-ai/nexushunter-ai/backend/internal/storage/postgres.go:1310.2,1310.35 1 0
github.com/nexushunter-ai/nexushunter-ai/backend/internal/storage/postgres.go:1310.35,1312.3 1 0
github.com/nexushunter-ai/nexushunter-ai/backend/internal/storage/postgres.go:1313.2,1313.21 1 0
github.com/nexushunter-ai/nexushunter-ai/backend/internal/storage/postgres.go:1316.100,1325.2 5 0
github.com/nexushunter-ai/nexushunter-ai/backend/internal/storage/postgres.go:1327.129,1336.26 7 0
github.com/nexushunter-ai/nexushunter-ai/backend/internal/storage/postgres.go:1336.26,1340.3 3 0
github.com/nexushunter-ai/nexushunter-ai/backend/internal/storage/postgres.go:1341.2,1341.29 1 0
github.com/nexushunter-ai/nexushunter-ai/backend/internal/storage/postgres.go:1341.29,1345.3 3 0
github.com/nexushunter-ai/nexushunter-ai/backend/internal/storage/postgres.go:1346.2,1346.29 1 0
github.com/nexushunter-ai/nexushunter-ai/backend/internal/storage/postgres.go:1346.29,1350.3 3 0
github.com/nexushunter-ai/nexushunter-ai/backend/internal/storage/postgres.go:1352.2,1354.145 3 0
github.com/nexushunter-ai/nexushunter-ai/backend/internal/storage/postgres.go:1354.145,1356.3 1 0
github.com/nexushunter-ai/nexushunter-ai/backend/internal/storage/postgres.go:1358.2,1359.31 2 0
github.com/nexushunter-ai/nexushunter-ai/backend/internal/storage/postgres.go:1359.31,1361.3 1 0
github.com/nexushunter-ai/nexushunter-ai/backend/internal/storage/postgres.go:1362.2,1363.16 2 0
github.com/nexushunter-ai/nexushunter-ai/backend/internal/storage/postgres.go:1363.16,1365.3 1 0
github.com/nexushunter-ai/nexushunter-ai/backend/internal/storage/postgres.go:1367.2,1377.16 4 0
github.com/nexushunter-ai/nexushunter-ai/backend/internal/storage/postgres.go:1377.16,1379.3 1 0
github.com/nexushunter-ai/nexushunter-ai/backend/internal/storage/postgres.go:1380.2,1383.18 3 0
github.com/nexushunter-ai/nexushunter-ai/backend/internal/storage/postgres.go:1383.18,1387.135 4 0
github.com/nexushunter-ai/nexushunter-ai/backend/internal/storage/postgres.go:1387.135,1389.4 1 0
github.com/nexushunter-ai/nexushunter-ai/backend/internal/storage/postgres.go:1390.3,1391.97 2 0
github.com/nexushunter-ai/nexushunter-ai/backend/internal/storage/postgres.go:1391.97,1393.4 1 0
github.com/nexushunter-ai/nexushunter-ai/backend/internal/storage/postgres.go:1394.3,1394.95 1 0
github.com/nexushunter-ai/nexushunter-ai/backend/internal/storage/postgres.go:1394.95,1396.4 1 0
github.com/nexushunter-ai/nexushunter-ai/backend/internal/storage/postgres.go:1397.3,1397.32 1 0
github.com/nexushunter-ai/nexushunter-ai/backend/internal/storage/postgres.go:1399.2,1399.35 1 0
github.com/nexushunter-ai/nexushunter-ai/backend/internal/storage/postgres.go:1399.35,1401.3 1 0
github.com/nexushunter-ai/nexushunter-ai/backend/internal/storage/postgres.go:1402.2,1402.28 1 0
github.com/nexushunter-ai/nexushunter-ai/backend/internal/storage/postgres.go:1405.90,1414.2 3 0
github.com/nexushunter-ai/nexushunter-ai/backend/internal/storage/postgres.go:1416.108,1419.16 3 0
github.com/nexushunter-ai/nexushunter-ai/backend/internal/storage/postgres.go:1419.16,1421.3 1 0
github.com/nexushunter-ai/nexushunter-ai/backend/internal/storage/postgres.go:1422.2,1425.18 3 0
github.com/nexushunter-ai/nexushunter-ai/backend/internal/storage/postgres.go:1425.18,1427.145 2 0
github.com/nexushunter-ai/nexushunter-ai/backend/internal/storage/postgres.go:1427.145,1429.4 1 0
github.com/nexushunter-ai/nexushunter-ai/backend/internal/storage/postgres.go:1430.3,1430.32 1 0
github.com/nexushunter-ai/nexushunter-ai/backend/internal/storage/postgres.go:1432.2,1432.35 1 0
github.com/nexushunter-ai/nexushunter-ai/backend/internal/storage/postgres.go:1432.35,1434.3 1 0
github.com/nexushunter-ai/nexushunter-ai/backend/internal/storage/postgres.go:1435.2,1435.21 1 0
github.com/nexushunter-ai/nexushunter-ai/backend/internal/storage/postgres.go:1438.130,1457.16 9 0
github.com/nexushunter-ai/nexushunter-ai/backend/internal/storage/postgres.go:1457.16,1459.22 2 0
github.com/nexushunter-ai/nexushunter-ai/backend/internal/storage/postgres.go:1459.22,1462.39 3 0
github.com/nexushunter-ai/nexushunter-ai/backend/internal/storage/postgres.go:1462.39,1464.5 1 0
github.com/nexushunter-ai/nexushunter-ai/backend/internal/storage/postgres.go:1469.2,1470.16 2 0
github.com/nexushunter-ai/nexushunter-ai/backend/internal/storage/postgres.go:1470.16,1472.23 2 0
github.com/nexushunter-ai/nexushunter-ai/backend/internal/storage/postgres.go:1472.23,1475.41 3 0
github.com/nexushunter-ai/nexushunter-ai/backend/internal/storage/postgres.go:1475.41,1477.5 1 0
github.com/nexushunter-ai/nexushunter-ai/backend/internal/storage/postgres.go:1482.2,1483.16 2 0
github.com/nexushunter-ai/nexushunter-ai/backend/internal/storage/postgres.go:1483.16,1485.22 2 0
github.com/nexushunter-ai/nexushunter-ai/backend/internal/storage/postgres.go:1485.22,1489.50 4 0
github.com/nexushunter-ai/nexushunter-ai/backend/internal/storage/postgres.go:1489.50,1490.16 1 0
github.com/nexushunter-ai/nexushunter-ai/backend/internal/storage/postgres.go:1490.16,1492.6 1 0
github.com/nexushunter-ai/nexushunter-ai/backend/internal/storage/postgres.go:1492.11,1494.6 1 0
github.com/nexushunter-ai/nexushunter-ai/backend/internal/storage/postgres.go:1500.2,1501.16 2 0
github.com/nexushunter-ai/nexushunter-ai/backend/internal/storage/postgres.go:1501.16,1503.22 2 0
github.com/nexushunter-ai/nexushunter-ai/backend/internal/storage/postgres.go:1503.22,1506.39 3 0
github.com/nexushunter-ai/nexushunter-ai/backend/internal/storage/postgres.go:1506.39,1508.5 1 0
github.com/nexushunter-ai/nexushunter-ai/backend/internal/storage/postgres.go:1513.2,1516.21 3 0
github.com/nexushunter-ai/nexushunter-ai/backend/internal/storage/postgres.go:1519.118,1524.16 3 0
github.com/nexushunter-ai/nexushunter-ai/backend/internal/storage/postgres.go:1524.16,1525.36 1 0
github.com/nexushunter-ai/nexushunter-ai/backend/internal/storage/postgres.go:1525.36,1527.4 1 0
github.com/nexushunter-ai/nexushunter-ai/backend/internal/storage/postgres.go:1528.3,1528.18 1 0
github.com/nexushunter-ai/nexushunter-ai/backend/internal/storage/postgres.go:1531.2,1542.16 10 0
github.com/nexushunter-ai/nexushunter-ai/backend/internal/storage/postgres.go:1542.16,1544.22 2 0
github.com/nexushunter-ai/nexushunter-ai/backend/internal/storage/postgres.go:1544.22,1546.102 2 0
github.com/nexushunter-ai/nexushunter-ai/backend/internal/storage/postgres.go:1546.102,1548.5 1 0
github.com/nexushunter-ai/nexushunter-ai/backend/internal/storage/postgres.go:1552.2,1562.8 1 0
github.com/nexushunter-ai/nexushunter-ai/backend/internal/storage/postgres.go:1565.124,1574.27 7 0
github.com/nexushunter-ai/nexushunter-ai/backend/internal/storage/postgres.go:1574.27,1578.3 3 0
github.com/nexushunter-ai/nexushunter-ai/backend/internal/storage/postgres.go:1579.2,1579.25 1 0
github.com/nexushunter-ai/nexushunter-ai/backend/internal/storage/postgres.go:1579.25,1583.3 3 0
github.com/nexushunter-ai/nexushunter-ai/backend/internal/storage/postgres.go:1585.2,1586.22 2 0
github.com/nexushunter-ai/nexushunter-ai/backend/internal/storage/postgres.go:1586.22,1590.3 3 0
github.com/nexushunter-ai/nexushunter-ai/backend/internal/storage/postgres.go:1592.2,1595.84 4 0
github.com/nexushunter-ai/nexushunter-ai/backend/internal/storage/postgres.go:1595.84,1597.3 1 0
github.com/nexushunter-ai/nexushunter-ai/backend/internal/storage/postgres.go:1599.2,1600.31 2 0
github.com/nexushunter-ai/nexushunter-ai/backend/internal/storage/postgres.go:1600.31,1602.3 1 0
github.com/nexushunter-ai/nexushunter-ai/backend/internal/storage/postgres.go:1603.2,1604.16 2 0
github.com/nexushunter-ai/nexushunter-ai/backend/internal/storage/postgres.go:1604.16,1606.3 1 0
github.com/nexushunter-ai/nexushunter-ai/backend/internal/storage/postgres.go:1608.2,1618.16 4 0
github.com/nexushunter-ai/nexushunter-ai/backend/internal/storage/postgres.go:1618.16,1620.3 1 0
github.com/nexushunter-ai/nexushunter-ai/backend/internal/storage/postgres.go:1621.2,1624.18 3 0
github.com/nexushunter-ai/nexushunter-ai/backend/internal/storage/postgres.go:1624.18,1626.120 2 0
github.com/nexushunter-ai/nexushunter-ai/backend/internal/storage/postgres.go:1626.120,1628.4 1 0
github.com/nexushunter-ai/nexushunter-ai/backend/internal/storage/postgres.go:1629.3,1629.32 1 0
github.com/nexushunter-ai/nexushunter-ai/backend/internal/storage/postgres.go:1631.2,1631.35 1 0
github.com/nexushunter-ai/nexushunter-ai/backend/internal/storage/postgres.go:1631.35,1633.3 1 0
github.com/nexushunter-ai/nexushunter-ai/backend/internal/storage/postgres.go:1634.2,1634.28 1 0
github.com/nexushunter-ai/nexushunter-ai/backend/internal/storage/postgres.go:1639.95,1662.2 3 0
github.com/nexushunter-ai/nexushunter-ai/backend/internal/storage/postgres.go:1664.103,1679.35 6 0
github.com/nexushunter-ai/nexushunter-ai/backend/internal/storage/postgres.go:1679.35,1681.3 1 0
github.com/nexushunter-ai/nexushunter-ai/backend/internal/storage/postgres.go:1682.2,1682.16 1 0
github.com/nexushunter-ai/nexushunter-ai/backend/internal/storage/postgres.go:1682.16,1684.3 1 0
github.com/nexushunter-ai/nexushunter-ai/backend/internal/storage/postgres.go:1685.2,1686.16 2 0
github.com/nexushunter-ai/nexushunter-ai/backend/internal/storage/postgres.go:1689.113,1699.16 3 0
github.com/nexushunter-ai/nexushunter-ai/backend/internal/storage/postgres.go:1699.16,1701.3 1 0
github.com/nexushunter-ai/nexushunter-ai/backend/internal/storage/postgres.go:1702.2,1705.18 3 0
github.com/nexushunter-ai/nexushunter-ai/backend/internal/storage/postgres.go:1705.18,1713.17 4 0
github.com/nexushunter-ai/nexushunter-ai/backend/internal/storage/postgres.go:1713.17,1715.4 1 0
github.com/nexushunter-ai/nexushunter-ai/backend/internal/storage/postgres.go:1716.3,1717.32 2 0
github.com/nexushunter-ai/nexushunter-ai/backend/internal/storage/postgres.go:1719.2,1719.35 1 0
github.com/nexushunter-ai/nexushunter-ai/backend/internal/storage/postgres.go:1719.35,1721.3 1 0
github.com/nexushunter-ai/nexushunter-ai/backend/internal/storage/postgres.go:1722.2,1722.21 1 0
github.com/nexushunter-ai/nexushunter-ai/backend/internal/storage/postgres.go:1725.97,1727.2 1 0
github.com/nexushunter-ai/nexushunter-ai/backend/internal/storage/postgres.go:1729.104,1731.16 2 0
github.com/nexushunter-ai/nexushunter-ai/backend/internal/storage/postgres.go:1731.16,1733.3 1 0
github.com/nexushunter-ai/nexushunter-ai/backend/internal/storage/postgres.go:1735.2,1746.12 3 0
github.com/nexushunter-ai/nexushunter-ai/backend/internal/storage/postgres.go:1749.128,1758.16 3 0
github.com/nexushunter-ai/nexushunter-ai/backend/internal/storage/postgres.go:1758.16,1760.3 1 0
github.com/nexushunter-ai/nexushunter-ai/backend/internal/storage/postgres.go:1761.2,1764.18 3 0
github.com/nexushunter-ai/nexushunter-ai/backend/internal/storage/postgres.go:1764.18,1771.17 4 0
github.com/nexushunter-ai/nexushunter-ai/backend/internal/storage/postgres.go:1771.17,1773.4 1 0
github.com/nexushunter-ai/nexushunter-ai/backend/internal/storage/postgres.go:1774.3,1774.91 1 0
github.com/nexushunter-ai/nexushunter-ai/backend/internal/storage/postgres.go:1774.91,1776.4 1 0
github.com/nexushunter-ai/nexushunter-ai/backend/internal/storage/postgres.go:1777.3,1777.32 1 0
github.com/nexushunter-ai/nexushunter-ai/backend/internal/storage/postgres.go:1779.2,1779.35 1 0
github.com/nexushunter-ai/nexushunter-ai/backend/internal/storage/postgres.go:1779.35,1781.3 1 0
github.com/nexushunter-ai/nexushunter-ai/backend/internal/storage/postgres.go:1782.2,1782.21 1 0
github.com/nexushunter-ai/nexushunter-ai/backend/internal/storage/postgres.go:1785.111,1812.2 5 0
github.com/nexushunter-ai/nexushunter-ai/backend/internal/storage/postgres.go:1814.113,1834.35 7 0
github.com/nexushunter-ai/nexushunter-ai/backend/internal/storage/postgres.go:1834.35,1836.3 1 0
github.com/nexushunter-ai/nexushunter-ai/backend/internal/storage/postgres.go:1837.2,1837.16 1 0
github.com/nexushunter-ai/nexushunter-ai/backend/internal/storage/postgres.go:1837.16,1839.3 1 0
github.com/nexushunter-ai/nexushunter-ai/backend/internal/storage/postgres.go:1840.2,1841.29 2 0
github.com/nexushunter-ai/nexushunter-ai/backend/internal/storage/postgres.go:1841.29,1843.3 1 0
github.com/nexushunter-ai/nexushunter-ai/backend/internal/storage/postgres.go:1844.2,1844.26 1 0
github.com/nexushunter-ai/nexushunter-ai/backend/internal/storage/postgres.go:1844.26,1846.3 1 0
github.com/nexushunter-ai/nexushunter-ai/backend/internal/storage/postgres.go:1849.2,1852.16 3 0
github.com/nexushunter-ai/nexushunter-ai/backend/internal/storage/postgres.go:1855.142,1860.27 4 0
github.com/nexushunter-ai/nexushunter-ai/backend/internal/storage/postgres.go:1860.27,1864.3 3 0
github.com/nexushunter-ai/nexushunter-ai/backend/internal/storage/postgres.go:1865.2,1865.26 1 0
github.com/nexushunter-ai/nexushunter-ai/backend/internal/storage/postgres.go:1865.26,1869.3 3 0
github.com/nexushunter-ai/nexushunter-ai/backend/internal/storage/postgres.go:1870.2,1870.27 1 0
github.com/nexushunter-ai/nexushunter-ai/backend/internal/storage/postgres.go:1870.27,1874.3 3 0
github.com/nexushunter-ai/nexushunter-ai/backend/internal/storage/postgres.go:1875.2,1875.24 1 0
github.com/nexushunter-ai/nexushunter-ai/backend/internal/storage/postgres.go:1875.24,1879.3 3 0
github.com/nexushunter-ai/nexushunter-ai/backend/internal/storage/postgres.go:1880.2,1880.25 1 0
github.com/nexushunter-ai/nexushunter-ai/backend/internal/storage/postgres.go:1880.25,1884.3 3 0
github.com/nexushunter-ai/nexushunter-ai/backend/internal/storage/postgres.go:1886.2,1887.25 2 0
github.com/nexushunter-ai/nexushunter-ai/backend/internal/storage/postgres.go:1887.25,1889.3 1 0
github.com/nexushunter-ai/nexushunter-ai/backend/internal/storage/postgres.go:1891.2,1893.84 3 0
github.com/nexushunter-ai/nexushunter-ai/backend/internal/storage/postgres.go:1893.84,1895.3 1 0
github.com/nexushunter-ai/nexushunter-ai/backend/internal/storage/postgres.go:1897.2,1898.31 2 0
github.com/nexushunter-ai/nexushunter-ai/backend/internal/storage/postgres.go:1898.31,1900.3 1 0
github.com/nexushunter-ai/nexushunter-ai/backend/internal/storage/postgres.go:1901.2,1902.16 2 0
github.com/nexushunter-ai/nexushunter-ai/backend/internal/storage/postgres.go:1902.16,1904.3 1 0
github.com/nexushunter-ai/nexushunter-ai/backend/internal/storage/postgres.go:1906.2,1919.16 4 0
github.com/nexushunter-ai/nexushunter-ai/backend/internal/storage/postgres.go:1919.16,1921.3 1 0
github.com/nexushunter-ai/nexushunter-ai/backend/internal/storage/postgres.go:1922.2,1925.18 3 0
github.com/nexushunter-ai/nexushunter-ai/backend/internal/storage/postgres.go:1925.18,1936.17 5 0
github.com/nexushunter-ai/nexushunter-ai/backend/internal/storage/postgres.go:1936.17,1938.4 1 0
github.com/nexushunter-ai/nexushunter-ai/backend/internal/storage/postgres.go:1939.3,1940.113 2 0
github.com/nexushunter-ai/nexushunter-ai/backend/internal/storage/postgres.go:1940.113,1942.4 1 0
github.com/nexushunter-ai/nexushunter-ai/backend/internal/storage/postgres.go:1943.3,1943.116 1 0
github.com/nexushunter-ai/nexushunter-ai/backend/internal/storage/postgres.go:1943.116,1945.4 1 0
github.com/nexushunter-ai/nexushunter-ai/backend/internal/storage/postgres.go:1946.3,1946.32 1 0
github.com/nexushunter-ai/nexushunter-ai/backend/internal/storage/postgres.go:1948.2,1948.35 1 0
github.com/nexushunter-ai/nexushunter-ai/backend/internal/storage/postgres.go:1948.35,1950.3 1 0
github.com/nexushunter-ai/nexushunter-ai/backend/internal/storage/postgres.go:1952.2,1952.28 1 0
github.com/nexushunter-ai/nexushunter-ai/backend/internal/storage/postgres.go:1955.133,1967.16 3 0
github.com/nexushunter-ai/nexushunter-ai/backend/internal/storage/postgres.go:1967.16,1969.3 1 0
github.com/nexushunter-ai/nexushunter-ai/backend/internal/storage/postgres.go:1970.2,1971.16 2 0
github.com/nexushunter-ai/nexushunter-ai/backend/internal/storage/postgres.go:1971.16,1973.3 1 0
github.com/nexushunter-ai/nexushunter-ai/backend/internal/storage/postgres.go:1974.2,1974.15 1 0
github.com/nexushunter-ai/nexushunter-ai/backend/internal/storage/postgres.go:1974.15,1976.3 1 0
github.com/nexushunter-ai/nexushunter-ai/backend/internal/storage/postgres.go:1977.2,1977.12 1 0
github.com/nexushunter-ai/nexushunter-ai/backend/internal/storage/postgres.go:1980.112,1982.16 2 0
github.com/nexushunter-ai/nexushunter-ai/backend/internal/storage/postgres.go:1982.16,1984.3 1 0
github.com/nexushunter-ai/nexushunter-ai/backend/internal/storage/postgres.go:1986.2,1996.12 3 0
github.com/nexushunter-ai/nexushunter-ai/backend/internal/storage/postgres.go:1999.127,2007.16 3 0
github.com/nexushunter-ai/nexushunter-ai/backend/internal/storage/postgres.go:2007.16,2009.3 1 0
github.com/nexushunter-ai/nexushunter-ai/backend/internal/storage/postgres.go:2010.2,2013.18 3 0
github.com/nexushunter-ai/nexushunter-ai/backend/internal/storage/postgres.go:2013.18,2019.17 4 0
github.com/nexushunter-ai/nexushunter-ai/backend/internal/storage/postgres.go:2019.17,2021.4 1 0
github.com/nexushunter-ai/nexushunter-ai/backend/internal/storage/postgres.go:2022.3,2022.94 1 0
github.com/nexushunter-ai/nexushunter-ai/backend/internal/storage/postgres.go:2022.94,2024.4 1 0
github.com/nexushunter-ai/nexushunter-ai/backend/internal/storage/postgres.go:2025.3,2025.32 1 0
github.com/nexushunter-ai/nexushunter-ai/backend/internal/storage/postgres.go:2027.2,2027.35 1 0
github.com/nexushunter-ai/nexushunter-ai/backend/internal/storage/postgres.go:2027.35,2029.3 1 0
github.com/nexushunter-ai/nexushunter-ai/backend/internal/storage/postgres.go:2030.2,2030.21 1 0
github.com/nexushunter-ai/nexushunter-ai/backend/internal/storage/postgres_evidence.go:13.88,24.24 11 0
github.com/nexushunter-ai/nexushunter-ai/backend/internal/storage/postgres_evidence.go:24.24,26.3 1 0
github.com/nexushunter-ai/nexushunter-ai/backend/internal/storage/postgres_evidence.go:27.2,27.25 1 0
github.com/nexushunter-ai/nexushunter-ai/backend/internal/storage/postgres_evidence.go:27.25,29.3 1 0
github.com/nexushunter-ai/nexushunter-ai/backend/internal/storage/postgres_evidence.go:30.2,84.12 4 0
github.com/nexushunter-ai/nexushunter-ai/backend/internal/storage/postgres_evidence.go:87.97,98.2 3 0
github.com/nexushunter-ai/nexushunter-ai/backend/internal/storage/postgres_evidence.go:100.114,111.16 3 0
github.com/nexushunter-ai/nexushunter-ai/backend/internal/storage/postgres_evidence.go:111.16,113.3 1 0
github.com/nexushunter-ai/nexushunter-ai/backend/internal/storage/postgres_evidence.go:114.2,117.18 3 0
github.com/nexushunter-ai/nexushunter-ai/backend/internal/storage/postgres_evidence.go:117.18,119.17 2 0
github.com/nexushunter-ai/nexushunter-ai/backend/internal/storage/postgres_evidence.go:119.17,121.4 1 0
github.com/nexushunter-ai/nexushunter-ai/backend/internal/storage/postgres_evidence.go:122.3,122.26 1 0
github.com/nexushunter-ai/nexushunter-ai/backend/internal/storage/postgres_evidence.go:124.2,124.25 1 0
github.com/nexushunter-ai/nexushunter-ai/backend/internal/storage/postgres_evidence.go:127.112,138.16 3 0
github.com/nexushunter-ai/nexushunter-ai/backend/internal/storage/postgres_evidence.go:138.16,140.3 1 0
github.com/nexushunter-ai/nexushunter-ai/backend/internal/storage/postgres_evidence.go:141.2,144.18 3 0
github.com/nexushunter-ai/nexushunter-ai/backend/internal/storage/postgres_evidence.go:144.18,146.17 2 0
github.com/nexushunter-ai/nexushunter-ai/backend/internal/storage/postgres_evidence.go:146.17,148.4 1 0
github.com/nexushunter-ai/nexushunter-ai/backend/internal/storage/postgres_evidence.go:149.3,149.26 1 0
github.com/nexushunter-ai/nexushunter-ai/backend/internal/storage/postgres_evidence.go:151.2,151.25 1 0
github.com/nexushunter-ai/nexushunter-ai/backend/internal/storage/postgres_evidence.go:154.116,165.16 3 0
github.com/nexushunter-ai/nexushunter-ai/backend/internal/storage/postgres_evidence.go:165.16,167.3 1 0
github.com/nexushunter-ai/nexushunter-ai/backend/internal/storage/postgres_evidence.go:168.2,171.18 3 0
github.com/nexushunter-ai/nexushunter-ai/backend/internal/storage/postgres_evidence.go:171.18,173.17 2 0
github.com/nexushunter-ai/nexushunter-ai/backend/internal/storage/postgres_evidence.go:173.17,175.4 1 0
github.com/nexushunter-ai/nexushunter-ai/backend/internal/storage/postgres_evidence.go:176.3,176.26 1 0
github.com/nexushunter-ai/nexushunter-ai/backend/internal/storage/postgres_evidence.go:178.2,178.25 1 0
github.com/nexushunter-ai/nexushunter-ai/backend/internal/storage/postgres_evidence.go:185.80,199.16 4 0
github.com/nexushunter-ai/nexushunter-ai/backend/internal/storage/postgres_evidence.go:199.16,200.27 1 0
github.com/nexushunter-ai/nexushunter-ai/backend/internal/storage/postgres_evidence.go:200.27,202.4 1 0
github.com/nexushunter-ai/nexushunter-ai/backend/internal/storage/postgres_evidence.go:203.3,203.18 1 0
github.com/nexushunter-ai/nexushunter-ai/backend/internal/storage/postgres_evidence.go:206.2,209.79 3 0
github.com/nexushunter-ai/nexushunter-ai/backend/internal/storage/postgres_evidence.go:209.79,211.3 1 0
github.com/nexushunter-ai/nexushunter-ai/backend/internal/storage/postgres_evidence.go:212.2,212.82 1 0
github.com/nexushunter-ai/nexushunter-ai/backend/internal/storage/postgres_evidence.go:212.82,214.3 1 0
github.com/nexushunter-ai/nexushunter-ai/backend/internal/storage/postgres_evidence.go:215.2,215.100 1 0
github.com/nexushunter-ai/nexushunter-ai/backend/internal/storage/postgres_evidence.go:215.100,217.3 1 0
github.com/nexushunter-ai/nexushunter-ai/backend/internal/storage/postgres_evidence.go:218.2,218.94 1 0
github.com/nexushunter-ai/nexushunter-ai/backend/internal/storage/postgres_evidence.go:218.94,220.3 1 0
github.com/nexushunter-ai/nexushunter-ai/backend/internal/storage/postgres_evidence.go:221.2,221.86 1 0
github.com/nexushunter-ai/nexushunter-ai/backend/internal/storage/postgres_evidence.go:221.86,223.3 1 0
github.com/nexushunter-ai/nexushunter-ai/backend/internal/storage/postgres_evidence.go:224.2,224.88 1 0
github.com/nexushunter-ai/nexushunter-ai/backend/internal/storage/postgres_evidence.go:224.88,226.3 1 0
github.com/nexushunter-ai/nexushunter-ai/backend/internal/storage/postgres_evidence.go:227.2,227.100 1 0
github.com/nexushunter-ai/nexushunter-ai/backend/internal/storage/postgres_evidence.go:227.100,229.3 1 0
github.com/nexushunter-ai/nexushunter-ai/backend/internal/storage/postgres_evidence.go:230.2,230.94 1 0
github.com/nexushunter-ai/nexushunter-ai/backend/internal/storage/postgres_evidence.go:230.94,232.3 1 0
github.com/nexushunter-ai/nexushunter-ai/backend/internal/storage/postgres_evidence.go:233.2,233.96 1 0
github.com/nexushunter-ai/nexushunter-ai/backend/internal/storage/postgres_evidence.go:233.96,235.3 1 0
github.com/nexushunter-ai/nexushunter-ai/backend/internal/storage/postgres_evidence.go:236.2,236.86 1 0
github.com/nexushunter-ai/nexushunter-ai/backend/internal/storage/postgres_evidence.go:236.86,238.3 1 0
github.com/nexushunter-ai/nexushunter-ai/backend/internal/storage/postgres_evidence.go:239.2,239.82 1 0
github.com/nexushunter-ai/nexushunter-ai/backend/internal/storage/postgres_evidence.go:239.82,241.3 1 0
github.com/nexushunter-ai/nexushunter-ai/backend/internal/storage/postgres_evidence.go:242.2,242.71 1 0
github.com/nexushunter-ai/nexushunter-ai/backend/internal/storage/postgres_evidence.go:242.71,244.3 1 0
github.com/nexushunter-ai/nexushunter-ai/backend/internal/storage/postgres_evidence.go:246.2,246.16 1 0
github.com/nexushunter-ai/nexushunter-ai/backend/internal/storage/postgres_evidence.go:250.98,269.2 6 0
github.com/nexushunter-ai/nexushunter-ai/backend/internal/storage/postgres_evidence.go:271.105,286.16 6 0
github.com/nexushunter-ai/nexushunter-ai/backend/internal/storage/postgres_evidence.go:286.16,287.27 1 0
github.com/nexushunter-ai/nexushunter-ai/backend/internal/storage/postgres_evidence.go:287.27,289.4 1 0
github.com/nexushunter-ai/nexushunter-ai/backend/internal/storage/postgres_evidence.go:290.3,290.18 1 0
github.com/nexushunter-ai/nexushunter-ai/backend/internal/storage/postgres_evidence.go:293.2,293.88 1 0
github.com/nexushunter-ai/nexushunter-ai/backend/internal/storage/postgres_evidence.go:293.88,295.3 1 0
github.com/nexushunter-ai/nexushunter-ai/backend/internal/storage/postgres_evidence.go:296.2,296.98 1 0
github.com/nexushunter-ai/nexushunter-ai/backend/internal/storage/postgres_evidence.go:296.98,298.3 1 0
github.com/nexushunter-ai/nexushunter-ai/backend/internal/storage/postgres_evidence.go:299.2,299.98 1 0
github.com/nexushunter-ai/nexushunter-ai/backend/internal/storage/postgres_evidence.go:299.98,301.3 1 0
github.com/nexushunter-ai/nexushunter-ai/backend/internal/storage/postgres_evidence.go:303.2,303.18 1 0
github.com/nexushunter-ai/nexushunter-ai/backend/internal/storage/postgres_evidence.go:306.115,315.16 3 0
github.com/nexushunter-ai/nexushunter-ai/backend/internal/storage/postgres_evidence.go:315.16,317.3 1 0
github.com/nexushunter-ai/nexushunter-ai/backend/internal/storage/postgres_evidence.go:318.2,321.18 3 0
github.com/nexushunter-ai/nexushunter-ai/backend/internal/storage/postgres_evidence.go:321.18,327.17 3 0
github.com/nexushunter-ai/nexushunter-ai/backend/internal/storage/postgres_evidence.go:327.17,329.4 1 0
github.com/nexushunter-ai/nexushunter-ai/backend/internal/storage/postgres_evidence.go:330.3,330.89 1 0
github.com/nexushunter-ai/nexushunter-ai/backend/internal/storage/postgres_evidence.go:330.89,332.4 1 0
github.com/nexushunter-ai/nexushunter-ai/backend/internal/storage/postgres_evidence.go:333.3,333.99 1 0
github.com/nexushunter-ai/nexushunter-ai/backend/internal/storage/postgres_evidence.go:333.99,335.4 1 0
github.com/nexushunter-ai/nexushunter-ai/backend/internal/storage/postgres_evidence.go:336.3,336.99 1 0
github.com/nexushunter-ai/nexushunter-ai/backend/internal/storage/postgres_evidence.go:336.99,338.4 1 0
github.com/nexushunter-ai/nexushunter-ai/backend/internal/storage/postgres_evidence.go:339.3,339.28 1 0
github.com/nexushunter-ai/nexushunter-ai/backend/internal/storage/postgres_evidence.go:341.2,341.25 1 0
github.com/nexushunter-ai/nexushunter-ai/backend/internal/storage/postgres_evidence.go:345.111,354.28 3 0
github.com/nexushunter-ai/nexushunter-ai/backend/internal/storage/postgres_evidence.go:354.28,356.3 1 0
github.com/nexushunter-ai/nexushunter-ai/backend/internal/storage/postgres_evidence.go:357.2,361.12 2 0
github.com/nexushunter-ai/nexushunter-ai/backend/internal/storage/postgres_evidence.go:364.138,372.16 3 0
github.com/nexushunter-ai/nexushunter-ai/backend/internal/storage/postgres_evidence.go:372.16,374.3 1 0
github.com/nexushunter-ai/nexushunter-ai/backend/internal/storage/postgres_evidence.go:375.2,378.18 3 0
github.com/nexushunter-ai/nexushunter-ai/backend/internal/storage/postgres_evidence.go:378.18,386.17 4 0
github.com/nexushunter-ai/nexushunter-ai/backend/internal/storage/postgres_evidence.go:386.17,388.4 1 0
github.com/nexushunter-ai/nexushunter-ai/backend/internal/storage/postgres_evidence.go:389.3,391.99 3 0
github.com/nexushunter-ai/nexushunter-ai/backend/internal/storage/postgres_evidence.go:391.99,393.4 1 0
github.com/nexushunter-ai/nexushunter-ai/backend/internal/storage/postgres_evidence.go:394.3,394.27 1 0
github.com/nexushunter-ai/nexushunter-ai/backend/internal/storage/postgres_evidence.go:396.2,396.25 1 0
github.com/nexushunter-ai/nexushunter-ai/backend/internal/storage/postgres_evidence.go:400.115,422.28 4 0
github.com/nexushunter-ai/nexushunter-ai/backend/internal/storage/postgres_evidence.go:422.28,424.3 1 0
github.com/nexushunter-ai/nexushunter-ai/backend/internal/storage/postgres_evidence.go:425.2,425.28 1 0
github.com/nexushunter-ai/nexushunter-ai/backend/internal/storage/postgres_evidence.go:425.28,427.3 1 0
github.com/nexushunter-ai/nexushunter-ai/backend/internal/storage/postgres_evidence.go:428.2,433.12 2 0
github.com/nexushunter-ai/nexushunter-ai/backend/internal/storage/postgres_evidence.go:436.123,454.16 7 0
github.com/nexushunter-ai/nexushunter-ai/backend/internal/storage/postgres_evidence.go:454.16,455.27 1 0
github.com/nexushunter-ai/nexushunter-ai/backend/internal/storage/postgres_evidence.go:455.27,457.4 1 0
github.com/nexushunter-ai/nexushunter-ai/backend/internal/storage/postgres_evidence.go:458.3,458.18 1 0
github.com/nexushunter-ai/nexushunter-ai/backend/internal/storage/postgres_evidence.go:461.2,464.107 4 0
github.com/nexushunter-ai/nexushunter-ai/backend/internal/storage/postgres_evidence.go:464.107,466.3 1 0
github.com/nexushunter-ai/nexushunter-ai/backend/internal/storage/postgres_evidence.go:467.2,467.121 1 0
github.com/nexushunter-ai/nexushunter-ai/backend/internal/storage/postgres_evidence.go:467.121,469.3 1 0
github.com/nexushunter-ai/nexushunter-ai/backend/internal/storage/postgres_evidence.go:471.2,471.17 1 0
github.com/nexushunter-ai/nexushunter-ai/backend/internal/storage/postgres_evidence.go:474.142,484.16 3 0
github.com/nexushunter-ai/nexushunter-ai/backend/internal/storage/postgres_evidence.go:484.16,486.3 1 0
github.com/nexushunter-ai/nexushunter-ai/backend/internal/storage/postgres_evidence.go:487.2,490.18 3 0
github.com/nexushunter-ai/nexushunter-ai/backend/internal/storage/postgres_evidence.go:490.18,499.17 4 0
github.com/nexushunter-ai/nexushunter-ai/backend/internal/storage/postgres_evidence.go:499.17,501.4 1 0
github.com/nexushunter-ai/nexushunter-ai/backend/internal/storage/postgres_evidence.go:502.3,505.108 4 0
github.com/nexushunter-ai/nexushunter-ai/backend/internal/storage/postgres_evidence.go:505.108,507.4 1 0
github.com/nexushunter-ai/nexushunter-ai/backend/internal/storage/postgres_evidence.go:508.3,508.122 1 0
github.com/nexushunter-ai/nexushunter-ai/backend/internal/storage/postgres_evidence.go:508.122,510.4 1 0
github.com/nexushunter-ai/nexushunter-ai/backend/internal/storage/postgres_evidence.go:511.3,511.27 1 0
github.com/nexushunter-ai/nexushunter-ai/backend/internal/storage/postgres_evidence.go:513.2,513.25 1 0
github.com/nexushunter-ai/nexushunter-ai/backend/internal/storage/postgres_evidence.go:517.103,530.28 4 0
github.com/nexushunter-ai/nexushunter-ai/backend/internal/storage/postgres_evidence.go:530.28,532.3 1 0
github.com/nexushunter-ai/nexushunter-ai/backend/internal/storage/postgres_evidence.go:533.2,537.12 2 0
github.com/nexushunter-ai/nexushunter-ai/backend/internal/storage/postgres_evidence.go:540.130,549.16 3 0
github.com/nexushunter-ai/nexushunter-ai/backend/internal/storage/postgres_evidence.go:549.16,551.3 1 0
github.com/nexushunter-ai/nexushunter-ai/backend/internal/storage/postgres_evidence.go:552.2,555.18 3 0
github.com/nexushunter-ai/nexushunter-ai/backend/internal/storage/postgres_evidence.go:555.18,562.17 3 0
github.com/nexushunter-ai/nexushunter-ai/backend/internal/storage/postgres_evidence.go:562.17,564.4 1 0
github.com/nexushunter-ai/nexushunter-ai/backend/internal/storage/postgres_evidence.go:565.3,565.102 1 0
github.com/nexushunter-ai/nexushunter-ai/backend/internal/storage/postgres_evidence.go:565.102,567.4 1 0
github.com/nexushunter-ai/nexushunter-ai/backend/internal/storage/postgres_evidence.go:568.3,568.94 1 0
github.com/nexushunter-ai/nexushunter-ai/backend/internal/storage/postgres_evidence.go:568.94,570.4 1 0
github.com/nexushunter-ai/nexushunter-ai/backend/internal/storage/postgres_evidence.go:571.3,571.27 1 0
github.com/nexushunter-ai/nexushunter-ai/backend/internal/storage/postgres_evidence.go:573.2,573.25 1 0
github.com/nexushunter-ai/nexushunter-ai/backend/internal/storage/postgres_evidence.go:577.108,588.27 4 0
github.com/nexushunter-ai/nexushunter-ai/backend/internal/storage/postgres_evidence.go:588.27,590.3 1 0
github.com/nexushunter-ai/nexushunter-ai/backend/internal/storage/postgres_evidence.go:591.2,595.12 2 0
github.com/nexushunter-ai/nexushunter-ai/backend/internal/storage/postgres_evidence.go:598.145,599.16 1 0
github.com/nexushunter-ai/nexushunter-ai/backend/internal/storage/postgres_evidence.go:599.16,601.3 1 0
github.com/nexushunter-ai/nexushunter-ai/backend/internal/storage/postgres_evidence.go:602.2,610.16 3 0
github.com/nexushunter-ai/nexushunter-ai/backend/internal/storage/postgres_evidence.go:610.16,612.3 1 0
github.com/nexushunter-ai/nexushunter-ai/backend/internal/storage/postgres_evidence.go:613.2,616.18 3 0
github.com/nexushunter-ai/nexushunter-ai/backend/internal/storage/postgres_evidence.go:616.18,624.17 4 0
github.com/nexushunter-ai/nexushunter-ai/backend/internal/storage/postgres_evidence.go:624.17,626.4 1 0
github.com/nexushunter-ai/nexushunter-ai/backend/internal/storage/postgres_evidence.go:627.3,628.94 2 0
github.com/nexushunter-ai/nexushunter-ai/backend/internal/storage/postgres_evidence.go:628.94,630.4 1 0
github.com/nexushunter-ai/nexushunter-ai/backend/internal/storage/postgres_evidence.go:631.3,631.91 1 0
github.com/nexushunter-ai/nexushunter-ai/backend/internal/storage/postgres_evidence.go:631.91,633.4 1 0
github.com/nexushunter-ai/nexushunter-ai/backend/internal/storage/postgres_evidence.go:634.3,634.26 1 0
github.com/nexushunter-ai/nexushunter-ai/backend/internal/storage/postgres_evidence.go:636.2,636.25 1 0
github.com/nexushunter-ai/nexushunter-ai/backend/internal/storage/postgres_intelligence.go:13.92,15.16 2 0
github.com/nexushunter-ai/nexushunter-ai/backend/internal/storage/postgres_intelligence.go:15.16,17.3 1 0
github.com/nexushunter-ai/nexushunter-ai/backend/internal/storage/postgres_intelligence.go:19.2,37.12 3 0
github.com/nexushunter-ai/nexushunter-ai/backend/internal/storage/postgres_intelligence.go:41.92,43.16 2 0
github.com/nexushunter-ai/nexushunter-ai/backend/internal/storage/postgres_intelligence.go:43.16,45.3 1 0
github.com/nexushunter-ai/nexushunter-ai/backend/internal/storage/postgres_intelligence.go:47.2,62.12 3 0
github.com/nexushunter-ai/nexushunter-ai/backend/internal/storage/postgres_intelligence.go:66.107,75.16 3 0
github.com/nexushunter-ai/nexushunter-ai/backend/internal/storage/postgres_intelligence.go:75.16,77.3 1 0
github.com/nexushunter-ai/nexushunter-ai/backend/internal/storage/postgres_intelligence.go:78.2,83.18 4 0
github.com/nexushunter-ai/nexushunter-ai/backend/internal/storage/postgres_intelligence.go:83.18,88.125 4 0
github.com/nexushunter-ai/nexushunter-ai/backend/internal/storage/postgres_intelligence.go:88.125,90.4 1 0
github.com/nexushunter-ai/nexushunter-ai/backend/internal/storage/postgres_intelligence.go:91.3,92.89 2 0
github.com/nexushunter-ai/nexushunter-ai/backend/internal/storage/postgres_intelligence.go:92.89,94.4 1 0
github.com/nexushunter-ai/nexushunter-ai/backend/internal/storage/postgres_intelligence.go:95.3,96.28 2 0
github.com/nexushunter-ai/nexushunter-ai/backend/internal/storage/postgres_intelligence.go:98.2,98.35 1 0
github.com/nexushunter-ai/nexushunter-ai/backend/internal/storage/postgres_intelligence.go:98.35,100.3 1 0
github.com/nexushunter-ai/nexushunter-ai/backend/internal/storage/postgres_intelligence.go:103.2,110.16 3 0
github.com/nexushunter-ai/nexushunter-ai/backend/internal/storage/postgres_intelligence.go:110.16,112.3 1 0
github.com/nexushunter-ai/nexushunter-ai/backend/internal/storage/postgres_intelligence.go:113.2,116.19 3 0
github.com/nexushunter-ai/nexushunter-ai/backend/internal/storage/postgres_intelligence.go:116.19,121.135 4 0
github.com/nexushunter-ai/nexushunter-ai/backend/internal/storage/postgres_intelligence.go:121.135,123.4 1 0
github.com/nexushunter-ai/nexushunter-ai/backend/internal/storage/postgres_intelligence.go:124.3,125.89 2 0
github.com/nexushunter-ai/nexushunter-ai/backend/internal/storage/postgres_intelligence.go:125.89,127.4 1 0
github.com/nexushunter-ai/nexushunter-ai/backend/internal/storage/postgres_intelligence.go:128.3,128.28 1 0
github.com/nexushunter-ai/nexushunter-ai/backend/internal/storage/postgres_intelligence.go:130.2,130.36 1 0
github.com/nexushunter-ai/nexushunter-ai/backend/internal/storage/postgres_intelligence.go:130.36,132.3 1 0
github.com/nexushunter-ai/nexushunter-ai/backend/internal/storage/postgres_intelligence.go:134.2,141.8 1 0
github.com/nexushunter-ai/nexushunter-ai/backend/internal/storage/postgres_intelligence.go:145.112,147.16 2 0
github.com/nexushunter-ai/nexushunter-ai/backend/internal/storage/postgres_intelligence.go:147.16,149.3 1 0
github.com/nexushunter-ai/nexushunter-ai/backend/internal/storage/postgres_intelligence.go:151.2,170.12 3 0
github.com/nexushunter-ai/nexushunter-ai/backend/internal/storage/postgres_intelligence.go:174.136,175.16 1 0
github.com/nexushunter-ai/nexushunter-ai/backend/internal/storage/postgres_intelligence.go:175.16,177.3 1 0
github.com/nexushunter-ai/nexushunter-ai/backend/internal/storage/postgres_intelligence.go:178.2,186.16 3 0
github.com/nexushunter-ai/nexushunter-ai/backend/internal/storage/postgres_intelligence.go:186.16,188.3 1 0
github.com/nexushunter-ai/nexushunter-ai/backend/internal/storage/postgres_intelligence.go:189.2,192.18 3 0
github.com/nexushunter-ai/nexushunter-ai/backend/internal/storage/postgres_intelligence.go:192.18,197.205 4 0
github.com/nexushunter-ai/nexushunter-ai/backend/internal/storage/postgres_intelligence.go:197.205,199.4 1 0
github.com/nexushunter-ai/nexushunter-ai/backend/internal/storage/postgres_intelligence.go:200.3,201.90 2 0
github.com/nexushunter-ai/nexushunter-ai/backend/internal/storage/postgres_intelligence.go:201.90,203.4 1 0
github.com/nexushunter-ai/nexushunter-ai/backend/internal/storage/postgres_intelligence.go:204.3,204.32 1 0
github.com/nexushunter-ai/nexushunter-ai/backend/internal/storage/postgres_intelligence.go:206.2,206.35 1 0
github.com/nexushunter-ai/nexushunter-ai/backend/internal/storage/postgres_intelligence.go:206.35,208.3 1 0
github.com/nexushunter-ai/nexushunter-ai/backend/internal/storage/postgres_intelligence.go:209.2,209.21 1 0
github.com/nexushunter-ai/nexushunter-ai/backend/internal/storage/postgres_intelligence.go:213.105,232.2 3 0
github.com/nexushunter-ai/nexushunter-ai/backend/internal/storage/postgres_intelligence.go:235.121,243.16 3 0
github.com/nexushunter-ai/nexushunter-ai/backend/internal/storage/postgres_intelligence.go:243.16,245.3 1 0
github.com/nexushunter-ai/nexushunter-ai/backend/internal/storage/postgres_intelligence.go:246.2,249.18 3 0
github.com/nexushunter-ai/nexushunter-ai/backend/internal/storage/postgres_intelligence.go:249.18,252.190 3 0
github.com/nexushunter-ai/nexushunter-ai/backend/internal/storage/postgres_intelligence.go:252.190,254.4 1 0
github.com/nexushunter-ai/nexushunter-ai/backend/internal/storage/postgres_intelligence.go:255.3,257.26 3 0
github.com/nexushunter-ai/nexushunter-ai/backend/internal/storage/postgres_intelligence.go:259.2,259.35 1 0
github.com/nexushunter-ai/nexushunter-ai/backend/internal/storage/postgres_intelligence.go:259.35,261.3 1 0
github.com/nexushunter-ai/nexushunter-ai/backend/internal/storage/postgres_intelligence.go:262.2,262.18 1 0
github.com/nexushunter-ai/nexushunter-ai/backend/internal/storage/postgres_intelligence.go:266.112,293.2 5 0
github.com/nexushunter-ai/nexushunter-ai/backend/internal/storage/postgres_intelligence.go:296.127,304.16 3 0
github.com/nexushunter-ai/nexushunter-ai/backend/internal/storage/postgres_intelligence.go:304.16,306.3 1 0
github.com/nexushunter-ai/nexushunter-ai/backend/internal/storage/postgres_intelligence.go:307.2,310.18 3 0
github.com/nexushunter-ai/nexushunter-ai/backend/internal/storage/postgres_intelligence.go:310.18,313.275 3 0
github.com/nexushunter-ai/nexushunter-ai/backend/internal/storage/postgres_intelligence.go:313.275,315.4 1 0
github.com/nexushunter-ai/nexushunter-ai/backend/internal/storage/postgres_intelligence.go:316.3,316.101 1 0
github.com/nexushunter-ai/nexushunter-ai/backend/internal/storage/postgres_intelligence.go:316.101,318.4 1 0
github.com/nexushunter-ai/nexushunter-ai/backend/internal/storage/postgres_intelligence.go:319.3,319.115 1 0
github.com/nexushunter-ai/nexushunter-ai/backend/internal/storage/postgres_intelligence.go:319.115,321.4 1 0
github.com/nexushunter-ai/nexushunter-ai/backend/internal/storage/postgres_intelligence.go:322.3,322.28 1 0
github.com/nexushunter-ai/nexushunter-ai/backend/internal/storage/postgres_intelligence.go:324.2,324.35 1 0
github.com/nexushunter-ai/nexushunter-ai/backend/internal/storage/postgres_intelligence.go:324.35,326.3 1 0
github.com/nexushunter-ai/nexushunter-ai/backend/internal/storage/postgres_intelligence.go:327.2,327.19 1 0
github.com/nexushunter-ai/nexushunter-ai/backend/internal/storage/postgres_intelligence.go:331.117,371.2 7 0
github.com/nexushunter-ai/nexushunter-ai/backend/internal/storage/postgres_intelligence.go:374.121,387.26 7 0
github.com/nexushunter-ai/nexushunter-ai/backend/internal/storage/postgres_intelligence.go:387.26,389.3 1 0
github.com/nexushunter-ai/nexushunter-ai/backend/internal/storage/postgres_intelligence.go:390.2,390.16 1 0
github.com/nexushunter-ai/nexushunter-ai/backend/internal/storage/postgres_intelligence.go:390.16,392.3 1 0
github.com/nexushunter-ai/nexushunter-ai/backend/internal/storage/postgres_intelligence.go:394.2,395.112 2 0
github.com/nexushunter-ai/nexushunter-ai/backend/internal/storage/postgres_intelligence.go:395.112,397.3 1 0
github.com/nexushunter-ai/nexushunter-ai/backend/internal/storage/postgres_intelligence.go:398.2,398.107 1 0
github.com/nexushunter-ai/nexushunter-ai/backend/internal/storage/postgres_intelligence.go:398.107,400.3 1 0
github.com/nexushunter-ai/nexushunter-ai/backend/internal/storage/postgres_intelligence.go:401.2,401.116 1 0
github.com/nexushunter-ai/nexushunter-ai/backend/internal/storage/postgres_intelligence.go:401.116,403.3 1 0
github.com/nexushunter-ai/nexushunter-ai/backend/internal/storage/postgres_intelligence.go:404.2,404.120 1 0
github.com/nexushunter-ai/nexushunter-ai/backend/internal/storage/postgres_intelligence.go:404.120,406.3 1 0
github.com/nexushunter-ai/nexushunter-ai/backend/internal/storage/postgres_intelligence.go:407.2,407.16 1 0
github.com/nexushunter-ai/nexushunter-ai/backend/internal/storage/postgres_intelligence.go:411.131,419.16 3 0
github.com/nexushunter-ai/nexushunter-ai/backend/internal/storage/postgres_intelligence.go:419.16,421.3 1 0
github.com/nexushunter-ai/nexushunter-ai/backend/internal/storage/postgres_intelligence.go:422.2,425.18 3 0
github.com/nexushunter-ai/nexushunter-ai/backend/internal/storage/postgres_intelligence.go:425.18,430.235 4 0
github.com/nexushunter-ai/nexushunter-ai/backend/internal/storage/postgres_intelligence.go:430.235,432.4 1 0
github.com/nexushunter-ai/nexushunter-ai/backend/internal/storage/postgres_intelligence.go:433.3,434.113 2 0
github.com/nexushunter-ai/nexushunter-ai/backend/internal/storage/postgres_intelligence.go:434.113,436.4 1 0
github.com/nexushunter-ai/nexushunter-ai/backend/internal/storage/postgres_intelligence.go:437.3,437.108 1 0
github.com/nexushunter-ai/nexushunter-ai/backend/internal/storage/postgres_intelligence.go:437.108,439.4 1 0
github.com/nexushunter-ai/nexushunter-ai/backend/internal/storage/postgres_intelligence.go:440.3,440.117 1 0
github.com/nexushunter-ai/nexushunter-ai/backend/internal/storage/postgres_intelligence.go:440.117,442.4 1 0
github.com/nexushunter-ai/nexushunter-ai/backend/internal/storage/postgres_intelligence.go:443.3,443.121 1 0
github.com/nexushunter-ai/nexushunter-ai/backend/internal/storage/postgres_intelligence.go:443.121,445.4 1 0
github.com/nexushunter-ai/nexushunter-ai/backend/internal/storage/postgres_intelligence.go:446.3,446.34 1 0
github.com/nexushunter-ai/nexushunter-ai/backend/internal/storage/postgres_intelligence.go:448.2,448.35 1 0
github.com/nexushunter-ai/nexushunter-ai/backend/internal/storage/postgres_intelligence.go:448.35,450.3 1 0
github.com/nexushunter-ai/nexushunter-ai/backend/internal/storage/postgres_intelligence.go:451.2,451.22 1 0
github.com/nexushunter-ai/nexushunter-ai/backend/internal/storage/postgres_intelligence.go:455.114,462.16 3 0
github.com/nexushunter-ai/nexushunter-ai/backend/internal/storage/postgres_intelligence.go:462.16,464.3 1 0
github.com/nexushunter-ai/nexushunter-ai/backend/internal/storage/postgres_intelligence.go:465.2,466.12 2 0
github.com/nexushunter-ai/nexushunter-ai/backend/internal/storage/postgres_intelligence.go:466.12,468.3 1 0
github.com/nexushunter-ai/nexushunter-ai/backend/internal/storage/postgres_intelligence.go:469.2,469.12 1 0
github.com/nexushunter-ai/nexushunter-ai/backend/internal/storage/postgres_intelligence.go:473.115,494.2 13 0
github.com/nexushunter-ai/nexushunter-ai/backend/internal/storage/postgres_intelligence.go:497.120,515.2 4 0
github.com/nexushunter-ai/nexushunter-ai/backend/internal/storage/postgres_phase8.go:24.66,26.2 1 0
github.com/nexushunter-ai/nexushunter-ai/backend/internal/storage/postgres_phase8.go:32.111,57.16 3 0
github.com/nexushunter-ai/nexushunter-ai/backend/internal/storage/postgres_phase8.go:57.16,59.3 1 0
github.com/nexushunter-ai/nexushunter-ai/backend/internal/storage/postgres_phase8.go:60.2,61.16 2 0
github.com/nexushunter-ai/nexushunter-ai/backend/internal/storage/postgres_phase8.go:61.16,63.3 1 0
github.com/nexushunter-ai/nexushunter-ai/backend/internal/storage/postgres_phase8.go:64.2,65.16 2 0
github.com/nexushunter-ai/nexushunter-ai/backend/internal/storage/postgres_phase8.go:65.16,67.3 1 0
github.com/nexushunter-ai/nexushunter-ai/backend/internal/storage/postgres_phase8.go:69.2,70.27 2 0
github.com/nexushunter-ai/nexushunter-ai/backend/internal/storage/postgres_phase8.go:70.27,72.3 1 0
github.com/nexushunter-ai/nexushunter-ai/backend/internal/storage/postgres_phase8.go:74.2,82.12 2 0
github.com/nexushunter-ai/nexushunter-ai/backend/internal/storage/postgres_phase8.go:85.116,111.16 7 0
github.com/nexushunter-ai/nexushunter-ai/backend/internal/storage/postgres_phase8.go:111.16,112.36 1 0
github.com/nexushunter-ai/nexushunter-ai/backend/internal/storage/postgres_phase8.go:112.36,114.4 1 0
github.com/nexushunter-ai/nexushunter-ai/backend/internal/storage/postgres_phase8.go:115.3,115.18 1 0
github.com/nexushunter-ai/nexushunter-ai/backend/internal/storage/postgres_phase8.go:118.2,119.67 2 0
github.com/nexushunter-ai/nexushunter-ai/backend/internal/storage/postgres_phase8.go:119.67,121.3 1 0
github.com/nexushunter-ai/nexushunter-ai/backend/internal/storage/postgres_phase8.go:122.2,122.70 1 0
github.com/nexushunter-ai/nexushunter-ai/backend/internal/storage/postgres_phase8.go:122.70,124.3 1 0
github.com/nexushunter-ai/nexushunter-ai/backend/internal/storage/postgres_phase8.go:125.2,126.70 2 0
github.com/nexushunter-ai/nexushunter-ai/backend/internal/storage/postgres_phase8.go:126.70,128.3 1 0
github.com/nexushunter-ai/nexushunter-ai/backend/internal/storage/postgres_phase8.go:130.2,130.18 1 0
github.com/nexushunter-ai/nexushunter-ai/backend/internal/storage/postgres_phase8.go:133.109,146.16 3 0
github.com/nexushunter-ai/nexushunter-ai/backend/internal/storage/postgres_phase8.go:146.16,148.3 1 0
github.com/nexushunter-ai/nexushunter-ai/backend/internal/storage/postgres_phase8.go:149.2,152.18 3 0
github.com/nexushunter-ai/nexushunter-ai/backend/internal/storage/postgres_phase8.go:152.18,164.17 4 0
github.com/nexushunter-ai/nexushunter-ai/backend/internal/storage/postgres_phase8.go:164.17,166.4 1 0
github.com/nexushunter-ai/nexushunter-ai/backend/internal/storage/postgres_phase8.go:167.3,168.68 2 0
github.com/nexushunter-ai/nexushunter-ai/backend/internal/storage/postgres_phase8.go:168.68,170.4 1 0
github.com/nexushunter-ai/nexushunter-ai/backend/internal/storage/postgres_phase8.go:171.3,171.71 1 0
github.com/nexushunter-ai/nexushunter-ai/backend/internal/storage/postgres_phase8.go:171.71,173.4 1 0
github.com/nexushunter-ai/nexushunter-ai/backend/internal/storage/postgres_phase8.go:174.3,175.71 2 0
github.com/nexushunter-ai/nexushunter-ai/backend/internal/storage/postgres_phase8.go:175.71,177.4 1 0
github.com/nexushunter-ai/nexushunter-ai/backend/internal/storage/postgres_phase8.go:178.3,178.28 1 0
github.com/nexushunter-ai/nexushunter-ai/backend/internal/storage/postgres_phase8.go:180.2,180.35 1 0
github.com/nexushunter-ai/nexushunter-ai/backend/internal/storage/postgres_phase8.go:180.35,182.3 1 0
github.com/nexushunter-ai/nexushunter-ai/backend/internal/storage/postgres_phase8.go:183.2,183.18 1 0
github.com/nexushunter-ai/nexushunter-ai/backend/internal/storage/postgres_phase8.go:186.135,188.2 1 0
github.com/nexushunter-ai/nexushunter-ai/backend/internal/storage/postgres_phase8.go:190.165,191.42 1 0
github.com/nexushunter-ai/nexushunter-ai/backend/internal/storage/postgres_phase8.go:191.42,193.3 1 0
github.com/nexushunter-ai/nexushunter-ai/backend/internal/storage/postgres_phase8.go:194.2,200.16 3 0
github.com/nexushunter-ai/nexushunter-ai/backend/internal/storage/postgres_phase8.go:200.16,202.3 1 0
github.com/nexushunter-ai/nexushunter-ai/backend/internal/storage/postgres_phase8.go:203.2,204.12 2 0
github.com/nexushunter-ai/nexushunter-ai/backend/internal/storage/postgres_phase8.go:204.12,206.3 1 0
github.com/nexushunter-ai/nexushunter-ai/backend/internal/storage/postgres_phase8.go:207.2,207.12 1 0
github.com/nexushunter-ai/nexushunter-ai/backend/internal/storage/postgres_phase8.go:227.54,228.77 1 0
github.com/nexushunter-ai/nexushunter-ai/backend/internal/storage/postgres_phase8.go:228.77,230.3 1 0
github.com/nexushunter-ai/nexushunter-ai/backend/internal/storage/postgres_phase8.go:231.2,231.63 1 0
github.com/nexushunter-ai/nexushunter-ai/backend/internal/storage/postgres_phase8.go:231.63,233.3 1 0
github.com/nexushunter-ai/nexushunter-ai/backend/internal/storage/postgres_phase8.go:234.2,234.19 1 0
github.com/nexushunter-ai/nexushunter-ai/backend/internal/storage/postgres_phase8.go:234.19,236.3 1 0
github.com/nexushunter-ai/nexushunter-ai/backend/internal/storage/postgres_phase8.go:238.2,239.16 2 0
github.com/nexushunter-ai/nexushunter-ai/backend/internal/storage/postgres_phase8.go:239.16,241.3 1 0
github.com/nexushunter-ai/nexushunter-ai/backend/internal/storage/postgres_phase8.go:242.2,254.106 6 0
github.com/nexushunter-ai/nexushunter-ai/backend/internal/storage/postgres_phase8.go:254.106,255.36 1 0
github.com/nexushunter-ai/nexushunter-ai/backend/internal/storage/postgres_phase8.go:255.36,257.4 1 0
github.com/nexushunter-ai/nexushunter-ai/backend/internal/storage/postgres_phase8.go:258.3,258.70 1 0
github.com/nexushunter-ai/nexushunter-ai/backend/internal/storage/postgres_phase8.go:261.2,261.27 1 0
github.com/nexushunter-ai/nexushunter-ai/backend/internal/storage/postgres_phase8.go:261.27,263.3 1 0
github.com/nexushunter-ai/nexushunter-ai/backend/internal/storage/postgres_phase8.go:264.2,264.26 1 0
github.com/nexushunter-ai/nexushunter-ai/backend/internal/storage/postgres_phase8.go:264.26,266.3 1 0
github.com/nexushunter-ai/nexushunter-ai/backend/internal/storage/postgres_phase8.go:268.2,269.66 2 0
github.com/nexushunter-ai/nexushunter-ai/backend/internal/storage/postgres_phase8.go:269.66,271.3 1 0
github.com/nexushunter-ai/nexushunter-ai/backend/internal/storage/postgres_phase8.go:273.2,274.38 2 0
github.com/nexushunter-ai/nexushunter-ai/backend/internal/storage/postgres_phase8.go:274.38,275.50 1 0
github.com/nexushunter-ai/nexushunter-ai/backend/internal/storage/postgres_phase8.go:275.50,277.9 2 0
github.com/nexushunter-ai/nexushunter-ai/backend/internal/storage/postgres_phase8.go:280.2,280.21 1 0
github.com/nexushunter-ai/nexushunter-ai/backend/internal/storage/postgres_phase8.go:280.21,282.3 1 0
github.com/nexushunter-ai/nexushunter-ai/backend/internal/storage/postgres_phase8.go:284.2,306.27 17 0
github.com/nexushunter-ai/nexushunter-ai/backend/internal/storage/postgres_phase8.go:306.27,308.3 1 0
github.com/nexushunter-ai/nexushunter-ai/backend/internal/storage/postgres_phase8.go:309.2,310.24 2 0
github.com/nexushunter-ai/nexushunter-ai/backend/internal/storage/postgres_phase8.go:310.24,312.3 1 0
github.com/nexushunter-ai/nexushunter-ai/backend/internal/storage/postgres_phase8.go:313.2,314.29 2 0
github.com/nexushunter-ai/nexushunter-ai/backend/internal/storage/postgres_phase8.go:314.29,316.3 1 0
github.com/nexushunter-ai/nexushunter-ai/backend/internal/storage/postgres_phase8.go:318.2,337.16 2 0
github.com/nexushunter-ai/nexushunter-ai/backend/internal/storage/postgres_phase8.go:337.16,339.3 1 0
github.com/nexushunter-ai/nexushunter-ai/backend/internal/storage/postgres_phase8.go:342.2,350.16 2 0
github.com/nexushunter-ai/nexushunter-ai/backend/internal/storage/postgres_phase8.go:350.16,352.3 1 0
github.com/nexushunter-ai/nexushunter-ai/backend/internal/storage/postgres_phase8.go:354.2,354.36 1 0
github.com/nexushunter-ai/nexushunter-ai/backend/internal/storage/postgres_phase8.go:354.36,356.3 1 0
github.com/nexushunter-ai/nexushunter-ai/backend/internal/storage/postgres_phase8.go:358.2,359.16 2 0
github.com/nexushunter-ai/nexushunter-ai/backend/internal/storage/postgres_phase8.go:359.16,361.3 1 0
github.com/nexushunter-ai/nexushunter-ai/backend/internal/storage/postgres_phase8.go:362.2,362.30 1 0
github.com/nexushunter-ai/nexushunter-ai/backend/internal/storage/postgres_phase8.go:369.95,392.2 3 0
github.com/nexushunter-ai/nexushunter-ai/backend/internal/storage/postgres_phase8.go:394.101,409.16 5 0
github.com/nexushunter-ai/nexushunter-ai/backend/internal/storage/postgres_phase8.go:409.16,410.36 1 0
github.com/nexushunter-ai/nexushunter-ai/backend/internal/storage/postgres_phase8.go:410.36,412.4 1 0
github.com/nexushunter-ai/nexushunter-ai/backend/internal/storage/postgres_phase8.go:413.3,413.18 1 0
github.com/nexushunter-ai/nexushunter-ai/backend/internal/storage/postgres_phase8.go:415.2,415.16 1 0
github.com/nexushunter-ai/nexushunter-ai/backend/internal/storage/postgres_phase8.go:418.120,428.16 3 0
github.com/nexushunter-ai/nexushunter-ai/backend/internal/storage/postgres_phase8.go:428.16,430.3 1 0
github.com/nexushunter-ai/nexushunter-ai/backend/internal/storage/postgres_phase8.go:431.2,434.18 3 0
github.com/nexushunter-ai/nexushunter-ai/backend/internal/storage/postgres_phase8.go:434.18,440.17 2 0
github.com/nexushunter-ai/nexushunter-ai/backend/internal/storage/postgres_phase8.go:440.17,442.4 1 0
github.com/nexushunter-ai/nexushunter-ai/backend/internal/storage/postgres_phase8.go:443.3,443.26 1 0
github.com/nexushunter-ai/nexushunter-ai/backend/internal/storage/postgres_phase8.go:445.2,445.35 1 0
github.com/nexushunter-ai/nexushunter-ai/backend/internal/storage/postgres_phase8.go:445.35,447.3 1 0
github.com/nexushunter-ai/nexushunter-ai/backend/internal/storage/postgres_phase8.go:448.2,448.18 1 0
github.com/nexushunter-ai/nexushunter-ai/backend/internal/storage/postgres_phase8.go:451.101,473.2 3 0
github.com/nexushunter-ai/nexushunter-ai/backend/internal/storage/postgres_phase8.go:475.130,486.16 3 0
github.com/nexushunter-ai/nexushunter-ai/backend/internal/storage/postgres_phase8.go:486.16,488.3 1 0
github.com/nexushunter-ai/nexushunter-ai/backend/internal/storage/postgres_phase8.go:489.2,492.18 3 0
github.com/nexushunter-ai/nexushunter-ai/backend/internal/storage/postgres_phase8.go:492.18,499.17 2 0
github.com/nexushunter-ai/nexushunter-ai/backend/internal/storage/postgres_phase8.go:499.17,501.4 1 0
github.com/nexushunter-ai/nexushunter-ai/backend/internal/storage/postgres_phase8.go:502.3,502.28 1 0
github.com/nexushunter-ai/nexushunter-ai/backend/internal/storage/postgres_phase8.go:504.2,504.35 1 0
github.com/nexushunter-ai/nexushunter-ai/backend/internal/storage/postgres_phase8.go:504.35,506.3 1 0
github.com/nexushunter-ai/nexushunter-ai/backend/internal/storage/postgres_phase8.go:507.2,507.18 1 0
github.com/nexushunter-ai/nexushunter-ai/backend/internal/storage/postgres_phase8.go:510.111,529.2 3 0
github.com/nexushunter-ai/nexushunter-ai/backend/internal/storage/postgres_phase8.go:531.138,541.16 3 0
github.com/nexushunter-ai/nexushunter-ai/backend/internal/storage/postgres_phase8.go:541.16,543.3 1 0
github.com/nexushunter-ai/nexushunter-ai/backend/internal/storage/postgres_phase8.go:544.2,547.18 3 0
github.com/nexushunter-ai/nexushunter-ai/backend/internal/storage/postgres_phase8.go:547.18,553.17 2 0
github.com/nexushunter-ai/nexushunter-ai/backend/internal/storage/postgres_phase8.go:553.17,555.4 1 0
github.com/nexushunter-ai/nexushunter-ai/backend/internal/storage/postgres_phase8.go:556.3,556.28 1 0
github.com/nexushunter-ai/nexushunter-ai/backend/internal/storage/postgres_phase8.go:558.2,558.35 1 0
github.com/nexushunter-ai/nexushunter-ai/backend/internal/storage/postgres_phase8.go:558.35,560.3 1 0
github.com/nexushunter-ai/nexushunter-ai/backend/internal/storage/postgres_phase8.go:561.2,561.18 1 0
github.com/nexushunter-ai/nexushunter-ai/backend/internal/storage/postgres_phase8.go:568.107,593.2 3 0
github.com/nexushunter-ai/nexushunter-ai/backend/internal/storage/postgres_phase8.go:595.115,612.16 5 0
github.com/nexushunter-ai/nexushunter-ai/backend/internal/storage/postgres_phase8.go:612.16,613.36 1 0
github.com/nexushunter-ai/nexushunter-ai/backend/internal/storage/postgres_phase8.go:613.36,615.4 1 0
github.com/nexushunter-ai/nexushunter-ai/backend/internal/storage/postgres_phase8.go:616.3,616.18 1 0
github.com/nexushunter-ai/nexushunter-ai/backend/internal/storage/postgres_phase8.go:618.2,618.18 1 0
github.com/nexushunter-ai/nexushunter-ai/backend/internal/storage/postgres_phase8.go:621.134,632.16 3 0
github.com/nexushunter-ai/nexushunter-ai/backend/internal/storage/postgres_phase8.go:632.16,634.3 1 0
github.com/nexushunter-ai/nexushunter-ai/backend/internal/storage/postgres_phase8.go:635.2,638.18 3 0
github.com/nexushunter-ai/nexushunter-ai/backend/internal/storage/postgres_phase8.go:638.18,645.17 2 0
github.com/nexushunter-ai/nexushunter-ai/backend/internal/storage/postgres_phase8.go:645.17,647.4 1 0
github.com/nexushunter-ai/nexushunter-ai/backend/internal/storage/postgres_phase8.go:648.3,648.28 1 0
github.com/nexushunter-ai/nexushunter-ai/backend/internal/storage/postgres_phase8.go:650.2,650.35 1 0
github.com/nexushunter-ai/nexushunter-ai/backend/internal/storage/postgres_phase8.go:650.35,652.3 1 0
github.com/nexushunter-ai/nexushunter-ai/backend/internal/storage/postgres_phase8.go:653.2,653.18 1 0
github.com/nexushunter-ai/nexushunter-ai/backend/internal/storage/postgres_phase8.go:656.147,663.16 3 0
github.com/nexushunter-ai/nexushunter-ai/backend/internal/storage/postgres_phase8.go:663.16,665.3 1 0
github.com/nexushunter-ai/nexushunter-ai/backend/internal/storage/postgres_phase8.go:666.2,667.12 2 0
github.com/nexushunter-ai/nexushunter-ai/backend/internal/storage/postgres_phase8.go:667.12,669.3 1 0
github.com/nexushunter-ai/nexushunter-ai/backend/internal/storage/postgres_phase8.go:670.2,670.12 1 0
github.com/nexushunter-ai/nexushunter-ai/backend/internal/storage/postgres_phase8.go:677.107,711.2 6 0
github.com/nexushunter-ai/nexushunter-ai/backend/internal/storage/postgres_phase8.go:713.130,733.16 6 0
github.com/nexushunter-ai/nexushunter-ai/backend/internal/storage/postgres_phase8.go:733.16,734.36 1 0
github.com/nexushunter-ai/nexushunter-ai/backend/internal/storage/postgres_phase8.go:734.36,736.4 1 0
github.com/nexushunter-ai/nexushunter-ai/backend/internal/storage/postgres_phase8.go:737.3,737.18 1 0
github.com/nexushunter-ai/nexushunter-ai/backend/internal/storage/postgres_phase8.go:740.2,740.65 1 0
github.com/nexushunter-ai/nexushunter-ai/backend/internal/storage/postgres_phase8.go:740.65,742.3 1 0
github.com/nexushunter-ai/nexushunter-ai/backend/internal/storage/postgres_phase8.go:743.2,743.74 1 0
github.com/nexushunter-ai/nexushunter-ai/backend/internal/storage/postgres_phase8.go:743.74,745.3 1 0
github.com/nexushunter-ai/nexushunter-ai/backend/internal/storage/postgres_phase8.go:746.2,746.70 1 0
github.com/nexushunter-ai/nexushunter-ai/backend/internal/storage/postgres_phase8.go:746.70,748.3 1 0
github.com/nexushunter-ai/nexushunter-ai/backend/internal/storage/postgres_phase8.go:750.2,750.18 1 0
github.com/nexushunter-ai/nexushunter-ai/backend/internal/storage/postgres_phase8.go:753.125,764.16 3 0
github.com/nexushunter-ai/nexushunter-ai/backend/internal/storage/postgres_phase8.go:764.16,766.3 1 0
github.com/nexushunter-ai/nexushunter-ai/backend/internal/storage/postgres_phase8.go:767.2,770.18 3 0
github.com/nexushunter-ai/nexushunter-ai/backend/internal/storage/postgres_phase8.go:770.18,778.17 3 0
github.com/nexushunter-ai/nexushunter-ai/backend/internal/storage/postgres_phase8.go:778.17,780.4 1 0
github.com/nexushunter-ai/nexushunter-ai/backend/internal/storage/postgres_phase8.go:781.3,781.66 1 0
github.com/nexushunter-ai/nexushunter-ai/backend/internal/storage/postgres_phase8.go:781.66,783.4 1 0
github.com/nexushunter-ai/nexushunter-ai/backend/internal/storage/postgres_phase8.go:784.3,784.75 1 0
github.com/nexushunter-ai/nexushunter-ai/backend/internal/storage/postgres_phase8.go:784.75,786.4 1 0
github.com/nexushunter-ai/nexushunter-ai/backend/internal/storage/postgres_phase8.go:787.3,787.71 1 0
github.com/nexushunter-ai/nexushunter-ai/backend/internal/storage/postgres_phase8.go:787.71,789.4 1 0
github.com/nexushunter-ai/nexushunter-ai/backend/internal/storage/postgres_phase8.go:790.3,790.28 1 0
github.com/nexushunter-ai/nexushunter-ai/backend/internal/storage/postgres_phase8.go:792.2,792.35 1 0
github.com/nexushunter-ai/nexushunter-ai/backend/internal/storage/postgres_phase8.go:792.35,794.3 1 0
github.com/nexushunter-ai/nexushunter-ai/backend/internal/storage/postgres_phase8.go:795.2,795.18 1 0
github.com/nexushunter-ai/nexushunter-ai/backend/internal/storage/postgres_phase8.go:802.114,804.16 2 0
github.com/nexushunter-ai/nexushunter-ai/backend/internal/storage/postgres_phase8.go:804.16,806.3 1 0
github.com/nexushunter-ai/nexushunter-ai/backend/internal/storage/postgres_phase8.go:807.2,843.16 8 0
github.com/nexushunter-ai/nexushunter-ai/backend/internal/storage/postgres_phase8.go:843.16,845.3 1 0
github.com/nexushunter-ai/nexushunter-ai/backend/internal/storage/postgres_phase8.go:848.2,849.16 2 0
github.com/nexushunter-ai/nexushunter-ai/backend/internal/storage/postgres_phase8.go:849.16,851.3 1 0
github.com/nexushunter-ai/nexushunter-ai/backend/internal/storage/postgres_phase8.go:853.2,859.34 2 0
github.com/nexushunter-ai/nexushunter-ai/backend/internal/storage/postgres_phase8.go:859.34,865.17 2 0
github.com/nexushunter-ai/nexushunter-ai/backend/internal/storage/postgres_phase8.go:865.17,867.4 1 0
github.com/nexushunter-ai/nexushunter-ai/backend/internal/storage/postgres_phase8.go:870.2,870.20 1 0
github.com/nexushunter-ai/nexushunter-ai/backend/internal/storage/postgres_phase8.go:873.121,896.16 6 0
github.com/nexushunter-ai/nexushunter-ai/backend/internal/storage/postgres_phase8.go:896.16,897.36 1 0
github.com/nexushunter-ai/nexushunter-ai/backend/internal/storage/postgres_phase8.go:897.36,899.4 1 0
github.com/nexushunter-ai/nexushunter-ai/backend/internal/storage/postgres_phase8.go:900.3,900.18 1 0
github.com/nexushunter-ai/nexushunter-ai/backend/internal/storage/postgres_phase8.go:903.2,903.67 1 0
github.com/nexushunter-ai/nexushunter-ai/backend/internal/storage/postgres_phase8.go:903.67,905.3 1 0
github.com/nexushunter-ai/nexushunter-ai/backend/internal/storage/postgres_phase8.go:906.2,906.71 1 0
github.com/nexushunter-ai/nexushunter-ai/backend/internal/storage/postgres_phase8.go:906.71,908.3 1 0
github.com/nexushunter-ai/nexushunter-ai/backend/internal/storage/postgres_phase8.go:909.2,909.75 1 0
github.com/nexushunter-ai/nexushunter-ai/backend/internal/storage/postgres_phase8.go:909.75,911.3 1 0
github.com/nexushunter-ai/nexushunter-ai/backend/internal/storage/postgres_phase8.go:912.2,912.75 1 0
github.com/nexushunter-ai/nexushunter-ai/backend/internal/storage/postgres_phase8.go:912.75,914.3 1 0
github.com/nexushunter-ai/nexushunter-ai/backend/internal/storage/postgres_phase8.go:917.2,924.16 2 0
github.com/nexushunter-ai/nexushunter-ai/backend/internal/storage/postgres_phase8.go:924.16,926.3 1 0
github.com/nexushunter-ai/nexushunter-ai/backend/internal/storage/postgres_phase8.go:927.2,928.22 2 0
github.com/nexushunter-ai/nexushunter-ai/backend/internal/storage/postgres_phase8.go:928.22,933.17 2 0
github.com/nexushunter-ai/nexushunter-ai/backend/internal/storage/postgres_phase8.go:933.17,935.4 1 0
github.com/nexushunter-ai/nexushunter-ai/backend/internal/storage/postgres_phase8.go:936.3,936.32 1 0
github.com/nexushunter-ai/nexushunter-ai/backend/internal/storage/postgres_phase8.go:938.2,938.39 1 0
github.com/nexushunter-ai/nexushunter-ai/backend/internal/storage/postgres_phase8.go:938.39,940.3 1 0
github.com/nexushunter-ai/nexushunter-ai/backend/internal/storage/postgres_phase8.go:942.2,942.16 1 0
github.com/nexushunter-ai/nexushunter-ai/backend/internal/storage/postgres_phase8.go:945.140,958.16 3 0
github.com/nexushunter-ai/nexushunter-ai/backend/internal/storage/postgres_phase8.go:958.16,960.3 1 0
github.com/nexushunter-ai/nexushunter-ai/backend/internal/storage/postgres_phase8.go:961.2,964.18 3 0
github.com/nexushunter-ai/nexushunter-ai/backend/internal/storage/postgres_phase8.go:964.18,974.17 3 0
github.com/nexushunter-ai/nexushunter-ai/backend/internal/storage/postgres_phase8.go:974.17,976.4 1 0
github.com/nexushunter-ai/nexushunter-ai/backend/internal/storage/postgres_phase8.go:977.3,977.68 1 0
github.com/nexushunter-ai/nexushunter-ai/backend/internal/storage/postgres_phase8.go:977.68,979.4 1 0
github.com/nexushunter-ai/nexushunter-ai/backend/internal/storage/postgres_phase8.go:980.3,980.72 1 0
github.com/nexushunter-ai/nexushunter-ai/backend/internal/storage/postgres_phase8.go:980.72,982.4 1 0
github.com/nexushunter-ai/nexushunter-ai/backend/internal/storage/postgres_phase8.go:983.3,983.76 1 0
github.com/nexushunter-ai/nexushunter-ai/backend/internal/storage/postgres_phase8.go:983.76,985.4 1 0
github.com/nexushunter-ai/nexushunter-ai/backend/internal/storage/postgres_phase8.go:986.3,986.76 1 0
github.com/nexushunter-ai/nexushunter-ai/backend/internal/storage/postgres_phase8.go:986.76,988.4 1 0
github.com/nexushunter-ai/nexushunter-ai/backend/internal/storage/postgres_phase8.go:989.3,989.26 1 0
github.com/nexushunter-ai/nexushunter-ai/backend/internal/storage/postgres_phase8.go:991.2,991.35 1 0
github.com/nexushunter-ai/nexushunter-ai/backend/internal/storage/postgres_phase8.go:991.35,993.3 1 0
github.com/nexushunter-ai/nexushunter-ai/backend/internal/storage/postgres_phase8.go:994.2,994.18 1 0
github.com/nexushunter-ai/nexushunter-ai/backend/internal/storage/postgres_phase8.go:997.107,1005.16 4 0
github.com/nexushunter-ai/nexushunter-ai/backend/internal/storage/postgres_phase8.go:1005.16,1007.3 1 0
github.com/nexushunter-ai/nexushunter-ai/backend/internal/storage/postgres_phase8.go:1008.2,1009.12 2 0
github.com/nexushunter-ai/nexushunter-ai/backend/internal/storage/postgres_phase8.go:1009.12,1011.3 1 0
github.com/nexushunter-ai/nexushunter-ai/backend/internal/storage/postgres_phase8.go:1013.2,1014.12 2 0
github.com/nexushunter-ai/nexushunter-ai/backend/internal/storage/postgres_phase8.go:1017.107,1024.16 3 0
github.com/nexushunter-ai/nexushunter-ai/backend/internal/storage/postgres_phase8.go:1024.16,1026.3 1 0
github.com/nexushunter-ai/nexushunter-ai/backend/internal/storage/postgres_phase8.go:1027.2,1028.12 2 0
github.com/nexushunter-ai/nexushunter-ai/backend/internal/storage/postgres_phase8.go:1028.12,1030.3 1 0
github.com/nexushunter-ai/nexushunter-ai/backend/internal/storage/postgres_phase8.go:1031.2,1031.12 1 0
github.com/nexushunter-ai/nexushunter-ai/backend/internal/storage/postgres_reasoning.go:14.103,37.24 6 0
github.com/nexushunter-ai/nexushunter-ai/backend/internal/storage/postgres_reasoning.go:37.24,39.3 1 0
github.com/nexushunter-ai/nexushunter-ai/backend/internal/storage/postgres_reasoning.go:41.2,60.12 2 0
github.com/nexushunter-ai/nexushunter-ai/backend/internal/storage/postgres_reasoning.go:64.111,97.26 6 0
github.com/nexushunter-ai/nexushunter-ai/backend/internal/storage/postgres_reasoning.go:97.26,99.3 1 0
github.com/nexushunter-ai/nexushunter-ai/backend/internal/storage/postgres_reasoning.go:99.8,99.23 1 0
github.com/nexushunter-ai/nexushunter-ai/backend/internal/storage/postgres_reasoning.go:99.23,101.3 1 0
github.com/nexushunter-ai/nexushunter-ai/backend/internal/storage/postgres_reasoning.go:103.2,103.112 1 0
github.com/nexushunter-ai/nexushunter-ai/backend/internal/storage/postgres_reasoning.go:103.112,105.3 1 0
github.com/nexushunter-ai/nexushunter-ai/backend/internal/storage/postgres_reasoning.go:106.2,106.103 1 0
github.com/nexushunter-ai/nexushunter-ai/backend/internal/storage/postgres_reasoning.go:106.103,108.3 1 0
github.com/nexushunter-ai/nexushunter-ai/backend/internal/storage/postgres_reasoning.go:109.2,109.92 1 0
github.com/nexushunter-ai/nexushunter-ai/backend/internal/storage/postgres_reasoning.go:109.92,111.3 1 0
github.com/nexushunter-ai/nexushunter-ai/backend/internal/storage/postgres_reasoning.go:113.2,113.18 1 0
github.com/nexushunter-ai/nexushunter-ai/backend/internal/storage/postgres_reasoning.go:117.130,127.16 3 0
github.com/nexushunter-ai/nexushunter-ai/backend/internal/storage/postgres_reasoning.go:127.16,129.3 1 0
github.com/nexushunter-ai/nexushunter-ai/backend/internal/storage/postgres_reasoning.go:130.2,133.18 3 0
github.com/nexushunter-ai/nexushunter-ai/backend/internal/storage/postgres_reasoning.go:133.18,155.17 3 0
github.com/nexushunter-ai/nexushunter-ai/backend/internal/storage/postgres_reasoning.go:155.17,157.4 1 0
github.com/nexushunter-ai/nexushunter-ai/backend/internal/storage/postgres_reasoning.go:158.3,158.113 1 0
github.com/nexushunter-ai/nexushunter-ai/backend/internal/storage/postgres_reasoning.go:158.113,160.4 1 0
github.com/nexushunter-ai/nexushunter-ai/backend/internal/storage/postgres_reasoning.go:161.3,161.104 1 0
github.com/nexushunter-ai/nexushunter-ai/backend/internal/storage/postgres_reasoning.go:161.104,163.4 1 0
github.com/nexushunter-ai/nexushunter-ai/backend/internal/storage/postgres_reasoning.go:164.3,164.93 1 0
github.com/nexushunter-ai/nexushunter-ai/backend/internal/storage/postgres_reasoning.go:164.93,166.4 1 0
github.com/nexushunter-ai/nexushunter-ai/backend/internal/storage/postgres_reasoning.go:167.3,167.26 1 0
github.com/nexushunter-ai/nexushunter-ai/backend/internal/storage/postgres_reasoning.go:169.2,169.24 1 0
github.com/nexushunter-ai/nexushunter-ai/backend/internal/storage/postgres_reasoning.go:173.112,176.16 3 0
github.com/nexushunter-ai/nexushunter-ai/backend/internal/storage/postgres_reasoning.go:176.16,178.3 1 0
github.com/nexushunter-ai/nexushunter-ai/backend/internal/storage/postgres_reasoning.go:179.2,180.16 2 0
github.com/nexushunter-ai/nexushunter-ai/backend/internal/storage/postgres_reasoning.go:180.16,182.3 1 0
github.com/nexushunter-ai/nexushunter-ai/backend/internal/storage/postgres_reasoning.go:183.2,183.15 1 0
github.com/nexushunter-ai/nexushunter-ai/backend/internal/storage/postgres_reasoning.go:183.15,185.3 1 0
github.com/nexushunter-ai/nexushunter-ai/backend/internal/storage/postgres_reasoning.go:186.2,186.12 1 0
github.com/nexushunter-ai/nexushunter-ai/backend/internal/storage/postgres_reasoning.go:190.105,219.2 5 0
github.com/nexushunter-ai/nexushunter-ai/backend/internal/storage/postgres_reasoning.go:222.111,244.26 5 0
github.com/nexushunter-ai/nexushunter-ai/backend/internal/storage/postgres_reasoning.go:244.26,246.3 1 0
github.com/nexushunter-ai/nexushunter-ai/backend/internal/storage/postgres_reasoning.go:246.8,246.23 1 0
github.com/nexushunter-ai/nexushunter-ai/backend/internal/storage/postgres_reasoning.go:246.23,248.3 1 0
github.com/nexushunter-ai/nexushunter-ai/backend/internal/storage/postgres_reasoning.go:250.2,250.89 1 0
github.com/nexushunter-ai/nexushunter-ai/backend/internal/storage/postgres_reasoning.go:250.89,252.3 1 0
github.com/nexushunter-ai/nexushunter-ai/backend/internal/storage/postgres_reasoning.go:253.2,253.103 1 0
github.com/nexushunter-ai/nexushunter-ai/backend/internal/storage/postgres_reasoning.go:253.103,255.3 1 0
github.com/nexushunter-ai/nexushunter-ai/backend/internal/storage/postgres_reasoning.go:258.2,259.26 2 0
github.com/nexushunter-ai/nexushunter-ai/backend/internal/storage/postgres_reasoning.go:259.26,261.3 1 0
github.com/nexushunter-ai/nexushunter-ai/backend/internal/storage/postgres_reasoning.go:263.2,263.18 1 0
github.com/nexushunter-ai/nexushunter-ai/backend/internal/storage/postgres_reasoning.go:267.121,276.16 3 0
github.com/nexushunter-ai/nexushunter-ai/backend/internal/storage/postgres_reasoning.go:276.16,278.3 1 0
github.com/nexushunter-ai/nexushunter-ai/backend/internal/storage/postgres_reasoning.go:279.2,282.18 3 0
github.com/nexushunter-ai/nexushunter-ai/backend/internal/storage/postgres_reasoning.go:282.18,296.17 3 0
github.com/nexushunter-ai/nexushunter-ai/backend/internal/storage/postgres_reasoning.go:296.17,298.4 1 0
github.com/nexushunter-ai/nexushunter-ai/backend/internal/storage/postgres_reasoning.go:299.3,299.90 1 0
github.com/nexushunter-ai/nexushunter-ai/backend/internal/storage/postgres_reasoning.go:299.90,301.4 1 0
github.com/nexushunter-ai/nexushunter-ai/backend/internal/storage/postgres_reasoning.go:302.3,302.104 1 0
github.com/nexushunter-ai/nexushunter-ai/backend/internal/storage/postgres_reasoning.go:302.104,304.4 1 0
github.com/nexushunter-ai/nexushunter-ai/backend/internal/storage/postgres_reasoning.go:306.3,307.27 2 0
github.com/nexushunter-ai/nexushunter-ai/backend/internal/storage/postgres_reasoning.go:307.27,309.4 1 0
github.com/nexushunter-ai/nexushunter-ai/backend/internal/storage/postgres_reasoning.go:310.3,310.26 1 0
github.com/nexushunter-ai/nexushunter-ai/backend/internal/storage/postgres_reasoning.go:312.2,312.24 1 0
github.com/nexushunter-ai/nexushunter-ai/backend/internal/storage/postgres_reasoning.go:316.93,367.16 9 0
github.com/nexushunter-ai/nexushunter-ai/backend/internal/storage/postgres_reasoning.go:367.16,369.3 1 0
github.com/nexushunter-ai/nexushunter-ai/backend/internal/storage/postgres_reasoning.go:371.2,371.49 1 0
github.com/nexushunter-ai/nexushunter-ai/backend/internal/storage/postgres_reasoning.go:371.49,372.18 1 0
github.com/nexushunter-ai/nexushunter-ai/backend/internal/storage/postgres_reasoning.go:372.18,374.4 1 0
github.com/nexushunter-ai/nexushunter-ai/backend/internal/storage/postgres_reasoning.go:375.3,375.28 1 0
github.com/nexushunter-ai/nexushunter-ai/backend/internal/storage/postgres_reasoning.go:375.28,377.4 1 0
github.com/nexushunter-ai/nexushunter-ai/backend/internal/storage/postgres_reasoning.go:378.3,378.45 1 0
github.com/nexushunter-ai/nexushunter-ai/backend/internal/storage/postgres_reasoning.go:380.2,380.42 1 0
github.com/nexushunter-ai/nexushunter-ai/backend/internal/storage/postgres_reasoning.go:380.42,381.19 1 0
github.com/nexushunter-ai/nexushunter-ai/backend/internal/storage/postgres_reasoning.go:381.19,383.4 1 0
github.com/nexushunter-ai/nexushunter-ai/backend/internal/storage/postgres_reasoning.go:384.3,384.29 1 0
github.com/nexushunter-ai/nexushunter-ai/backend/internal/storage/postgres_reasoning.go:384.29,386.4 1 0
github.com/nexushunter-ai/nexushunter-ai/backend/internal/storage/postgres_reasoning.go:387.3,387.43 1 0
github.com/nexushunter-ai/nexushunter-ai/backend/internal/storage/postgres_reasoning.go:390.2,390.12 1 0
github.com/nexushunter-ai/nexushunter-ai/backend/internal/storage/postgres_reasoning.go:394.101,430.26 5 0
github.com/nexushunter-ai/nexushunter-ai/backend/internal/storage/postgres_reasoning.go:430.26,432.3 1 0
github.com/nexushunter-ai/nexushunter-ai/backend/internal/storage/postgres_reasoning.go:432.8,432.23 1 0
github.com/nexushunter-ai/nexushunter-ai/backend/internal/storage/postgres_reasoning.go:432.23,434.3 1 0
github.com/nexushunter-ai/nexushunter-ai/backend/internal/storage/postgres_reasoning.go:436.2,436.104 1 0
github.com/nexushunter-ai/nexushunter-ai/backend/internal/storage/postgres_reasoning.go:436.104,438.3 1 0
github.com/nexushunter-ai/nexushunter-ai/backend/internal/storage/postgres_reasoning.go:439.2,439.108 1 0
github.com/nexushunter-ai/nexushunter-ai/backend/internal/storage/postgres_reasoning.go:439.108,441.3 1 0
github.com/nexushunter-ai/nexushunter-ai/backend/internal/storage/postgres_reasoning.go:442.2,442.114 1 0
github.com/nexushunter-ai/nexushunter-ai/backend/internal/storage/postgres_reasoning.go:442.114,444.3 1 0
github.com/nexushunter-ai/nexushunter-ai/backend/internal/storage/postgres_reasoning.go:445.2,445.112 1 0
github.com/nexushunter-ai/nexushunter-ai/backend/internal/storage/postgres_reasoning.go:445.112,447.3 1 0
github.com/nexushunter-ai/nexushunter-ai/backend/internal/storage/postgres_reasoning.go:448.2,448.120 1 0
github.com/nexushunter-ai/nexushunter-ai/backend/internal/storage/postgres_reasoning.go:448.120,450.3 1 0
github.com/nexushunter-ai/nexushunter-ai/backend/internal/storage/postgres_reasoning.go:451.2,451.110 1 0
github.com/nexushunter-ai/nexushunter-ai/backend/internal/storage/postgres_reasoning.go:451.110,453.3 1 0
github.com/nexushunter-ai/nexushunter-ai/backend/internal/storage/postgres_reasoning.go:455.2,456.25 2 0
github.com/nexushunter-ai/nexushunter-ai/backend/internal/storage/postgres_reasoning.go:456.25,458.3 1 0
github.com/nexushunter-ai/nexushunter-ai/backend/internal/storage/postgres_reasoning.go:460.2,461.25 2 0
github.com/nexushunter-ai/nexushunter-ai/backend/internal/storage/postgres_reasoning.go:461.25,463.3 1 0
github.com/nexushunter-ai/nexushunter-ai/backend/internal/storage/postgres_reasoning.go:465.2,465.18 1 0
github.com/nexushunter-ai/nexushunter-ai/backend/internal/storage/postgres_reasoning.go:469.110,481.16 3 0
github.com/nexushunter-ai/nexushunter-ai/backend/internal/storage/postgres_reasoning.go:481.16,483.3 1 0
github.com/nexushunter-ai/nexushunter-ai/backend/internal/storage/postgres_reasoning.go:484.2,487.18 3 0
github.com/nexushunter-ai/nexushunter-ai/backend/internal/storage/postgres_reasoning.go:487.18,513.17 3 0
github.com/nexushunter-ai/nexushunter-ai/backend/internal/storage/postgres_reasoning.go:513.17,515.4 1 0
github.com/nexushunter-ai/nexushunter-ai/backend/internal/storage/postgres_reasoning.go:517.3,517.105 1 0
github.com/nexushunter-ai/nexushunter-ai/backend/internal/storage/postgres_reasoning.go:517.105,519.4 1 0
github.com/nexushunter-ai/nexushunter-ai/backend/internal/storage/postgres_reasoning.go:520.3,520.109 1 0
github.com/nexushunter-ai/nexushunter-ai/backend/internal/storage/postgres_reasoning.go:520.109,522.4 1 0
github.com/nexushunter-ai/nexushunter-ai/backend/internal/storage/postgres_reasoning.go:523.3,523.115 1 0
github.com/nexushunter-ai/nexushunter-ai/backend/internal/storage/postgres_reasoning.go:523.115,525.4 1 0
github.com/nexushunter-ai/nexushunter-ai/backend/internal/storage/postgres_reasoning.go:526.3,526.113 1 0
github.com/nexushunter-ai/nexushunter-ai/backend/internal/storage/postgres_reasoning.go:526.113,528.4 1 0
github.com/nexushunter-ai/nexushunter-ai/backend/internal/storage/postgres_reasoning.go:529.3,529.121 1 0
github.com/nexushunter-ai/nexushunter-ai/backend/internal/storage/postgres_reasoning.go:529.121,531.4 1 0
github.com/nexushunter-ai/nexushunter-ai/backend/internal/storage/postgres_reasoning.go:532.3,532.111 1 0
github.com/nexushunter-ai/nexushunter-ai/backend/internal/storage/postgres_reasoning.go:532.111,534.4 1 0
github.com/nexushunter-ai/nexushunter-ai/backend/internal/storage/postgres_reasoning.go:536.3,537.26 2 0
github.com/nexushunter-ai/nexushunter-ai/backend/internal/storage/postgres_reasoning.go:537.26,539.4 1 0
github.com/nexushunter-ai/nexushunter-ai/backend/internal/storage/postgres_reasoning.go:540.3,541.26 2 0
github.com/nexushunter-ai/nexushunter-ai/backend/internal/storage/postgres_reasoning.go:541.26,543.4 1 0
github.com/nexushunter-ai/nexushunter-ai/backend/internal/storage/postgres_reasoning.go:545.3,545.26 1 0
github.com/nexushunter-ai/nexushunter-ai/backend/internal/storage/postgres_reasoning.go:547.2,547.24 1 0
github.com/nexushunter-ai/nexushunter-ai/backend/internal/storage/postgres_reasoning.go:551.116,563.16 3 0
github.com/nexushunter-ai/nexushunter-ai/backend/internal/storage/postgres_reasoning.go:563.16,565.3 1 0
github.com/nexushunter-ai/nexushunter-ai/backend/internal/storage/postgres_reasoning.go:566.2,569.18 3 0
github.com/nexushunter-ai/nexushunter-ai/backend/internal/storage/postgres_reasoning.go:569.18,595.17 3 0
github.com/nexushunter-ai/nexushunter-ai/backend/internal/storage/postgres_reasoning.go:595.17,597.4 1 0
github.com/nexushunter-ai/nexushunter-ai/backend/internal/storage/postgres_reasoning.go:599.3,599.105 1 0
github.com/nexushunter-ai/nexushunter-ai/backend/internal/storage/postgres_reasoning.go:599.105,601.4 1 0
github.com/nexushunter-ai/nexushunter-ai/backend/internal/storage/postgres_reasoning.go:602.3,602.109 1 0
github.com/nexushunter-ai/nexushunter-ai/backend/internal/storage/postgres_reasoning.go:602.109,604.4 1 0
github.com/nexushunter-ai/nexushunter-ai/backend/internal/storage/postgres_reasoning.go:605.3,605.115 1 0
github.com/nexushunter-ai/nexushunter-ai/backend/internal/storage/postgres_reasoning.go:605.115,607.4 1 0
github.com/nexushunter-ai/nexushunter-ai/backend/internal/storage/postgres_reasoning.go:608.3,608.113 1 0
github.com/nexushunter-ai/nexushunter-ai/backend/internal/storage/postgres_reasoning.go:608.113,610.4 1 0
github.com/nexushunter-ai/nexushunter-ai/backend/internal/storage/postgres_reasoning.go:611.3,611.121 1 0
github.com/nexushunter-ai/nexushunter-ai/backend/internal/storage/postgres_reasoning.go:611.121,613.4 1 0
github.com/nexushunter-ai/nexushunter-ai/backend/internal/storage/postgres_reasoning.go:614.3,614.111 1 0
github.com/nexushunter-ai/nexushunter-ai/backend/internal/storage/postgres_reasoning.go:614.111,616.4 1 0
github.com/nexushunter-ai/nexushunter-ai/backend/internal/storage/postgres_reasoning.go:618.3,618.26 1 0
github.com/nexushunter-ai/nexushunter-ai/backend/internal/storage/postgres_reasoning.go:620.2,620.24 1 0
github.com/nexushunter-ai/nexushunter-ai/backend/internal/storage/postgres_reasoning.go:624.120,628.2 3 0
github.com/nexushunter-ai/nexushunter-ai/backend/internal/storage/postgres_reasoning.go:631.172,634.16 3 0
github.com/nexushunter-ai/nexushunter-ai/backend/internal/storage/postgres_reasoning.go:634.16,636.3 1 0
github.com/nexushunter-ai/nexushunter-ai/backend/internal/storage/postgres_reasoning.go:637.2,638.16 2 0
github.com/nexushunter-ai/nexushunter-ai/backend/internal/storage/postgres_reasoning.go:638.16,640.3 1 0
github.com/nexushunter-ai/nexushunter-ai/backend/internal/storage/postgres_reasoning.go:641.2,641.12 1 0
github.com/nexushunter-ai/nexushunter-ai/backend/internal/storage/postgres_reasoning.go:641.12,643.3 1 0
github.com/nexushunter-ai/nexushunter-ai/backend/internal/storage/postgres_reasoning.go:644.2,644.12 1 0
github.com/nexushunter-ai/nexushunter-ai/backend/internal/storage/postgres_reasoning.go:648.118,672.2 4 0
github.com/nexushunter-ai/nexushunter-ai/backend/internal/storage/postgres_reasoning.go:675.139,683.16 3 0
github.com/nexushunter-ai/nexushunter-ai/backend/internal/storage/postgres_reasoning.go:683.16,685.3 1 0
github.com/nexushunter-ai/nexushunter-ai/backend/internal/storage/postgres_reasoning.go:686.2,689.18 3 0
github.com/nexushunter-ai/nexushunter-ai/backend/internal/storage/postgres_reasoning.go:689.18,701.17 3 0
github.com/nexushunter-ai/nexushunter-ai/backend/internal/storage/postgres_reasoning.go:701.17,703.4 1 0
github.com/nexushunter-ai/nexushunter-ai/backend/internal/storage/postgres_reasoning.go:704.3,704.110 1 0
github.com/nexushunter-ai/nexushunter-ai/backend/internal/storage/postgres_reasoning.go:704.110,706.4 1 0
github.com/nexushunter-ai/nexushunter-ai/backend/internal/storage/postgres_reasoning.go:707.3,707.27 1 0
github.com/nexushunter-ai/nexushunter-ai/backend/internal/storage/postgres_reasoning.go:709.2,709.24 1 0
github.com/nexushunter-ai/nexushunter-ai/backend/internal/storage/postgres_reasoning.go:713.111,735.2 3 0
github.com/nexushunter-ai/nexushunter-ai/backend/internal/storage/postgres_reasoning.go:738.133,747.16 3 0
github.com/nexushunter-ai/nexushunter-ai/backend/internal/storage/postgres_reasoning.go:747.16,749.3 1 0
github.com/nexushunter-ai/nexushunter-ai/backend/internal/storage/postgres_reasoning.go:750.2,753.18 3 0
github.com/nexushunter-ai/nexushunter-ai/backend/internal/storage/postgres_reasoning.go:753.18,765.17 2 0
github.com/nexushunter-ai/nexushunter-ai/backend/internal/storage/postgres_reasoning.go:765.17,767.4 1 0
github.com/nexushunter-ai/nexushunter-ai/backend/internal/storage/postgres_reasoning.go:768.3,768.26 1 0
github.com/nexushunter-ai/nexushunter-ai/backend/internal/storage/postgres_reasoning.go:770.2,770.24 1 0
github.com/nexushunter-ai/nexushunter-ai/backend/internal/storage/postgres_reasoning.go:774.151,778.2 3 0
github.com/nexushunter-ai/nexushunter-ai/backend/internal/storage/postgres_reasoning.go:781.99,822.2 6 0
github.com/nexushunter-ai/nexushunter-ai/backend/internal/storage/postgres_reasoning.go:825.107,857.26 5 0
github.com/nexushunter-ai/nexushunter-ai/backend/internal/storage/postgres_reasoning.go:857.26,859.3 1 0
github.com/nexushunter-ai/nexushunter-ai/backend/internal/storage/postgres_reasoning.go:859.8,859.23 1 0
github.com/nexushunter-ai/nexushunter-ai/backend/internal/storage/postgres_reasoning.go:859.23,861.3 1 0
github.com/nexushunter-ai/nexushunter-ai/backend/internal/storage/postgres_reasoning.go:863.2,863.107 1 0
github.com/nexushunter-ai/nexushunter-ai/backend/internal/storage/postgres_reasoning.go:863.107,865.3 1 0
github.com/nexushunter-ai/nexushunter-ai/backend/internal/storage/postgres_reasoning.go:866.2,866.84 1 0
github.com/nexushunter-ai/nexushunter-ai/backend/internal/storage/postgres_reasoning.go:866.84,868.3 1 0
github.com/nexushunter-ai/nexushunter-ai/backend/internal/storage/postgres_reasoning.go:869.2,869.106 1 0
github.com/nexushunter-ai/nexushunter-ai/backend/internal/storage/postgres_reasoning.go:869.106,871.3 1 0
github.com/nexushunter-ai/nexushunter-ai/backend/internal/storage/postgres_reasoning.go:873.2,873.18 1 0
github.com/nexushunter-ai/nexushunter-ai/backend/internal/storage/postgres_reasoning.go:877.117,888.16 3 0
github.com/nexushunter-ai/nexushunter-ai/backend/internal/storage/postgres_reasoning.go:888.16,890.3 1 0
github.com/nexushunter-ai/nexushunter-ai/backend/internal/storage/postgres_reasoning.go:891.2,894.18 3 0
github.com/nexushunter-ai/nexushunter-ai/backend/internal/storage/postgres_reasoning.go:894.18,917.17 3 0
github.com/nexushunter-ai/nexushunter-ai/backend/internal/storage/postgres_reasoning.go:917.17,919.4 1 0
github.com/nexushunter-ai/nexushunter-ai/backend/internal/storage/postgres_reasoning.go:921.3,921.108 1 0
github.com/nexushunter-ai/nexushunter-ai/backend/internal/storage/postgres_reasoning.go:921.108,923.4 1 0
github.com/nexushunter-ai/nexushunter-ai/backend/internal/storage/postgres_reasoning.go:924.3,924.85 1 0
github.com/nexushunter-ai/nexushunter-ai/backend/internal/storage/postgres_reasoning.go:924.85,926.4 1 0
github.com/nexushunter-ai/nexushunter-ai/backend/internal/storage/postgres_reasoning.go:927.3,927.107 1 0
github.com/nexushunter-ai/nexushunter-ai/backend/internal/storage/postgres_reasoning.go:927.107,929.4 1 0
github.com/nexushunter-ai/nexushunter-ai/backend/internal/storage/postgres_reasoning.go:931.3,931.26 1 0
github.com/nexushunter-ai/nexushunter-ai/backend/internal/storage/postgres_reasoning.go:933.2,933.24 1 0
github.com/nexushunter-ai/nexushunter-ai/backend/internal/storage/postgres_reasoning.go:937.141,946.2 3 0
github.com/nexushunter-ai/nexushunter-ai/backend/internal/storage/postgres_reasoning.go:949.98,973.2 4 0
github.com/nexushunter-ai/nexushunter-ai/backend/internal/storage/postgres_reasoning.go:976.127,985.16 3 0
github.com/nexushunter-ai/nexushunter-ai/backend/internal/storage/postgres_reasoning.go:985.16,987.3 1 0
github.com/nexushunter-ai/nexushunter-ai/backend/internal/storage/postgres_reasoning.go:988.2,991.18 3 0
github.com/nexushunter-ai/nexushunter-ai/backend/internal/storage/postgres_reasoning.go:991.18,1005.17 3 0
github.com/nexushunter-ai/nexushunter-ai/backend/internal/storage/postgres_reasoning.go:1005.17,1007.4 1 0
github.com/nexushunter-ai/nexushunter-ai/backend/internal/storage/postgres_reasoning.go:1008.3,1008.99 1 0
github.com/nexushunter-ai/nexushunter-ai/backend/internal/storage/postgres_reasoning.go:1008.99,1010.4 1 0
github.com/nexushunter-ai/nexushunter-ai/backend/internal/storage/postgres_reasoning.go:1011.3,1011.25 1 0
github.com/nexushunter-ai/nexushunter-ai/backend/internal/storage/postgres_reasoning.go:1013.2,1013.24 1 0
github.com/nexushunter-ai/nexushunter-ai/backend/internal/storage/postgres_reasoning.go:1017.94,1041.2 4 0
github.com/nexushunter-ai/nexushunter-ai/backend/internal/storage/postgres_reasoning.go:1044.113,1052.16 3 0
github.com/nexushunter-ai/nexushunter-ai/backend/internal/storage/postgres_reasoning.go:1052.16,1054.3 1 0
github.com/nexushunter-ai/nexushunter-ai/backend/internal/storage/postgres_reasoning.go:1055.2,1058.18 3 0
github.com/nexushunter-ai/nexushunter-ai/backend/internal/storage/postgres_reasoning.go:1058.18,1070.17 3 0
github.com/nexushunter-ai/nexushunter-ai/backend/internal/storage/postgres_reasoning.go:1070.17,1072.4 1 0
github.com/nexushunter-ai/nexushunter-ai/backend/internal/storage/postgres_reasoning.go:1073.3,1073.89 1 0
github.com/nexushunter-ai/nexushunter-ai/backend/internal/storage/postgres_reasoning.go:1073.89,1075.4 1 0
github.com/nexushunter-ai/nexushunter-ai/backend/internal/storage/postgres_reasoning.go:1076.3,1076.25 1 0
github.com/nexushunter-ai/nexushunter-ai/backend/internal/storage/postgres_reasoning.go:1078.2,1078.24 1 0
github.com/nexushunter-ai/nexushunter-ai/backend/internal/storage/postgres_reasoning.go:1082.117,1108.2 4 0
github.com/nexushunter-ai/nexushunter-ai/backend/internal/storage/postgres_reasoning.go:1111.136,1120.16 3 0
github.com/nexushunter-ai/nexushunter-ai/backend/internal/storage/postgres_reasoning.go:1120.16,1122.3 1 0
github.com/nexushunter-ai/nexushunter-ai/backend/internal/storage/postgres_reasoning.go:1123.2,1126.18 3 0
github.com/nexushunter-ai/nexushunter-ai/backend/internal/storage/postgres_reasoning.go:1126.18,1140.17 3 0
github.com/nexushunter-ai/nexushunter-ai/backend/internal/storage/postgres_reasoning.go:1140.17,1142.4 1 0
github.com/nexushunter-ai/nexushunter-ai/backend/internal/storage/postgres_reasoning.go:1143.3,1143.105 1 0
github.com/nexushunter-ai/nexushunter-ai/backend/internal/storage/postgres_reasoning.go:1143.105,1145.4 1 0
github.com/nexushunter-ai/nexushunter-ai/backend/internal/storage/postgres_reasoning.go:1146.3,1146.28 1 0
github.com/nexushunter-ai/nexushunter-ai/backend/internal/storage/postgres_reasoning.go:1148.2,1148.24 1 0
github.com/nexushunter-ai/nexushunter-ai/backend/internal/storage/postgres_reasoning.go:1152.108,1180.2 4 0
github.com/nexushunter-ai/nexushunter-ai/backend/internal/storage/postgres_reasoning.go:1183.136,1192.16 3 0
github.com/nexushunter-ai/nexushunter-ai/backend/internal/storage/postgres_reasoning.go:1192.16,1194.3 1 0
github.com/nexushunter-ai/nexushunter-ai/backend/internal/storage/postgres_reasoning.go:1195.2,1198.18 3 0
github.com/nexushunter-ai/nexushunter-ai/backend/internal/storage/postgres_reasoning.go:1198.18,1213.17 3 0
github.com/nexushunter-ai/nexushunter-ai/backend/internal/storage/postgres_reasoning.go:1213.17,1215.4 1 0
github.com/nexushunter-ai/nexushunter-ai/backend/internal/storage/postgres_reasoning.go:1216.3,1216.101 1 0
github.com/nexushunter-ai/nexushunter-ai/backend/internal/storage/postgres_reasoning.go:1216.101,1218.4 1 0
github.com/nexushunter-ai/nexushunter-ai/backend/internal/storage/postgres_reasoning.go:1219.3,1219.25 1 0
github.com/nexushunter-ai/nexushunter-ai/backend/internal/storage/postgres_reasoning.go:1221.2,1221.24 1 0
github.com/nexushunter-ai/nexushunter-ai/backend/internal/storage/postgres_reasoning.go:1225.99,1248.2 3 0
github.com/nexushunter-ai/nexushunter-ai/backend/internal/waf/throttler.go:25.62,34.2 1 1
github.com/nexushunter-ai/nexushunter-ai/backend/internal/waf/throttler.go:37.59,46.29 6 1
github.com/nexushunter-ai/nexushunter-ai/backend/internal/waf/throttler.go:46.29,48.3 1 0
github.com/nexushunter-ai/nexushunter-ai/backend/internal/waf/throttler.go:50.2,50.24 1 1
github.com/nexushunter-ai/nexushunter-ai/backend/internal/waf/throttler.go:50.24,52.3 1 1
github.com/nexushunter-ai/nexushunter-ai/backend/internal/waf/throttler.go:52.8,56.3 2 0
github.com/nexushunter-ai/nexushunter-ai/backend/internal/waf/throttler.go:58.2,58.28 1 1
github.com/nexushunter-ai/nexushunter-ai/backend/internal/waf/throttler.go:58.28,62.3 3 1
github.com/nexushunter-ai/nexushunter-ai/backend/internal/waf/throttler.go:62.8,65.3 2 1
github.com/nexushunter-ai/nexushunter-ai/backend/internal/waf/throttler.go:69.58,77.30 6 0
github.com/nexushunter-ai/nexushunter-ai/backend/internal/waf/throttler.go:77.30,81.3 3 0
github.com/nexushunter-ai/nexushunter-ai/backend/internal/waf/throttler.go:81.8,84.3 2 0
github.com/nexushunter-ai/nexushunter-ai/backend/internal/waf/throttler.go:88.45,93.32 4 1
github.com/nexushunter-ai/nexushunter-ai/backend/internal/waf/throttler.go:93.32,100.30 5 0
github.com/nexushunter-ai/nexushunter-ai/backend/internal/waf/throttler.go:100.30,102.31 2 0
github.com/nexushunter-ai/nexushunter-ai/backend/internal/waf/throttler.go:102.31,104.5 1 0
github.com/nexushunter-ai/nexushunter-ai/backend/internal/waf/throttler.go:110.57,114.26 3 0
github.com/nexushunter-ai/nexushunter-ai/backend/internal/waf/throttler.go:114.26,116.3 1 0
github.com/nexushunter-ai/nexushunter-ai/backend/internal/waf/throttler.go:117.2,117.37 1 0
github.com/nexushunter-ai/nexushunter-ai/backend/internal/waf/throttler.go:117.37,119.3 1 0
github.com/nexushunter-ai/nexushunter-ai/backend/internal/waf/throttler.go:120.2,120.17 1 0
github.com/nexushunter-ai/nexushunter-ai/backend/internal/waf/throttler.go:124.94,128.2 3 1
github.com/nexushunter-ai/nexushunter-ai/backend/internal/waf/waf.go:96.29,100.2 1 1
github.com/nexushunter-ai/nexushunter-ai/backend/internal/waf/waf.go:103.79,107.48 3 1
github.com/nexushunter-ai/nexushunter-ai/backend/internal/waf/waf.go:107.48,109.3 1 1
github.com/nexushunter-ai/nexushunter-ai/backend/internal/waf/waf.go:110.2,112.10 3 1
github.com/nexushunter-ai/nexushunter-ai/backend/internal/waf/waf.go:116.150,122.17 5 1
github.com/nexushunter-ai/nexushunter-ai/backend/internal/waf/waf.go:122.17,134.3 1 0
github.com/nexushunter-ai/nexushunter-ai/backend/internal/waf/waf.go:137.2,137.38 1 1
github.com/nexushunter-ai/nexushunter-ai/backend/internal/waf/waf.go:137.38,140.48 2 1
github.com/nexushunter-ai/nexushunter-ai/backend/internal/waf/waf.go:140.48,142.17 2 1
github.com/nexushunter-ai/nexushunter-ai/backend/internal/waf/waf.go:142.17,144.98 2 1
github.com/nexushunter-ai/nexushunter-ai/backend/internal/waf/waf.go:144.98,147.6 2 1
github.com/nexushunter-ai/nexushunter-ai/backend/internal/waf/waf.go:151.3,151.42 1 1
github.com/nexushunter-ai/nexushunter-ai/backend/internal/waf/waf.go:151.42,152.45 1 1
github.com/nexushunter-ai/nexushunter-ai/backend/internal/waf/waf.go:152.45,155.5 2 0
github.com/nexushunter-ai/nexushunter-ai/backend/internal/waf/waf.go:158.3,158.27 1 1
github.com/nexushunter-ai/nexushunter-ai/backend/internal/waf/waf.go:158.27,161.9 3 1
github.com/nexushunter-ai/nexushunter-ai/backend/internal/waf/waf.go:162.9,162.73 1 1
github.com/nexushunter-ai/nexushunter-ai/backend/internal/waf/waf.go:162.73,165.4 2 0
github.com/nexushunter-ai/nexushunter-ai/backend/internal/waf/waf.go:169.2,172.51 3 1
github.com/nexushunter-ai/nexushunter-ai/backend/internal/waf/waf.go:172.51,173.65 1 1
github.com/nexushunter-ai/nexushunter-ai/backend/internal/waf/waf.go:173.65,174.55 1 1
github.com/nexushunter-ai/nexushunter-ai/backend/internal/waf/waf.go:174.55,176.5 1 1
github.com/nexushunter-ai/nexushunter-ai/backend/internal/waf/waf.go:178.3,179.87 2 1
github.com/nexushunter-ai/nexushunter-ai/backend/internal/waf/waf.go:180.8,180.91 1 1
github.com/nexushunter-ai/nexushunter-ai/backend/internal/waf/waf.go:180.91,183.3 2 0
github.com/nexushunter-ai/nexushunter-ai/backend/internal/waf/waf.go:183.8,183.45 1 1
github.com/nexushunter-ai/nexushunter-ai/backend/internal/waf/waf.go:183.45,186.3 1 1
github.com/nexushunter-ai/nexushunter-ai/backend/internal/waf/waf.go:188.2,205.12 3 1
github.com/nexushunter-ai/nexushunter-ai/backend/internal/recon/config.go:26.41,39.14 12 1
github.com/nexushunter-ai/nexushunter-ai/backend/internal/recon/config.go:39.14,41.3 1 1
github.com/nexushunter-ai/nexushunter-ai/backend/internal/recon/config.go:43.2,55.3 1 1
github.com/nexushunter-ai/nexushunter-ai/backend/internal/recon/config.go:58.46,60.15 2 1
github.com/nexushunter-ai/nexushunter-ai/backend/internal/recon/config.go:60.15,62.3 1 1
github.com/nexushunter-ai/nexushunter-ai/backend/internal/recon/config.go:63.2,64.26 2 0
github.com/nexushunter-ai/nexushunter-ai/backend/internal/recon/config.go:64.26,66.3 1 0
github.com/nexushunter-ai/nexushunter-ai/backend/internal/recon/config.go:67.2,67.10 1 0
github.com/nexushunter-ai/nexushunter-ai/backend/internal/recon/config.go:70.52,72.15 2 1
github.com/nexushunter-ai/nexushunter-ai/backend/internal/recon/config.go:72.15,74.3 1 1
github.com/nexushunter-ai/nexushunter-ai/backend/internal/recon/config.go:75.2,76.26 2 0
github.com/nexushunter-ai/nexushunter-ai/backend/internal/recon/config.go:76.26,78.3 1 0
github.com/nexushunter-ai/nexushunter-ai/backend/internal/recon/config.go:79.2,79.10 1 0
github.com/nexushunter-ai/nexushunter-ai/backend/internal/recon/config.go:82.56,84.15 2 1
github.com/nexushunter-ai/nexushunter-ai/backend/internal/recon/config.go:84.15,86.3 1 1
github.com/nexushunter-ai/nexushunter-ai/backend/internal/recon/config.go:87.2,88.26 2 0
github.com/nexushunter-ai/nexushunter-ai/backend/internal/recon/config.go:88.26,90.3 1 0
github.com/nexushunter-ai/nexushunter-ai/backend/internal/recon/config.go:91.2,91.10 1 0
github.com/nexushunter-ai/nexushunter-ai/backend/internal/recon/crawler.go:36.73,46.2 2 1
github.com/nexushunter-ai/nexushunter-ai/backend/internal/recon/crawler.go:49.95,54.69 2 1
github.com/nexushunter-ai/nexushunter-ai/backend/internal/recon/crawler.go:54.69,55.41 1 1
github.com/nexushunter-ai/nexushunter-ai/backend/internal/recon/crawler.go:55.41,57.5 1 0
github.com/nexushunter-ai/nexushunter-ai/backend/internal/recon/crawler.go:60.4,60.37 1 1
github.com/nexushunter-ai/nexushunter-ai/backend/internal/recon/crawler.go:60.37,61.102 1 0
github.com/nexushunter-ai/nexushunter-ai/backend/internal/recon/crawler.go:61.102,62.23 1 0
github.com/nexushunter-ai/nexushunter-ai/backend/internal/recon/crawler.go:62.23,70.7 1 0
github.com/nexushunter-ai/nexushunter-ai/backend/internal/recon/crawler.go:71.6,71.43 1 0
github.com/nexushunter-ai/nexushunter-ai/backend/internal/recon/crawler.go:73.10,75.81 2 1
github.com/nexushunter-ai/nexushunter-ai/backend/internal/recon/crawler.go:75.81,77.6 1 0
github.com/nexushunter-ai/nexushunter-ai/backend/internal/recon/crawler.go:81.4,83.25 3 1
github.com/nexushunter-ai/nexushunter-ai/backend/internal/recon/crawler.go:83.25,84.22 1 1
github.com/nexushunter-ai/nexushunter-ai/backend/internal/recon/crawler.go:84.22,92.6 1 1
github.com/nexushunter-ai/nexushunter-ai/backend/internal/recon/crawler.go:93.5,93.33 1 1
github.com/nexushunter-ai/nexushunter-ai/backend/internal/recon/crawler.go:97.4,97.20 1 0
github.com/nexushunter-ai/nexushunter-ai/backend/internal/recon/crawler.go:97.20,99.55 2 0
github.com/nexushunter-ai/nexushunter-ai/backend/internal/recon/crawler.go:99.55,103.6 3 0
github.com/nexushunter-ai/nexushunter-ai/backend/internal/recon/crawler.go:106.4,106.14 1 0
github.com/nexushunter-ai/nexushunter-ai/backend/internal/recon/crawler.go:113.173,115.16 2 1
github.com/nexushunter-ai/nexushunter-ai/backend/internal/recon/crawler.go:115.16,117.3 1 0
github.com/nexushunter-ai/nexushunter-ai/backend/internal/recon/crawler.go:118.2,137.21 9 1
github.com/nexushunter-ai/nexushunter-ai/backend/internal/recon/crawler.go:137.21,138.10 1 1
github.com/nexushunter-ai/nexushunter-ai/backend/internal/recon/crawler.go:139.21,140.20 1 0
github.com/nexushunter-ai/nexushunter-ai/backend/internal/recon/crawler.go:141.11,141.11 0 1
github.com/nexushunter-ai/nexushunter-ai/backend/internal/recon/crawler.go:144.3,144.46 1 1
github.com/nexushunter-ai/nexushunter-ai/backend/internal/recon/crawler.go:144.46,145.9 1 0
github.com/nexushunter-ai/nexushunter-ai/backend/internal/recon/crawler.go:148.3,152.17 4 1
github.com/nexushunter-ai/nexushunter-ai/backend/internal/recon/crawler.go:152.17,153.12 1 0
github.com/nexushunter-ai/nexushunter-ai/backend/internal/recon/crawler.go:156.3,157.17 2 1
github.com/nexushunter-ai/nexushunter-ai/backend/internal/recon/crawler.go:157.17,158.12 1 0
github.com/nexushunter-ai/nexushunter-ai/backend/internal/recon/crawler.go:162.3,163.24 2 1
github.com/nexushunter-ai/nexushunter-ai/backend/internal/recon/crawler.go:163.24,171.12 2 1
github.com/nexushunter-ai/nexushunter-ai/backend/internal/recon/crawler.go:174.3,174.37 1 1
github.com/nexushunter-ai/nexushunter-ai/backend/internal/recon/crawler.go:174.37,175.12 1 0
github.com/nexushunter-ai/nexushunter-ai/backend/internal/recon/crawler.go:178.3,189.38 3 1
github.com/nexushunter-ai/nexushunter-ai/backend/internal/recon/crawler.go:189.38,190.12 1 1
github.com/nexushunter-ai/nexushunter-ai/backend/internal/recon/crawler.go:194.3,195.30 2 1
github.com/nexushunter-ai/nexushunter-ai/backend/internal/recon/crawler.go:195.30,200.4 1 1
github.com/nexushunter-ai/nexushunter-ai/backend/internal/recon/crawler.go:203.2,203.12 1 1
github.com/nexushunter-ai/nexushunter-ai/backend/internal/recon/crawler.go:206.133,208.16 2 1
github.com/nexushunter-ai/nexushunter-ai/backend/internal/recon/crawler.go:208.16,210.3 1 0
github.com/nexushunter-ai/nexushunter-ai/backend/internal/recon/crawler.go:211.2,216.16 5 1
github.com/nexushunter-ai/nexushunter-ai/backend/internal/recon/crawler.go:216.16,218.3 1 1
github.com/nexushunter-ai/nexushunter-ai/backend/internal/recon/crawler.go:219.2,222.104 3 1
github.com/nexushunter-ai/nexushunter-ai/backend/internal/recon/crawler.go:222.104,224.3 1 0
github.com/nexushunter-ai/nexushunter-ai/backend/internal/recon/crawler.go:226.2,228.16 3 1
github.com/nexushunter-ai/nexushunter-ai/backend/internal/recon/crawler.go:228.16,230.3 1 0
github.com/nexushunter-ai/nexushunter-ai/backend/internal/recon/crawler.go:232.2,232.51 1 1
github.com/nexushunter-ai/nexushunter-ai/backend/internal/recon/crawler.go:235.70,237.16 2 1
github.com/nexushunter-ai/nexushunter-ai/backend/internal/recon/crawler.go:237.16,239.3 1 0
github.com/nexushunter-ai/nexushunter-ai/backend/internal/recon/crawler.go:241.2,243.69 2 1
github.com/nexushunter-ai/nexushunter-ai/backend/internal/recon/crawler.go:243.69,244.17 1 1
github.com/nexushunter-ai/nexushunter-ai/backend/internal/recon/crawler.go:244.17,246.4 1 1
github.com/nexushunter-ai/nexushunter-ai/backend/internal/recon/crawler.go:248.2,248.68 1 1
github.com/nexushunter-ai/nexushunter-ai/backend/internal/recon/crawler.go:248.68,249.17 1 0
github.com/nexushunter-ai/nexushunter-ai/backend/internal/recon/crawler.go:249.17,251.4 1 0
github.com/nexushunter-ai/nexushunter-ai/backend/internal/recon/crawler.go:253.2,253.71 1 1
github.com/nexushunter-ai/nexushunter-ai/backend/internal/recon/crawler.go:253.71,254.17 1 1
github.com/nexushunter-ai/nexushunter-ai/backend/internal/recon/crawler.go:254.17,256.4 1 1
github.com/nexushunter-ai/nexushunter-ai/backend/internal/recon/crawler.go:259.2,260.37 2 1
github.com/nexushunter-ai/nexushunter-ai/backend/internal/recon/crawler.go:260.37,262.164 2 1
github.com/nexushunter-ai/nexushunter-ai/backend/internal/recon/crawler.go:262.164,263.12 1 0
github.com/nexushunter-ai/nexushunter-ai/backend/internal/recon/crawler.go:266.3,267.17 2 1
github.com/nexushunter-ai/nexushunter-ai/backend/internal/recon/crawler.go:267.17,268.12 1 0
github.com/nexushunter-ai/nexushunter-ai/backend/internal/recon/crawler.go:271.3,272.38 2 1
github.com/nexushunter-ai/nexushunter-ai/backend/internal/recon/crawler.go:275.2,275.17 1 1
github.com/nexushunter-ai/nexushunter-ai/backend/internal/recon/crawler.go:278.180,280.16 2 1
github.com/nexushunter-ai/nexushunter-ai/backend/internal/recon/crawler.go:280.16,282.3 1 0
github.com/nexushunter-ai/nexushunter-ai/backend/internal/recon/crawler.go:283.2,287.52 4 1
github.com/nexushunter-ai/nexushunter-ai/backend/internal/recon/crawler.go:287.52,288.38 1 1
github.com/nexushunter-ai/nexushunter-ai/backend/internal/recon/crawler.go:288.38,290.4 1 1
github.com/nexushunter-ai/nexushunter-ai/backend/internal/recon/crawler.go:291.3,291.9 1 1
github.com/nexushunter-ai/nexushunter-ai/backend/internal/recon/crawler.go:293.2,298.21 4 1
github.com/nexushunter-ai/nexushunter-ai/backend/internal/recon/crawler.go:298.21,300.35 2 1
github.com/nexushunter-ai/nexushunter-ai/backend/internal/recon/crawler.go:300.35,301.12 1 0
github.com/nexushunter-ai/nexushunter-ai/backend/internal/recon/crawler.go:304.3,305.60 2 1
github.com/nexushunter-ai/nexushunter-ai/backend/internal/recon/crawler.go:305.60,307.4 1 1
github.com/nexushunter-ai/nexushunter-ai/backend/internal/recon/crawler.go:307.9,307.64 1 1
github.com/nexushunter-ai/nexushunter-ai/backend/internal/recon/crawler.go:307.64,309.4 1 1
github.com/nexushunter-ai/nexushunter-ai/backend/internal/recon/crawler.go:309.9,309.66 1 1
github.com/nexushunter-ai/nexushunter-ai/backend/internal/recon/crawler.go:309.66,312.12 3 1
github.com/nexushunter-ai/nexushunter-ai/backend/internal/recon/crawler.go:315.3,315.72 1 1
github.com/nexushunter-ai/nexushunter-ai/backend/internal/recon/crawler.go:315.72,316.12 1 1
github.com/nexushunter-ai/nexushunter-ai/backend/internal/recon/crawler.go:319.3,320.17 2 1
github.com/nexushunter-ai/nexushunter-ai/backend/internal/recon/crawler.go:320.17,321.12 1 0
github.com/nexushunter-ai/nexushunter-ai/backend/internal/recon/crawler.go:323.3,326.17 3 1
github.com/nexushunter-ai/nexushunter-ai/backend/internal/recon/crawler.go:326.17,327.12 1 0
github.com/nexushunter-ai/nexushunter-ai/backend/internal/recon/crawler.go:330.3,331.17 2 1
github.com/nexushunter-ai/nexushunter-ai/backend/internal/recon/crawler.go:331.17,332.12 1 0
github.com/nexushunter-ai/nexushunter-ai/backend/internal/recon/crawler.go:335.3,336.24 2 1
github.com/nexushunter-ai/nexushunter-ai/backend/internal/recon/crawler.go:336.24,344.12 2 0
github.com/nexushunter-ai/nexushunter-ai/backend/internal/recon/crawler.go:347.3,347.36 1 1
github.com/nexushunter-ai/nexushunter-ai/backend/internal/recon/crawler.go:347.36,356.4 1 1
github.com/nexushunter-ai/nexushunter-ai/backend/internal/recon/crawler.go:360.182,362.16 2 1
github.com/nexushunter-ai/nexushunter-ai/backend/internal/recon/crawler.go:362.16,364.3 1 0
github.com/nexushunter-ai/nexushunter-ai/backend/internal/recon/crawler.go:365.2,369.52 4 1
github.com/nexushunter-ai/nexushunter-ai/backend/internal/recon/crawler.go:369.52,370.38 1 1
github.com/nexushunter-ai/nexushunter-ai/backend/internal/recon/crawler.go:370.38,372.4 1 1
github.com/nexushunter-ai/nexushunter-ai/backend/internal/recon/crawler.go:373.3,373.9 1 1
github.com/nexushunter-ai/nexushunter-ai/backend/internal/recon/crawler.go:375.2,386.48 6 1
github.com/nexushunter-ai/nexushunter-ai/backend/internal/recon/crawler.go:386.48,388.3 1 0
github.com/nexushunter-ai/nexushunter-ai/backend/internal/recon/crawler.go:390.2,390.36 1 1
github.com/nexushunter-ai/nexushunter-ai/backend/internal/recon/crawler.go:390.36,392.19 2 1
github.com/nexushunter-ai/nexushunter-ai/backend/internal/recon/crawler.go:392.19,393.12 1 0
github.com/nexushunter-ai/nexushunter-ai/backend/internal/recon/crawler.go:396.3,397.17 2 1
github.com/nexushunter-ai/nexushunter-ai/backend/internal/recon/crawler.go:397.17,398.12 1 0
github.com/nexushunter-ai/nexushunter-ai/backend/internal/recon/crawler.go:401.3,402.17 2 1
github.com/nexushunter-ai/nexushunter-ai/backend/internal/recon/crawler.go:402.17,403.12 1 0
github.com/nexushunter-ai/nexushunter-ai/backend/internal/recon/crawler.go:406.3,407.24 2 1
github.com/nexushunter-ai/nexushunter-ai/backend/internal/recon/crawler.go:407.24,415.12 2 0
github.com/nexushunter-ai/nexushunter-ai/backend/internal/recon/crawler.go:418.3,418.36 1 1
github.com/nexushunter-ai/nexushunter-ai/backend/internal/recon/crawler.go:418.36,427.4 1 1
github.com/nexushunter-ai/nexushunter-ai/backend/internal/recon/dedupe.go:18.38,26.2 1 1
github.com/nexushunter-ai/nexushunter-ai/backend/internal/recon/dedupe.go:30.58,34.44 3 1
github.com/nexushunter-ai/nexushunter-ai/backend/internal/recon/dedupe.go:34.44,36.3 1 1
github.com/nexushunter-ai/nexushunter-ai/backend/internal/recon/dedupe.go:37.2,38.13 2 1
github.com/nexushunter-ai/nexushunter-ai/backend/internal/recon/dedupe.go:42.54,46.36 3 0
github.com/nexushunter-ai/nexushunter-ai/backend/internal/recon/dedupe.go:46.36,48.3 1 0
github.com/nexushunter-ai/nexushunter-ai/backend/internal/recon/dedupe.go:49.2,50.13 2 0
github.com/nexushunter-ai/nexushunter-ai/backend/internal/recon/dedupe.go:54.65,58.47 3 1
github.com/nexushunter-ai/nexushunter-ai/backend/internal/recon/dedupe.go:58.47,60.3 1 1
github.com/nexushunter-ai/nexushunter-ai/backend/internal/recon/dedupe.go:61.2,62.13 2 1
github.com/nexushunter-ai/nexushunter-ai/backend/internal/recon/dedupe.go:66.76,71.44 4 1
github.com/nexushunter-ai/nexushunter-ai/backend/internal/recon/dedupe.go:71.44,73.3 1 1
github.com/nexushunter-ai/nexushunter-ai/backend/internal/recon/dedupe.go:74.2,75.13 2 1
github.com/nexushunter-ai/nexushunter-ai/backend/internal/recon/dedupe.go:79.64,83.46 3 0
github.com/nexushunter-ai/nexushunter-ai/backend/internal/recon/dedupe.go:83.46,85.3 1 0
github.com/nexushunter-ai/nexushunter-ai/backend/internal/recon/dedupe.go:86.2,87.13 2 0
github.com/nexushunter-ai/nexushunter-ai/backend/internal/recon/dedupe.go:91.61,95.2 3 1
github.com/nexushunter-ai/nexushunter-ai/backend/internal/recon/dns.go:22.73,23.18 1 0
github.com/nexushunter-ai/nexushunter-ai/backend/internal/recon/dns.go:23.18,25.3 1 0
github.com/nexushunter-ai/nexushunter-ai/backend/internal/recon/dns.go:26.2,31.3 1 0
github.com/nexushunter-ai/nexushunter-ai/backend/internal/recon/dns.go:35.98,44.16 6 0
github.com/nexushunter-ai/nexushunter-ai/backend/internal/recon/dns.go:44.16,47.66 3 0
github.com/nexushunter-ai/nexushunter-ai/backend/internal/recon/dns.go:47.66,49.4 1 0
github.com/nexushunter-ai/nexushunter-ai/backend/internal/recon/dns.go:49.9,49.76 1 0
github.com/nexushunter-ai/nexushunter-ai/backend/internal/recon/dns.go:49.76,51.4 1 0
github.com/nexushunter-ai/nexushunter-ai/backend/internal/recon/dns.go:53.3,60.22 2 0
github.com/nexushunter-ai/nexushunter-ai/backend/internal/recon/dns.go:63.2,63.25 1 0
github.com/nexushunter-ai/nexushunter-ai/backend/internal/recon/dns.go:63.25,65.25 2 0
github.com/nexushunter-ai/nexushunter-ai/backend/internal/recon/dns.go:65.25,67.4 1 0
github.com/nexushunter-ai/nexushunter-ai/backend/internal/recon/dns.go:68.3,74.5 1 0
github.com/nexushunter-ai/nexushunter-ai/backend/internal/recon/dns.go:78.2,79.16 2 0
github.com/nexushunter-ai/nexushunter-ai/backend/internal/recon/dns.go:79.16,81.49 2 0
github.com/nexushunter-ai/nexushunter-ai/backend/internal/recon/dns.go:81.49,89.4 1 0
github.com/nexushunter-ai/nexushunter-ai/backend/internal/recon/dns.go:92.2,92.21 1 0
github.com/nexushunter-ai/nexushunter-ai/backend/internal/recon/dns.go:95.57,96.37 1 0
github.com/nexushunter-ai/nexushunter-ai/backend/internal/recon/dns.go:96.37,99.3 2 0
github.com/nexushunter-ai/nexushunter-ai/backend/internal/recon/dns.go:100.2,100.14 1 0
github.com/nexushunter-ai/nexushunter-ai/backend/internal/recon/engine.go:49.11,59.2 1 0
github.com/nexushunter-ai/nexushunter-ai/backend/internal/recon/engine.go:62.42,64.2 1 0
github.com/nexushunter-ai/nexushunter-ai/backend/internal/recon/engine.go:67.59,68.23 1 0
github.com/nexushunter-ai/nexushunter-ai/backend/internal/recon/engine.go:68.23,70.3 1 0
github.com/nexushunter-ai/nexushunter-ai/backend/internal/recon/engine.go:74.111,75.20 1 0
github.com/nexushunter-ai/nexushunter-ai/backend/internal/recon/engine.go:75.20,77.3 1 0
github.com/nexushunter-ai/nexushunter-ai/backend/internal/recon/engine.go:80.2,81.16 2 0
github.com/nexushunter-ai/nexushunter-ai/backend/internal/recon/engine.go:81.16,82.42 1 0
github.com/nexushunter-ai/nexushunter-ai/backend/internal/recon/engine.go:82.42,84.4 1 0
github.com/nexushunter-ai/nexushunter-ai/backend/internal/recon/engine.go:85.3,85.18 1 0
github.com/nexushunter-ai/nexushunter-ai/backend/internal/recon/engine.go:87.2,87.19 1 0
github.com/nexushunter-ai/nexushunter-ai/backend/internal/recon/engine.go:87.19,89.3 1 0
github.com/nexushunter-ai/nexushunter-ai/backend/internal/recon/engine.go:92.2,92.58 1 0
github.com/nexushunter-ai/nexushunter-ai/backend/internal/recon/engine.go:92.58,94.3 1 0
github.com/nexushunter-ai/nexushunter-ai/backend/internal/recon/engine.go:96.2,96.48 1 0
github.com/nexushunter-ai/nexushunter-ai/backend/internal/recon/engine.go:96.48,98.3 1 0
github.com/nexushunter-ai/nexushunter-ai/backend/internal/recon/engine.go:101.2,106.16 3 0
github.com/nexushunter-ai/nexushunter-ai/backend/internal/recon/engine.go:106.16,108.3 1 0
github.com/nexushunter-ai/nexushunter-ai/backend/internal/recon/engine.go:111.2,112.16 2 0
github.com/nexushunter-ai/nexushunter-ai/backend/internal/recon/engine.go:112.16,114.3 1 0
github.com/nexushunter-ai/nexushunter-ai/backend/internal/recon/engine.go:117.2,123.63 5 0
github.com/nexushunter-ai/nexushunter-ai/backend/internal/recon/engine.go:123.63,124.16 1 0
github.com/nexushunter-ai/nexushunter-ai/backend/internal/recon/engine.go:124.16,129.4 4 0
github.com/nexushunter-ai/nexushunter-ai/backend/internal/recon/engine.go:131.3,132.21 2 0
github.com/nexushunter-ai/nexushunter-ai/backend/internal/recon/engine.go:132.21,135.4 2 0
github.com/nexushunter-ai/nexushunter-ai/backend/internal/recon/engine.go:137.3,137.60 1 0
github.com/nexushunter-ai/nexushunter-ai/backend/internal/recon/engine.go:137.60,140.4 2 0
github.com/nexushunter-ai/nexushunter-ai/backend/internal/recon/engine.go:142.3,142.58 1 0
github.com/nexushunter-ai/nexushunter-ai/backend/internal/recon/engine.go:145.2,145.24 1 0
github.com/nexushunter-ai/nexushunter-ai/backend/internal/recon/engine.go:149.86,151.16 2 0
github.com/nexushunter-ai/nexushunter-ai/backend/internal/recon/engine.go:151.16,152.42 1 0
github.com/nexushunter-ai/nexushunter-ai/backend/internal/recon/engine.go:152.42,154.4 1 0
github.com/nexushunter-ai/nexushunter-ai/backend/internal/recon/engine.go:155.3,155.18 1 0
github.com/nexushunter-ai/nexushunter-ai/backend/internal/recon/engine.go:157.2,157.17 1 0
github.com/nexushunter-ai/nexushunter-ai/backend/internal/recon/engine.go:161.71,164.12 3 0
github.com/nexushunter-ai/nexushunter-ai/backend/internal/recon/engine.go:164.12,167.3 2 0
github.com/nexushunter-ai/nexushunter-ai/backend/internal/recon/engine.go:168.2,171.12 3 0
github.com/nexushunter-ai/nexushunter-ai/backend/internal/recon/http.go:36.95,47.69 3 1
github.com/nexushunter-ai/nexushunter-ai/backend/internal/recon/http.go:47.69,48.36 1 0
github.com/nexushunter-ai/nexushunter-ai/backend/internal/recon/http.go:48.36,50.5 1 0
github.com/nexushunter-ai/nexushunter-ai/backend/internal/recon/http.go:51.4,51.14 1 0
github.com/nexushunter-ai/nexushunter-ai/backend/internal/recon/http.go:55.2,55.15 1 1
github.com/nexushunter-ai/nexushunter-ai/backend/internal/recon/http.go:59.133,61.16 2 1
github.com/nexushunter-ai/nexushunter-ai/backend/internal/recon/http.go:61.16,63.3 1 0
github.com/nexushunter-ai/nexushunter-ai/backend/internal/recon/http.go:65.2,66.16 2 1
github.com/nexushunter-ai/nexushunter-ai/backend/internal/recon/http.go:66.16,68.3 1 0
github.com/nexushunter-ai/nexushunter-ai/backend/internal/recon/http.go:71.2,72.23 2 1
github.com/nexushunter-ai/nexushunter-ai/backend/internal/recon/http.go:72.23,81.3 2 0
github.com/nexushunter-ai/nexushunter-ai/backend/internal/recon/http.go:83.2,88.82 4 1
github.com/nexushunter-ai/nexushunter-ai/backend/internal/recon/http.go:88.82,89.40 1 1
github.com/nexushunter-ai/nexushunter-ai/backend/internal/recon/http.go:89.40,91.4 1 0
github.com/nexushunter-ai/nexushunter-ai/backend/internal/recon/http.go:94.3,94.36 1 1
github.com/nexushunter-ai/nexushunter-ai/backend/internal/recon/http.go:94.36,95.101 1 0
github.com/nexushunter-ai/nexushunter-ai/backend/internal/recon/http.go:95.101,104.5 2 0
github.com/nexushunter-ai/nexushunter-ai/backend/internal/recon/http.go:105.9,107.80 2 1
github.com/nexushunter-ai/nexushunter-ai/backend/internal/recon/http.go:107.80,109.5 1 0
github.com/nexushunter-ai/nexushunter-ai/backend/internal/recon/http.go:113.3,115.29 3 1
github.com/nexushunter-ai/nexushunter-ai/backend/internal/recon/http.go:115.29,124.4 2 1
github.com/nexushunter-ai/nexushunter-ai/backend/internal/recon/http.go:127.3,127.19 1 1
github.com/nexushunter-ai/nexushunter-ai/backend/internal/recon/http.go:127.19,129.54 2 1
github.com/nexushunter-ai/nexushunter-ai/backend/internal/recon/http.go:129.54,133.5 3 0
github.com/nexushunter-ai/nexushunter-ai/backend/internal/recon/http.go:136.3,137.13 2 1
github.com/nexushunter-ai/nexushunter-ai/backend/internal/recon/http.go:140.2,141.16 2 1
github.com/nexushunter-ai/nexushunter-ai/backend/internal/recon/http.go:141.16,143.3 1 0
github.com/nexushunter-ai/nexushunter-ai/backend/internal/recon/http.go:145.2,153.16 7 1
github.com/nexushunter-ai/nexushunter-ai/backend/internal/recon/http.go:153.16,154.124 1 1
github.com/nexushunter-ai/nexushunter-ai/backend/internal/recon/http.go:154.124,157.4 1 1
github.com/nexushunter-ai/nexushunter-ai/backend/internal/recon/http.go:158.3,158.107 1 1
github.com/nexushunter-ai/nexushunter-ai/backend/internal/recon/http.go:158.107,160.4 1 0
github.com/nexushunter-ai/nexushunter-ai/backend/internal/recon/http.go:161.3,161.76 1 1
github.com/nexushunter-ai/nexushunter-ai/backend/internal/recon/http.go:163.2,171.21 5 1
github.com/nexushunter-ai/nexushunter-ai/backend/internal/recon/http.go:171.21,172.27 1 0
github.com/nexushunter-ai/nexushunter-ai/backend/internal/recon/http.go:173.25,174.22 1 0
github.com/nexushunter-ai/nexushunter-ai/backend/internal/recon/http.go:175.25,176.22 1 0
github.com/nexushunter-ai/nexushunter-ai/backend/internal/recon/http.go:177.25,178.22 1 0
github.com/nexushunter-ai/nexushunter-ai/backend/internal/recon/http.go:179.25,180.22 1 0
github.com/nexushunter-ai/nexushunter-ai/backend/internal/recon/http.go:181.11,182.56 1 0
github.com/nexushunter-ai/nexushunter-ai/backend/internal/recon/http.go:186.2,188.25 3 1
github.com/nexushunter-ai/nexushunter-ai/backend/internal/recon/http.go:188.25,190.3 1 0
github.com/nexushunter-ai/nexushunter-ai/backend/internal/recon/http.go:192.2,193.32 2 1
github.com/nexushunter-ai/nexushunter-ai/backend/internal/recon/http.go:193.32,195.3 1 1
github.com/nexushunter-ai/nexushunter-ai/backend/internal/recon/http.go:197.2,198.35 2 1
github.com/nexushunter-ai/nexushunter-ai/backend/internal/recon/http.go:198.35,200.3 1 0
github.com/nexushunter-ai/nexushunter-ai/backend/internal/recon/http.go:202.2,220.25 2 1
github.com/nexushunter-ai/nexushunter-ai/backend/internal/recon/normalize.go:28.52,30.19 2 1
github.com/nexushunter-ai/nexushunter-ai/backend/internal/recon/normalize.go:30.19,32.3 1 1
github.com/nexushunter-ai/nexushunter-ai/backend/internal/recon/normalize.go:35.2,39.85 3 1
github.com/nexushunter-ai/nexushunter-ai/backend/internal/recon/normalize.go:39.85,41.39 2 1
github.com/nexushunter-ai/nexushunter-ai/backend/internal/recon/normalize.go:41.39,43.4 1 1
github.com/nexushunter-ai/nexushunter-ai/backend/internal/recon/normalize.go:47.2,47.60 1 1
github.com/nexushunter-ai/nexushunter-ai/backend/internal/recon/normalize.go:47.60,49.3 1 1
github.com/nexushunter-ai/nexushunter-ai/backend/internal/recon/normalize.go:51.2,51.41 1 1
github.com/nexushunter-ai/nexushunter-ai/backend/internal/recon/normalize.go:51.41,53.3 1 0
github.com/nexushunter-ai/nexushunter-ai/backend/internal/recon/normalize.go:56.2,56.43 1 1
github.com/nexushunter-ai/nexushunter-ai/backend/internal/recon/normalize.go:56.43,58.3 1 1
github.com/nexushunter-ai/nexushunter-ai/backend/internal/recon/normalize.go:60.2,60.41 1 1
github.com/nexushunter-ai/nexushunter-ai/backend/internal/recon/normalize.go:60.41,62.3 1 1
github.com/nexushunter-ai/nexushunter-ai/backend/internal/recon/normalize.go:64.2,64.21 1 1
github.com/nexushunter-ai/nexushunter-ai/backend/internal/recon/normalize.go:74.50,76.19 2 1
github.com/nexushunter-ai/nexushunter-ai/backend/internal/recon/normalize.go:76.19,78.3 1 1
github.com/nexushunter-ai/nexushunter-ai/backend/internal/recon/normalize.go:80.2,81.16 2 1
github.com/nexushunter-ai/nexushunter-ai/backend/internal/recon/normalize.go:81.16,83.3 1 0
github.com/nexushunter-ai/nexushunter-ai/backend/internal/recon/normalize.go:86.2,87.18 2 1
github.com/nexushunter-ai/nexushunter-ai/backend/internal/recon/normalize.go:87.18,90.3 1 0
github.com/nexushunter-ai/nexushunter-ai/backend/internal/recon/normalize.go:91.2,91.43 1 1
github.com/nexushunter-ai/nexushunter-ai/backend/internal/recon/normalize.go:91.43,93.3 1 1
github.com/nexushunter-ai/nexushunter-ai/backend/internal/recon/normalize.go:96.2,97.16 2 1
github.com/nexushunter-ai/nexushunter-ai/backend/internal/recon/normalize.go:97.16,99.3 1 0
github.com/nexushunter-ai/nexushunter-ai/backend/internal/recon/normalize.go:101.2,104.80 3 1
github.com/nexushunter-ai/nexushunter-ai/backend/internal/recon/normalize.go:104.80,106.3 1 1
github.com/nexushunter-ai/nexushunter-ai/backend/internal/recon/normalize.go:108.2,109.16 2 1
github.com/nexushunter-ai/nexushunter-ai/backend/internal/recon/normalize.go:109.16,111.3 1 1
github.com/nexushunter-ai/nexushunter-ai/backend/internal/recon/normalize.go:111.8,113.3 1 1
github.com/nexushunter-ai/nexushunter-ai/backend/internal/recon/normalize.go:116.2,117.13 2 1
github.com/nexushunter-ai/nexushunter-ai/backend/internal/recon/normalize.go:117.13,119.3 1 1
github.com/nexushunter-ai/nexushunter-ai/backend/internal/recon/normalize.go:119.8,122.65 3 1
github.com/nexushunter-ai/nexushunter-ai/backend/internal/recon/normalize.go:122.65,124.4 1 1
github.com/nexushunter-ai/nexushunter-ai/backend/internal/recon/normalize.go:125.3,125.33 1 1
github.com/nexushunter-ai/nexushunter-ai/backend/internal/recon/normalize.go:125.33,127.4 1 0
github.com/nexushunter-ai/nexushunter-ai/backend/internal/recon/normalize.go:134.2,135.27 2 1
github.com/nexushunter-ai/nexushunter-ai/backend/internal/recon/normalize.go:135.27,137.36 2 1
github.com/nexushunter-ai/nexushunter-ai/backend/internal/recon/normalize.go:137.36,139.26 2 1
github.com/nexushunter-ai/nexushunter-ai/backend/internal/recon/normalize.go:139.26,141.5 1 1
github.com/nexushunter-ai/nexushunter-ai/backend/internal/recon/normalize.go:142.4,145.27 3 1
github.com/nexushunter-ai/nexushunter-ai/backend/internal/recon/normalize.go:145.27,148.28 3 1
github.com/nexushunter-ai/nexushunter-ai/backend/internal/recon/normalize.go:148.28,150.6 1 1
github.com/nexushunter-ai/nexushunter-ai/backend/internal/recon/normalize.go:152.4,152.40 1 1
github.com/nexushunter-ai/nexushunter-ai/backend/internal/recon/normalize.go:157.2,162.20 6 1
github.com/nexushunter-ai/nexushunter-ai/backend/internal/recon/normalize.go:162.20,165.3 2 1
github.com/nexushunter-ai/nexushunter-ai/backend/internal/recon/normalize.go:167.2,167.24 1 1
github.com/nexushunter-ai/nexushunter-ai/backend/internal/recon/normalize.go:171.60,173.16 2 1
github.com/nexushunter-ai/nexushunter-ai/backend/internal/recon/normalize.go:173.16,175.3 1 0
github.com/nexushunter-ai/nexushunter-ai/backend/internal/recon/normalize.go:176.2,178.13 3 1
github.com/nexushunter-ai/nexushunter-ai/backend/internal/recon/normalize.go:178.13,180.3 1 0
github.com/nexushunter-ai/nexushunter-ai/backend/internal/recon/normalize.go:181.2,181.15 1 1
github.com/nexushunter-ai/nexushunter-ai/backend/internal/recon/pipeline.go:37.61,39.2 1 0
github.com/nexushunter-ai/nexushunter-ai/backend/internal/recon/pipeline.go:51.13,52.24 1 1
github.com/nexushunter-ai/nexushunter-ai/backend/internal/recon/pipeline.go:52.24,54.3 1 1
github.com/nexushunter-ai/nexushunter-ai/backend/internal/recon/pipeline.go:55.2,55.24 1 1
github.com/nexushunter-ai/nexushunter-ai/backend/internal/recon/pipeline.go:55.24,57.3 1 0
github.com/nexushunter-ai/nexushunter-ai/backend/internal/recon/pipeline.go:58.2,58.23 1 1
github.com/nexushunter-ai/nexushunter-ai/backend/internal/recon/pipeline.go:58.23,60.3 1 1
github.com/nexushunter-ai/nexushunter-ai/backend/internal/recon/pipeline.go:61.2,73.3 2 1
github.com/nexushunter-ai/nexushunter-ai/backend/internal/recon/pipeline.go:77.138,79.19 1 1
github.com/nexushunter-ai/nexushunter-ai/backend/internal/recon/pipeline.go:79.19,81.3 1 0
github.com/nexushunter-ai/nexushunter-ai/backend/internal/recon/pipeline.go:82.2,82.58 1 1
github.com/nexushunter-ai/nexushunter-ai/backend/internal/recon/pipeline.go:82.58,84.3 1 0
github.com/nexushunter-ai/nexushunter-ai/backend/internal/recon/pipeline.go:86.2,96.59 4 1
github.com/nexushunter-ai/nexushunter-ai/backend/internal/recon/pipeline.go:96.59,98.3 1 0
github.com/nexushunter-ai/nexushunter-ai/backend/internal/recon/pipeline.go:100.2,117.12 10 1
github.com/nexushunter-ai/nexushunter-ai/backend/internal/recon/pipeline.go:117.12,118.7 1 1
github.com/nexushunter-ai/nexushunter-ai/backend/internal/recon/pipeline.go:118.7,119.11 1 1
github.com/nexushunter-ai/nexushunter-ai/backend/internal/recon/pipeline.go:120.25,121.11 1 1
github.com/nexushunter-ai/nexushunter-ai/backend/internal/recon/pipeline.go:122.22,123.11 1 0
github.com/nexushunter-ai/nexushunter-ai/backend/internal/recon/pipeline.go:124.28,134.7 2 1
github.com/nexushunter-ai/nexushunter-ai/backend/internal/recon/pipeline.go:139.2,143.29 3 1
github.com/nexushunter-ai/nexushunter-ai/backend/internal/recon/pipeline.go:143.29,145.37 2 1
github.com/nexushunter-ai/nexushunter-ai/backend/internal/recon/pipeline.go:145.37,147.4 1 0
github.com/nexushunter-ai/nexushunter-ai/backend/internal/recon/pipeline.go:148.3,148.29 1 1
github.com/nexushunter-ai/nexushunter-ai/backend/internal/recon/pipeline.go:148.29,149.35 1 1
github.com/nexushunter-ai/nexushunter-ai/backend/internal/recon/pipeline.go:149.35,165.34 6 1
github.com/nexushunter-ai/nexushunter-ai/backend/internal/recon/pipeline.go:165.34,167.6 1 1
github.com/nexushunter-ai/nexushunter-ai/backend/internal/recon/pipeline.go:168.5,179.7 3 1
github.com/nexushunter-ai/nexushunter-ai/backend/internal/recon/pipeline.go:182.8,184.47 1 0
github.com/nexushunter-ai/nexushunter-ai/backend/internal/recon/pipeline.go:184.47,197.4 4 0
github.com/nexushunter-ai/nexushunter-ai/backend/internal/recon/pipeline.go:200.2,200.34 1 1
github.com/nexushunter-ai/nexushunter-ai/backend/internal/recon/pipeline.go:200.34,202.3 1 0
github.com/nexushunter-ai/nexushunter-ai/backend/internal/recon/pipeline.go:205.2,208.52 3 1
github.com/nexushunter-ai/nexushunter-ai/backend/internal/recon/pipeline.go:208.52,210.67 2 1
github.com/nexushunter-ai/nexushunter-ai/backend/internal/recon/pipeline.go:210.67,212.18 2 1
github.com/nexushunter-ai/nexushunter-ai/backend/internal/recon/pipeline.go:212.18,215.5 2 0
github.com/nexushunter-ai/nexushunter-ai/backend/internal/recon/pipeline.go:217.4,220.20 4 1
github.com/nexushunter-ai/nexushunter-ai/backend/internal/recon/pipeline.go:220.20,222.5 1 1
github.com/nexushunter-ai/nexushunter-ai/backend/internal/recon/pipeline.go:224.4,224.32 1 1
github.com/nexushunter-ai/nexushunter-ai/backend/internal/recon/pipeline.go:224.32,225.51 1 1
github.com/nexushunter-ai/nexushunter-ai/backend/internal/recon/pipeline.go:225.51,227.63 2 1
github.com/nexushunter-ai/nexushunter-ai/backend/internal/recon/pipeline.go:227.63,244.7 3 1
github.com/nexushunter-ai/nexushunter-ai/backend/internal/recon/pipeline.go:248.4,248.17 1 1
github.com/nexushunter-ai/nexushunter-ai/backend/internal/recon/pipeline.go:248.17,250.22 2 1
github.com/nexushunter-ai/nexushunter-ai/backend/internal/recon/pipeline.go:250.22,252.6 1 1
github.com/nexushunter-ai/nexushunter-ai/backend/internal/recon/pipeline.go:253.5,255.24 3 1
github.com/nexushunter-ai/nexushunter-ai/backend/internal/recon/pipeline.go:259.3,259.37 1 1
github.com/nexushunter-ai/nexushunter-ai/backend/internal/recon/pipeline.go:259.37,261.4 1 1
github.com/nexushunter-ai/nexushunter-ai/backend/internal/recon/pipeline.go:262.3,262.18 1 1
github.com/nexushunter-ai/nexushunter-ai/backend/internal/recon/pipeline.go:263.8,265.3 1 0
github.com/nexushunter-ai/nexushunter-ai/backend/internal/recon/pipeline.go:267.2,267.34 1 1
github.com/nexushunter-ai/nexushunter-ai/backend/internal/recon/pipeline.go:267.34,269.3 1 0
github.com/nexushunter-ai/nexushunter-ai/backend/internal/recon/pipeline.go:272.2,280.46 4 1
github.com/nexushunter-ai/nexushunter-ai/backend/internal/recon/pipeline.go:280.46,282.38 2 1
github.com/nexushunter-ai/nexushunter-ai/backend/internal/recon/pipeline.go:282.38,285.4 2 1
github.com/nexushunter-ai/nexushunter-ai/backend/internal/recon/pipeline.go:287.3,288.71 2 1
github.com/nexushunter-ai/nexushunter-ai/backend/internal/recon/pipeline.go:288.71,291.19 3 1
github.com/nexushunter-ai/nexushunter-ai/backend/internal/recon/pipeline.go:291.19,298.5 2 0
github.com/nexushunter-ai/nexushunter-ai/backend/internal/recon/pipeline.go:299.4,299.18 1 1
github.com/nexushunter-ai/nexushunter-ai/backend/internal/recon/pipeline.go:299.18,300.45 1 1
github.com/nexushunter-ai/nexushunter-ai/backend/internal/recon/pipeline.go:300.45,302.6 1 1
github.com/nexushunter-ai/nexushunter-ai/backend/internal/recon/pipeline.go:303.5,303.11 1 1
github.com/nexushunter-ai/nexushunter-ai/backend/internal/recon/pipeline.go:305.4,305.18 1 0
github.com/nexushunter-ai/nexushunter-ai/backend/internal/recon/pipeline.go:305.18,306.46 1 0
github.com/nexushunter-ai/nexushunter-ai/backend/internal/recon/pipeline.go:306.46,310.22 4 0
github.com/nexushunter-ai/nexushunter-ai/backend/internal/recon/pipeline.go:310.22,313.7 2 0
github.com/nexushunter-ai/nexushunter-ai/backend/internal/recon/pipeline.go:315.6,330.49 3 0
github.com/nexushunter-ai/nexushunter-ai/backend/internal/recon/pipeline.go:330.49,332.7 1 0
github.com/nexushunter-ai/nexushunter-ai/backend/internal/recon/pipeline.go:334.6,346.22 4 0
github.com/nexushunter-ai/nexushunter-ai/backend/internal/recon/pipeline.go:351.3,351.34 1 1
github.com/nexushunter-ai/nexushunter-ai/backend/internal/recon/pipeline.go:351.34,353.4 1 1
github.com/nexushunter-ai/nexushunter-ai/backend/internal/recon/pipeline.go:354.3,354.19 1 1
github.com/nexushunter-ai/nexushunter-ai/backend/internal/recon/pipeline.go:357.2,357.34 1 1
github.com/nexushunter-ai/nexushunter-ai/backend/internal/recon/pipeline.go:357.34,359.3 1 0
github.com/nexushunter-ai/nexushunter-ai/backend/internal/recon/pipeline.go:362.2,362.45 1 1
github.com/nexushunter-ai/nexushunter-ai/backend/internal/recon/pipeline.go:362.45,364.76 2 0
github.com/nexushunter-ai/nexushunter-ai/backend/internal/recon/pipeline.go:364.76,367.20 3 0
github.com/nexushunter-ai/nexushunter-ai/backend/internal/recon/pipeline.go:367.20,369.5 1 0
github.com/nexushunter-ai/nexushunter-ai/backend/internal/recon/pipeline.go:371.4,377.25 1 0
github.com/nexushunter-ai/nexushunter-ai/backend/internal/recon/pipeline.go:377.25,397.6 4 0
github.com/nexushunter-ai/nexushunter-ai/backend/internal/recon/pipeline.go:398.24,405.6 2 0
github.com/nexushunter-ai/nexushunter-ai/backend/internal/recon/pipeline.go:407.4,407.44 1 0
github.com/nexushunter-ai/nexushunter-ai/backend/internal/recon/pipeline.go:407.44,409.5 1 0
github.com/nexushunter-ai/nexushunter-ai/backend/internal/recon/pipeline.go:409.10,411.5 1 0
github.com/nexushunter-ai/nexushunter-ai/backend/internal/recon/pipeline.go:414.3,414.39 1 0
github.com/nexushunter-ai/nexushunter-ai/backend/internal/recon/pipeline.go:414.39,416.4 1 0
github.com/nexushunter-ai/nexushunter-ai/backend/internal/recon/pipeline.go:417.3,417.20 1 0
github.com/nexushunter-ai/nexushunter-ai/backend/internal/recon/pipeline.go:420.2,420.34 1 1
github.com/nexushunter-ai/nexushunter-ai/backend/internal/recon/pipeline.go:420.34,422.3 1 0
github.com/nexushunter-ai/nexushunter-ai/backend/internal/recon/pipeline.go:424.2,424.69 1 1
github.com/nexushunter-ai/nexushunter-ai/backend/internal/recon/pipeline.go:427.152,444.77 14 1
github.com/nexushunter-ai/nexushunter-ai/backend/internal/recon/pipeline.go:444.77,446.3 1 0
github.com/nexushunter-ai/nexushunter-ai/backend/internal/recon/pipeline.go:448.2,460.17 2 1
github.com/nexushunter-ai/nexushunter-ai/backend/internal/recon/pipeline.go:463.100,472.2 1 1
github.com/nexushunter-ai/nexushunter-ai/backend/internal/recon/pipeline.go:474.34,478.2 3 1
github.com/nexushunter-ai/nexushunter-ai/backend/internal/recon/subdomain.go:31.73,43.2 1 1
github.com/nexushunter-ai/nexushunter-ai/backend/internal/recon/subdomain.go:46.42,48.2 1 1
github.com/nexushunter-ai/nexushunter-ai/backend/internal/recon/subdomain.go:51.99,52.19 1 1
github.com/nexushunter-ai/nexushunter-ai/backend/internal/recon/subdomain.go:52.19,54.3 1 0
github.com/nexushunter-ai/nexushunter-ai/backend/internal/recon/subdomain.go:56.2,59.29 2 1
github.com/nexushunter-ai/nexushunter-ai/backend/internal/recon/subdomain.go:59.29,61.3 1 1
github.com/nexushunter-ai/nexushunter-ai/backend/internal/recon/subdomain.go:62.2,62.43 1 1
github.com/nexushunter-ai/nexushunter-ai/backend/internal/recon/subdomain.go:62.43,64.37 2 1
github.com/nexushunter-ai/nexushunter-ai/backend/internal/recon/subdomain.go:64.37,68.37 3 1
github.com/nexushunter-ai/nexushunter-ai/backend/internal/recon/subdomain.go:68.37,70.5 1 1
github.com/nexushunter-ai/nexushunter-ai/backend/internal/recon/subdomain.go:71.9,71.25 1 1
github.com/nexushunter-ai/nexushunter-ai/backend/internal/recon/subdomain.go:71.25,73.4 1 1
github.com/nexushunter-ai/nexushunter-ai/backend/internal/recon/subdomain.go:77.2,84.37 5 1
github.com/nexushunter-ai/nexushunter-ai/backend/internal/recon/subdomain.go:84.37,85.10 1 1
github.com/nexushunter-ai/nexushunter-ai/backend/internal/recon/subdomain.go:86.21,87.32 1 0
github.com/nexushunter-ai/nexushunter-ai/backend/internal/recon/subdomain.go:88.11,88.11 0 1
github.com/nexushunter-ai/nexushunter-ai/backend/internal/recon/subdomain.go:91.3,92.17 2 1
github.com/nexushunter-ai/nexushunter-ai/backend/internal/recon/subdomain.go:92.17,94.12 1 0
github.com/nexushunter-ai/nexushunter-ai/backend/internal/recon/subdomain.go:97.3,97.42 1 1
github.com/nexushunter-ai/nexushunter-ai/backend/internal/recon/subdomain.go:97.42,98.12 1 1
github.com/nexushunter-ai/nexushunter-ai/backend/internal/recon/subdomain.go:100.3,104.24 3 1
github.com/nexushunter-ai/nexushunter-ai/backend/internal/recon/subdomain.go:104.24,106.12 1 1
github.com/nexushunter-ai/nexushunter-ai/backend/internal/recon/subdomain.go:109.3,109.44 1 1
github.com/nexushunter-ai/nexushunter-ai/backend/internal/recon/subdomain.go:112.2,112.24 1 1
github.com/nexushunter-ai/nexushunter-ai/backend/internal/recon/subdomain.go:117.88,119.37 2 1
github.com/nexushunter-ai/nexushunter-ai/backend/internal/recon/subdomain.go:119.37,121.3 1 0
github.com/nexushunter-ai/nexushunter-ai/backend/internal/recon/subdomain.go:123.2,125.16 3 1
github.com/nexushunter-ai/nexushunter-ai/backend/internal/recon/subdomain.go:125.16,127.3 1 0
github.com/nexushunter-ai/nexushunter-ai/backend/internal/recon/subdomain.go:128.2,131.16 3 1
github.com/nexushunter-ai/nexushunter-ai/backend/internal/recon/subdomain.go:131.16,134.3 1 1
github.com/nexushunter-ai/nexushunter-ai/backend/internal/recon/subdomain.go:135.2,137.38 2 1
github.com/nexushunter-ai/nexushunter-ai/backend/internal/recon/subdomain.go:137.38,139.3 1 0
github.com/nexushunter-ai/nexushunter-ai/backend/internal/recon/subdomain.go:141.2,146.68 3 1
github.com/nexushunter-ai/nexushunter-ai/backend/internal/recon/subdomain.go:146.68,148.3 1 0
github.com/nexushunter-ai/nexushunter-ai/backend/internal/recon/subdomain.go:150.2,151.32 2 1
github.com/nexushunter-ai/nexushunter-ai/backend/internal/recon/subdomain.go:151.32,154.30 2 1
github.com/nexushunter-ai/nexushunter-ai/backend/internal/recon/subdomain.go:154.30,157.17 3 1
github.com/nexushunter-ai/nexushunter-ai/backend/internal/recon/subdomain.go:157.17,159.5 1 1
github.com/nexushunter-ai/nexushunter-ai/backend/internal/recon/subdomain.go:163.2,163.16 1 1
github.com/nexushunter-ai/nexushunter-ai/backend/internal/recon/types.go:29.36,36.2 1 0
github.com/nexushunter-ai/nexushunter-ai/backend/internal/recon/types.go:114.42,118.2 3 1
github.com/nexushunter-ai/nexushunter-ai/backend/internal/recon/types.go:121.40,125.2 3 1
github.com/nexushunter-ai/nexushunter-ai/backend/internal/recon/types.go:128.38,132.2 3 0
github.com/nexushunter-ai/nexushunter-ai/backend/internal/recon/types.go:135.46,139.2 3 0
github.com/nexushunter-ai/nexushunter-ai/backend/internal/recon/types.go:142.43,146.2 3 0
github.com/nexushunter-ai/nexushunter-ai/backend/internal/recon/types.go:149.38,153.2 3 1
github.com/nexushunter-ai/nexushunter-ai/backend/internal/recon/types.go:156.39,160.2 3 0
github.com/nexushunter-ai/nexushunter-ai/backend/internal/recon/types.go:163.108,167.2 3 1
github.com/nexushunter-ai/nexushunter-ai/backend/internal/recon/workers.go:18.58,19.14 1 1
github.com/nexushunter-ai/nexushunter-ai/backend/internal/recon/workers.go:19.14,21.3 1 0
github.com/nexushunter-ai/nexushunter-ai/backend/internal/recon/workers.go:22.2,22.16 1 1
github.com/nexushunter-ai/nexushunter-ai/backend/internal/recon/workers.go:22.16,24.3 1 0
github.com/nexushunter-ai/nexushunter-ai/backend/internal/recon/workers.go:26.2,34.29 3 1
github.com/nexushunter-ai/nexushunter-ai/backend/internal/recon/workers.go:34.29,36.3 1 1
github.com/nexushunter-ai/nexushunter-ai/backend/internal/recon/workers.go:38.2,38.12 1 1
github.com/nexushunter-ai/nexushunter-ai/backend/internal/recon/workers.go:38.12,39.7 1 1
github.com/nexushunter-ai/nexushunter-ai/backend/internal/recon/workers.go:39.7,40.11 1 1
github.com/nexushunter-ai/nexushunter-ai/backend/internal/recon/workers.go:41.23,42.12 1 1
github.com/nexushunter-ai/nexushunter-ai/backend/internal/recon/workers.go:43.34,43.34 0 0
github.com/nexushunter-ai/nexushunter-ai/backend/internal/recon/workers.go:44.13,44.13 0 1
github.com/nexushunter-ai/nexushunter-ai/backend/internal/recon/workers.go:46.19,47.11 1 1
github.com/nexushunter-ai/nexushunter-ai/backend/internal/recon/workers.go:52.2,52.11 1 1
github.com/nexushunter-ai/nexushunter-ai/backend/internal/recon/workers.go:56.56,57.9 1 1
github.com/nexushunter-ai/nexushunter-ai/backend/internal/recon/workers.go:58.20,59.19 1 0
github.com/nexushunter-ai/nexushunter-ai/backend/internal/recon/workers.go:60.19,61.13 1 1
github.com/nexushunter-ai/nexushunter-ai/backend/internal/recon/workers.go:66.31,67.20 1 1
github.com/nexushunter-ai/nexushunter-ai/backend/internal/recon/workers.go:67.20,70.3 2 1
github.com/nexushunter-ai/nexushunter-ai/backend/internal/recon/workers.go:82.92,83.22 1 1
github.com/nexushunter-ai/nexushunter-ai/backend/internal/recon/workers.go:83.22,85.3 1 0
github.com/nexushunter-ai/nexushunter-ai/backend/internal/recon/workers.go:86.2,86.21 1 1
github.com/nexushunter-ai/nexushunter-ai/backend/internal/recon/workers.go:86.21,88.3 1 0
github.com/nexushunter-ai/nexushunter-ai/backend/internal/recon/workers.go:89.2,93.3 1 1
github.com/nexushunter-ai/nexushunter-ai/backend/internal/recon/workers.go:97.95,98.37 1 1
github.com/nexushunter-ai/nexushunter-ai/backend/internal/recon/workers.go:98.37,100.13 2 1
github.com/nexushunter-ai/nexushunter-ai/backend/internal/recon/workers.go:100.13,102.8 2 1
github.com/nexushunter-ai/nexushunter-ai/backend/internal/recon/workers.go:102.8,103.12 1 1
github.com/nexushunter-ai/nexushunter-ai/backend/internal/recon/workers.go:104.23,105.12 1 0
github.com/nexushunter-ai/nexushunter-ai/backend/internal/recon/workers.go:106.35,107.13 1 1
github.com/nexushunter-ai/nexushunter-ai/backend/internal/recon/workers.go:107.13,109.7 1 1
github.com/nexushunter-ai/nexushunter-ai/backend/internal/recon/workers.go:110.6,110.30 1 1
github.com/nexushunter-ai/nexushunter-ai/backend/internal/recon/workers.go:110.30,111.53 1 1
github.com/nexushunter-ai/nexushunter-ai/backend/internal/recon/workers.go:111.53,113.8 1 0
github.com/nexushunter-ai/nexushunter-ai/backend/internal/recon/workers.go:115.6,115.24 1 1
github.com/nexushunter-ai/nexushunter-ai/backend/internal/recon/workers.go:123.66,124.9 1 1
github.com/nexushunter-ai/nexushunter-ai/backend/internal/recon/workers.go:125.20,126.15 1 0
github.com/nexushunter-ai/nexushunter-ai/backend/internal/recon/workers.go:127.26,128.14 1 1
github.com/nexushunter-ai/nexushunter-ai/backend/internal/recon/workers.go:133.33,136.2 2 1
